1,子,20486,1
2,儿,13794,1
3,人,12701,1
4,生,11423,1
5,一,11389,1
6,大,10866,1
7,天,10587,1
8,不,10473,1
9,学,9929,1
10,心,9355,1
11,发,8454,1
12,上,8367,1
13,好,8348,1
14,车,7820,1
15,行,7663,1
16,动,7638,1
17,气,7518,1
18,地,7472,1
19,意,7332,1
20,家,7266,1
21,面,7211,1
22,机,7033,1
23,小,6875,1
24,时,6806,1
25,会,6770,1
26,电,6604,1
27,开,6525,1
28,下,6498,1
29,出,6470,1
30,打,6278,1
31,中,6100,1
32,年,6090,1
33,来,6040,1
34,有,5931,1
35,公,5868,1
36,外,5857,1
37,然,5835,1
38,头,5711,1
39,得,5549,1
40,自,5532,1
41,理,5522,1
42,过,5497,1
43,口,5449,1
44,手,5405,1
45,分,5403,1
46,点,5390,1
47,名,5357,1
48,明,5347,1
49,边,5281,1
50,体,5215,1
51,可,5166,1
52,方,5156,1
53,期,5134,1
54,水,4975,1
55,力,4919,1
56,文,4888,1
57,是,4871,1
58,后,4857,1
59,老,4830,1
60,实,4768,1
61,感,4713,1
62,长,4711,1
63,定,4695,1
64,国,4686,1
65,色,4643,1
66,高,4639,1
67,情,4634,1
68,作,4633,1
69,工,4602,1
70,要,4536,1
71,球,4523,1
72,道,4511,1
73,事,4467,1
74,书,4449,1
75,对,4440,1
76,信,4412,1
77,话,4407,1
78,物,4386,1
79,经,4373,1
80,相,4370,1
81,重,4363,1
82,合,4339,1
83,成,4275,1
84,用,4272,1
85,包,4251,1
86,业,4215,1
87,花,4175,1
88,以,4168,1
89,风,4138,1
90,节,4111,1
91,语,4086,1
92,通,4076,1
93,场,4074,1
94,日,4063,1
95,起,4052,1
96,服,4043,1
97,教,4014,1
98,表,4012,1
99,游,3980,1
100,员,3980,1
101,同,3973,1
102,本,3970,1
103,在,3946,1
104,么,3933,1
105,多,3927,1
106,主,3922,1
107,法,3882,1
108,到,3791,1
109,照,3766,1
110,说,3732,1
111,当,3726,1
112,比,3724,1
113,前,3721,1
114,平,3704,1
115,间,3700,1
116,爱,3687,1
117,化,3673,1
118,正,3656,1
119,别,3651,1
120,报,3651,1
121,现,3637,1
122,星,3611,1
123,美,3559,1
124,交,3556,1
125,快,3554,1
126,饭,3552,1
127,路,3547,1
128,乐,3532,1
129,难,3519,1
130,品,3499,1
131,回,3491,1
132,音,3484,1
133,流,3428,1
134,果,3426,1
135,门,3423,1
136,客,3418,1
137,看,3399,1
138,菜,3396,1
139,常,3369,1
140,保,3342,1
141,热,3330,1
142,进,3320,1
143,身,3310,1
144,白,3304,1
145,为,3301,1
146,收,3294,1
147,见,3287,1
148,度,3258,1
149,想,3256,1
150,房,3256,1
151,的,3250,1
152,干,3238,1
153,单,3238,1
154,习,3195,1
155,新,3194,1
156,于,3167,1
157,样,3149,1
158,关,3126,1
159,放,3097,1
160,月,3096,1
161,西,3091,1
162,着,3090,1
163,代,3080,1
164,了,3075,1
165,特,3058,1
166,号,3036,1
167,空,2991,1
168,便,2986,1
169,光,2967,1
170,字,2963,1
171,病,2942,1
172,馆,2904,1
173,结,2898,1
174,衣,2891,1
175,运,2884,1
176,眼,2883,1
177,利,2880,1
178,安,2873,1
179,这,2872,1
180,里,2867,1
181,记,2867,1
182,能,2858,1
183,词,2855,1
184,性,2847,1
185,们,2830,1
186,和,2821,1
187,请,2821,1
188,问,2809,1
189,亲,2808,1
190,处,2798,1
191,课,2790,1
192,活,2789,1
193,提,2783,1
194,解,2769,1
195,听,2767,1
196,量,2763,1
197,真,2761,1
198,票,2752,1
199,师,2744,1
200,片,2737,1
201,观,2731,1
202,火,2724,1
203,女,2705,1
204,调,2698,1
205,民,2697,1
206,考,2657,1
207,传,2648,1
208,店,2627,1
209,视,2626,1
210,应,2602,1
211,去,2589,1
212,画,2584,1
213,假,2577,1
214,位,2562,1
215,望,2553,1
216,红,2544,1
217,影,2539,1
218,海,2538,1
219,反,2526,1
220,接,2518,1
221,酒,2516,1
222,那,2488,1
223,务,2486,1
224,告,2483,1
225,差,2483,1
226,商,2465,1
227,台,2459,1
228,加,2451,1
229,清,2443,1
230,制,2428,1
231,先,2425,1
232,院,2423,1
233,吃,2421,1
234,晚,2415,1
235,钱,2403,1
236,马,2396,1
237,数,2387,1
238,试,2381,1
239,精,2378,1
240,装,2376,1
241,太,2358,1
242,部,2358,1
243,受,2352,1
244,演,2341,1
245,市,2336,1
246,费,2330,1
247,金,2327,1
248,计,2324,1
249,个,2319,1
250,从,2317,1
251,神,2317,1
252,近,2313,1
253,办,2312,1
254,室,2312,1
255,算,2304,1
256,毛,2296,1
257,步,2295,1
258,证,2290,1
259,全,2287,1
260,目,2284,1
261,无,2274,1
262,带,2267,1
263,茶,2267,1
264,早,2264,1
265,历,2261,1
266,原,2260,1
267,食,2258,1
268,准,2255,1
269,觉,2252,1
270,餐,2241,1
271,班,2237,1
272,如,2235,1
273,礼,2232,1
274,象,2228,1
275,失,2227,1
276,少,2205,1
277,味,2201,1
278,网,2185,1
279,还,2178,1
280,价,2171,1
281,认,2164,1
282,笔,2164,1
283,旅,2157,1
284,兴,2150,1
285,午,2150,1
286,入,2149,1
287,知,2146,1
288,建,2143,1
289,直,2131,1
290,排,2116,1
291,导,2113,1
292,所,2108,1
293,料,2099,1
294,药,2081,1
295,预,2052,1
296,容,2045,1
297,条,2043,1
298,念,2039,1
299,留,2037,1
300,产,2028,1
301,友,2025,1
302,件,2025,1
303,山,2014,1
304,哪,2005,1
305,东,2002,1
306,笑,2001,1
307,格,1997,1
308,等,1988,1
309,古,1987,1
310,图,1986,1
311,复,1985,1
312,园,1981,1
313,养,1981,1
314,站,1976,1
315,住,1968,1
316,取,1964,1
317,十,1962,1
318,姐,1961,1
319,息,1955,1
320,医,1942,1
321,温,1940,1
322,最,1938,1
323,声,1938,1
324,转,1937,1
325,识,1927,1
326,只,1915,1
327,系,1911,1
328,候,1905,1
329,欢,1903,1
330,消,1903,1
331,总,1899,1
332,者,1897,1
333,喜,1891,1
334,景,1889,1
335,区,1887,1
336,资,1876,1
337,内,1871,1
338,立,1871,1
339,科,1855,1
340,管,1853,1
341,足,1850,1
342,夫,1846,1
343,向,1840,1
344,剧,1828,1
345,飞,1825,1
346,式,1823,1
347,修,1820,1
348,论,1818,1
349,张,1817,1
350,护,1816,1
351,领,1813,1
352,强,1811,1
353,展,1806,1
354,急,1804,1
355,就,1803,1
356,往,1797,1
357,香,1789,1
358,思,1784,1
359,专,1779,1
360,指,1778,1
361,奶,1776,1
362,像,1770,1
363,谢,1769,1
364,洗,1761,1
365,苦,1760,1
366,约,1758,1
367,满,1751,1
368,邮,1746,1
369,共,1744,1
370,贵,1738,1
371,其,1729,1
372,轻,1729,1
373,鱼,1726,1
374,随,1725,1
375,忙,1723,1
376,质,1719,1
377,标,1710,1
378,刻,1707,1
379,典,1702,1
380,油,1701,1
381,次,1693,1
382,规,1693,1
383,元,1692,1
384,离,1689,1
385,术,1688,1
386,推,1683,1
387,周,1681,1
388,肉,1678,1
389,今,1677,1
390,种,1674,1
391,远,1669,1
392,求,1667,1
393,落,1667,1
394,功,1665,1
395,器,1658,1
396,倒,1657,1
397,程,1638,1
398,布,1636,1
399,奇,1635,1
400,联,1631,1
401,牛,1629,1
402,害,1627,1
403,育,1627,1
404,顺,1626,1
405,亮,1616,1
406,称,1616,1
407,玩,1615,1
408,再,1609,1
409,雨,1607,1
410,错,1603,1
411,讲,1603,1
412,深,1601,1
413,形,1597,1
414,冷,1596,1
415,弟,1594,1
416,迷,1594,1
417,参,1585,1
418,楼,1585,1
419,统,1585,1
420,具,1585,1
421,广,1578,1
422,歌,1576,1
423,整,1574,1
424,局,1573,1
425,题,1570,1
426,任,1569,1
427,做,1568,1
428,冰,1565,1
429,麻,1561,1
430,三,1561,1
431,米,1555,1
432,士,1553,1
433,改,1553,1
434,妈,1552,1
435,线,1552,1
436,练,1546,1
437,他,1542,1
438,祝,1542,1
439,婚,1541,1
440,才,1538,1
441,变,1538,1
442,设,1533,1
443,走,1530,1
444,写,1529,1
445,究,1525,1
446,休,1524,1
447,议,1515,1
448,续,1513,1
449,哥,1508,1
450,没,1508,1
451,汉,1507,1
452,命,1506,1
453,二,1504,1
454,司,1498,1
455,造,1497,1
456,决,1495,1
457,待,1493,1
458,使,1489,1
459,极,1488,1
460,我,1483,1
461,赛,1478,1
462,烦,1478,1
463,厅,1468,1
464,持,1468,1
465,半,1467,1
466,怪,1466,1
467,脑,1460,1
468,录,1457,1
469,选,1454,1
470,简,1453,1
471,集,1451,1
472,连,1449,1
473,堂,1448,1
474,呼,1447,1
475,世,1447,1
476,备,1446,1
477,春,1445,1
478,舞,1444,1
479,北,1443,1
480,黄,1440,1
481,牌,1440,1
482,妹,1436,1
483,皮,1436,1
484,查,1435,1
485,示,1434,1
486,纸,1429,1
487,母,1429,1
488,四,1425,1
489,适,1418,1
490,职,1416,1
491,怎,1414,1
492,款,1412,1
493,存,1411,1
494,树,1407,1
495,义,1407,1
496,完,1405,1
497,愿,1404,1
498,紧,1402,1
499,验,1402,1
500,草,1400,1
501,因,1399,1
502,万,1393,1
503,卡,1390,1
504,而,1383,1
505,切,1382,1
506,夜,1373,1
507,南,1371,1
508,送,1369,1
509,助,1369,1
510,细,1368,1
511,什,1365,1
512,支,1363,1
513,校,1362,1
514,帮,1360,1
515,故,1360,1
516,言,1356,1
517,确,1354,1
518,灯,1352,1
519,举,1350,1
520,招,1350,1
521,汽,1349,1
522,担,1344,1
523,首,1344,1
524,爸,1343,1
525,严,1339,1
526,除,1339,1
527,非,1334,1
528,伤,1334,1
529,优,1330,1
530,姓,1329,1
531,座,1328,1
532,居,1327,1
533,彩,1321,1
534,注,1320,1
535,惊,1316,1
536,都,1310,1
537,独,1309,1
538,健,1308,1
539,鸡,1307,1
540,纪,1306,1
541,至,1304,1
542,城,1300,1
543,叫,1299,1
544,幸,1299,1
545,治,1299,1
546,绿,1297,1
547,据,1295,1
548,角,1294,1
549,激,1294,1
550,给,1292,1
551,福,1292,1
552,把,1289,1
553,谈,1289,1
554,货,1287,1
555,钟,1287,1
556,争,1286,1
557,刚,1283,1
558,英,1281,1
559,爷,1277,1
560,怕,1277,1
561,右,1272,1
562,黑,1270,1
563,折,1266,1
564,达,1266,1
565,由,1265,1
566,几,1257,1
567,境,1255,1
568,你,1253,1
569,绝,1253,1
570,百,1238,1
571,蛋,1237,1
572,静,1235,1
573,短,1233,1
574,团,1232,1
575,破,1230,1
576,杂,1226,1
577,拉,1226,1
578,易,1221,1
579,志,1221,1
580,租,1221,1
581,雪,1216,1
582,负,1215,1
583,富,1212,1
584,围,1211,1
585,左,1209,1
586,队,1209,1
587,背,1202,1
588,密,1201,1
589,致,1200,1
590,险,1193,1
591,码,1192,1
592,退,1192,1
593,级,1190,1
594,临,1189,1
595,素,1189,1
596,烟,1187,1
597,营,1184,1
598,冒,1181,1
599,划,1181,1
600,鲜,1179,1
601,凉,1178,1
602,盘,1173,1
603,遗,1171,1
604,朋,1166,1
605,俗,1163,1
606,趣,1161,1
607,型,1160,1
608,零,1158,1
609,板,1158,1
610,五,1157,1
611,答,1156,1
612,卖,1155,1
613,断,1155,1
614,换,1154,1
615,床,1150,1
616,顾,1148,1
617,沉,1143,1
618,及,1142,1
619,览,1141,1
620,根,1140,1
621,响,1139,1
622,超,1139,1
623,尽,1139,1
624,鞋,1137,1
625,赶,1137,1
626,环,1132,1
627,吸,1131,1
628,率,1131,1
629,农,1130,1
630,铁,1127,1
631,压,1126,1
632,睡,1124,1
633,架,1123,1
634,久,1121,1
635,找,1119,1
636,按,1119,1
637,也,1117,1
638,跑,1117,1
639,艺,1116,1
640,青,1114,1
641,引,1111,1
642,华,1111,1
643,跟,1110,1
644,户,1110,1
645,售,1105,1
646,翻,1102,1
647,买,1099,1
648,战,1099,1
649,吧,1098,1
650,些,1098,1
651,该,1097,1
652,积,1096,1
653,政,1096,1
654,套,1094,1
655,奖,1093,1
656,印,1087,1
657,岁,1086,1
658,销,1086,1
659,必,1085,1
660,松,1084,1
661,孩,1083,1
662,效,1083,1
663,显,1083,1
664,烧,1075,1
665,评,1069,1
666,终,1067,1
667,熟,1067,1
668,军,1066,1
669,坐,1065,1
670,警,1065,1
671,误,1062,1
672,许,1062,1
673,善,1062,1
674,石,1062,1
675,闹,1059,1
676,季,1059,1
677,技,1059,1
678,箱,1059,1
679,圆,1056,1
680,初,1053,1
681,父,1051,1
682,势,1051,1
683,免,1050,1
684,块,1049,1
685,托,1047,1
686,跳,1045,1
687,土,1043,1
688,杯,1042,1
689,戏,1041,1
690,始,1037,1
691,将,1037,1
692,疼,1036,1
693,拜,1032,1
694,界,1030,1
695,聚,1030,1
696,借,1027,1
697,喝,1026,1
698,律,1026,1
699,瓜,1024,1
700,双,1023,1
701,底,1023,1
702,巧,1023,1
703,挂,1020,1
704,男,1019,1
705,社,1019,1
706,让,1015,1
707,补,1014,1
708,源,1011,1
709,研,1008,1
710,停,1007,1
711,牙,1005,1
712,劳,1003,1
713,沙,1002,1
714,冲,1001,1
715,普,1000,1
716,唱,998,1
717,配,997,1
718,克,996,1
719,介,995,1
720,播,994,1
721,两,993,1
722,此,993,1
723,模,990,1
724,街,988,1
725,创,984,1
726,读,983,1
727,阳,976,1
728,脸,976,1
729,暖,974,1
730,敬,973,1
731,惯,972,1
732,诉,970,1
733,责,968,1
734,类,968,1
735,值,967,1
736,银,965,1
737,投,964,1
738,散,963,1
739,豆,963,1
740,权,963,1
741,订,962,1
742,木,961,1
743,较,960,1
744,征,960,1
745,封,960,1
746,基,960,1
747,际,959,1
748,承,959,1
749,泳,957,1
750,但,956,1
751,船,956,1
752,惜,954,1
753,滑,953,1
754,概,950,1
755,血,945,1
756,忘,944,1
757,登,943,1
758,坏,941,1
759,尝,940,1
760,染,940,1
761,窗,938,1
762,穿,937,1
763,卫,936,1
764,充,935,1
765,察,933,1
766,态,933,1
767,龙,932,1
768,迹,929,1
769,舒,928,1
770,偏,927,1
771,拿,926,1
772,博,925,1
773,困,922,1
774,镜,920,1
775,采,919,1
776,六,913,1
777,恶,913,1
778,灵,913,1
779,签,912,1
780,挑,907,1
781,累,903,1
782,秋,903,1
783,止,902,1
784,付,901,1
785,操,899,1
786,增,899,1
787,醒,897,1
788,赏,894,1
789,曲,894,1
790,糕,892,1
791,秘,892,1
792,千,889,1
793,咖,886,1
794,访,886,1
795,宽,885,1
796,救,884,1
797,糖,878,1
798,硬,878,1
799,依,878,1
800,末,875,2
801,死,875,2
802,微,875,2
803,属,868,2
804,币,867,2
805,漂,866,2
806,辣,866,2
807,饮,866,2
808,乎,865,2
809,航,863,2
810,丝,861,2
811,繁,861,2
812,淡,860,2
813,宜,857,2
814,缺,854,2
815,族,852,2
816,防,851,2
817,迎,850,2
818,低,850,2
819,痛,850,2
820,胜,850,2
821,突,849,2
822,盛,847,2
823,被,845,2
824,速,843,2
825,坚,840,2
826,已,839,2
827,舍,835,2
828,遇,834,2
829,啡,831,2
830,慢,831,2
831,束,831,2
832,层,831,2
833,轮,829,2
834,冬,828,2
835,抱,827,2
836,贴,826,2
837,何,826,2
838,宝,826,2
839,浪,825,2
840,减,825,2
841,途,824,2
842,八,823,2
843,野,823,2
844,更,822,2
845,材,821,2
846,默,820,2
847,桌,819,2
848,卷,819,2
849,获,818,2
850,巴,815,2
851,端,814,2
852,追,813,2
853,余,812,2
854,附,811,2
855,官,811,2
856,她,810,2
857,虚,810,2
858,瓶,809,2
859,娘,809,2
860,测,808,2
861,林,807,2
862,限,807,2
863,况,803,2
864,乡,803,2
865,妇,802,2
866,很,801,2
867,讨,800,2
868,置,800,2
869,猫,797,2
870,闻,796,2
871,伴,796,2
872,尊,795,2
873,阴,795,2
874,胡,791,2
875,恐,789,2
876,赞,789,2
877,检,785,2
878,梦,784,2
879,疑,784,2
880,酸,783,2
881,丰,780,2
882,够,778,2
883,击,776,2
884,遍,774,2
885,份,774,2
886,省,773,2
887,净,772,2
888,漫,771,2
889,固,771,2
890,怀,771,2
891,需,769,2
892,批,767,2
893,露,766,2
894,夏,765,2
895,肥,765,2
896,毒,765,2
897,恋,764,2
898,针,764,2
899,聊,764,2
900,耳,763,2
901,之,763,2
902,且,762,2
903,裤,761,2
904,闲,759,2
905,烤,757,2
906,汤,754,2
907,陪,753,2
908,编,753,2
909,案,753,2
910,训,751,2
911,互,750,2
912,偷,748,2
913,寒,746,2
914,协,746,2
915,软,744,2
916,例,743,2
917,希,742,2
918,毕,742,2
919,则,742,2
920,享,741,2
921,宿,740,2
922,珍,740,2
923,抽,740,2
924,范,739,2
925,呢,738,2
926,蓝,738,2
927,组,738,2
928,每,737,2
929,河,737,2
930,靠,736,2
931,吗,735,2
932,洋,734,2
933,益,730,2
934,寄,727,2
935,甜,726,2
936,良,724,2
937,饼,724,2
938,卧,722,2
939,旁,719,2
940,鼓,719,2
941,乱,717,2
942,屋,717,2
943,羊,716,2
944,尚,715,2
945,守,714,2
946,升,714,2
947,盖,713,2
948,棒,711,2
949,汇,710,2
950,私,707,2
951,藏,703,2
952,丽,701,2
953,刺,701,2
954,替,699,2
955,众,699,2
956,挤,696,2
957,即,696,2
958,含,695,2
959,各,694,2
960,绍,693,2
961,篮,693,2
962,姑,693,2
963,祖,693,2
964,异,693,2
965,叶,693,2
966,派,690,2
967,婆,690,2
968,迟,689,2
969,叔,688,2
970,脱,687,2
971,脚,685,2
972,摆,684,2
973,诚,684,2
974,施,682,2
975,列,682,2
976,伙,681,2
977,谁,680,2
978,炒,679,2
979,拐,678,2
980,顶,678,2
981,康,675,2
982,购,675,2
983,庆,674,2
984,柜,674,2
985,弱,673,2
986,肯,672,2
987,危,671,2
988,维,671,2
989,京,670,2
990,厚,670,2
991,透,670,2
992,威,669,2
993,旧,668,2
994,拍,668,2
995,探,667,2
996,索,667,2
997,智,666,2
998,略,664,2
999,译,662,2
1000,址,661,2
1001,史,659,2
1002,降,659,2
1003,济,658,2
1004,鸭,658,2
1005,烈,657,2
1006,或,656,2
1007,钢,655,2
1008,糊,655,2
1009,铺,654,2
1010,般,653,2
1011,越,653,2
1012,懂,652,2
1013,壮,651,2
1014,摄,650,2
1015,委,649,2
1016,另,648,2
1017,斤,647,2
1018,拳,643,2
1019,扫,643,2
1020,项,643,2
1021,辈,642,2
1022,输,641,2
1023,嘴,640,2
1024,德,640,2
1025,九,639,2
1026,竟,639,2
1027,潮,639,2
1028,聘,635,2
1029,碗,634,2
1030,昨,633,2
1031,隐,633,2
1032,纯,633,2
1033,粉,633,2
1034,第,631,2
1035,继,630,2
1036,偶,629,2
1037,虎,629,2
1038,献,628,2
1039,磨,627,2
1040,拥,626,2
1041,腐,626,2
1042,奋,624,2
1043,啊,623,2
1044,掌,622,2
1045,喂,620,2
1046,骑,620,2
1047,又,620,2
1048,炼,620,2
1049,杀,620,2
1050,七,618,2
1051,似,618,2
1052,延,618,2
1053,饺,616,2
1054,灰,616,2
1055,贺,615,2
1056,挺,614,2
1057,袋,613,2
1058,云,612,2
1059,己,611,2
1060,虑,611,2
1061,财,611,2
1062,著,610,2
1063,颜,609,2
1064,句,608,2
1065,暗,606,2
1066,脏,605,2
1067,供,605,2
1068,闷,605,2
1069,织,603,2
1070,耐,603,2
1071,武,603,2
1072,摇,603,2
1073,骨,602,2
1074,啤,601,2
1075,弄,601,2
1076,乘,601,2
1077,并,600,2
1078,劲,600,2
1079,占,598,2
1080,圣,598,2
1081,鸟,597,2
1082,李,595,2
1083,朝,595,2
1084,您,594,2
1085,胖,594,2
1086,墙,594,2
1087,辛,593,2
1088,王,593,2
1089,避,592,2
1090,巾,592,2
1091,饰,591,2
1092,构,591,2
1093,肚,590,2
1094,状,590,2
1095,段,589,2
1096,未,588,2
1097,判,588,2
1098,顿,587,2
1099,狗,586,2
1100,均,584,2
1101,射,584,2
1102,吉,583,2
1103,脆,582,2
1104,隔,582,2
1105,晴,579,2
1106,融,579,2
1107,悲,579,2
1108,犯,578,2
1109,厨,577,2
1110,伯,577,2
1111,忽,576,2
1112,宫,575,2
1113,缩,574,2
1114,污,573,2
1115,禁,573,2
1116,琴,571,2
1117,丢,570,2
1118,孤,570,2
1119,厉,569,2
1120,斗,566,2
1121,帽,563,2
1122,吹,563,2
1123,吵,563,2
1124,粗,563,2
1125,敢,561,2
1126,纷,560,2
1127,饿,558,2
1128,湿,557,2
1129,苹,554,2
1130,梯,554,2
1131,握,554,2
1132,壁,554,2
1133,亏,554,2
1134,欣,553,2
1135,猜,553,2
1136,竞,553,2
1137,摩,552,2
1138,瘦,551,2
1139,村,551,2
1140,渐,550,2
1141,载,550,2
1142,残,550,2
1143,账,548,2
1144,序,548,2
1145,股,548,2
1146,龄,547,2
1147,奏,547,2
1148,诗,546,2
1149,勤,546,2
1150,腿,545,2
1151,促,545,2
1152,刀,545,2
1153,缘,545,2
1154,额,545,2
1155,凭,544,2
1156,废,544,2
1157,申,543,2
1158,爬,541,2
1159,培,541,2
1160,辞,541,2
1161,版,540,2
1162,幅,539,2
1163,恼,539,2
1164,呀,539,2
1165,弹,538,2
1166,貌,537,2
1167,怨,537,2
1168,夸,536,2
1169,策,536,2
1170,启,536,2
1171,章,535,2
1172,荣,535,2
1173,令,535,2
1174,败,534,2
1175,咳,533,2
1176,损,532,2
1177,哈,532,2
1178,掉,530,2
1179,堵,529,2
1180,洁,529,2
1181,诊,529,2
1182,楚,528,2
1183,熊,527,2
1184,移,527,2
1185,刮,526,2
1186,汁,526,2
1187,递,526,2
1188,炎,526,2
1189,椅,525,2
1190,呆,525,2
1191,奔,525,2
1192,哎,524,2
1193,暴,523,2
1194,糟,522,2
1195,仔,521,2
1196,衬,521,2
1197,鼻,520,2
1198,扰,520,2
1199,执,518,2
1200,幕,515,2
1201,衫,513,2
1202,裙,511,2
1203,悠,511,2
1204,慕,510,2
1205,弃,510,2
1206,盒,510,2
1207,副,509,2
1208,填,508,2
1209,咱,507,2
1210,逛,507,2
1211,灾,507,2
1212,授,506,2
1213,归,506,2
1214,拼,504,2
1215,筑,503,2
1216,歉,502,2
1217,阅,501,2
1218,疗,500,2
1219,群,500,2
1220,监,500,2
1221,纳,500,2
1222,齐,499,2
1223,桥,499,2
1224,池,499,2
1225,暑,498,2
1226,郊,498,2
1227,雅,497,2
1228,刷,496,2
1229,桃,495,2
1230,邀,494,2
1231,妻,494,2
1232,劝,494,2
1233,伞,494,2
1234,植,493,2
1235,憾,491,2
1236,罪,491,2
1237,葡,490,2
1238,寿,490,2
1239,庭,489,2
1240,罚,488,2
1241,拔,487,2
1242,扬,487,2
1243,它,486,2
1244,萄,486,2
1245,励,486,2
1246,贸,486,2
1247,灭,486,2
1248,否,485,2
1249,剪,485,2
1250,孙,485,2
1251,忍,485,2
1252,波,484,2
1253,绩,483,2
1254,豪,483,2
1255,频,483,2
1256,踢,482,2
1257,革,482,2
1258,薄,482,2
1259,搬,481,2
1260,尾,481,2
1261,诞,480,2
1262,释,479,2
1263,衡,478,2
1264,缓,476,2
1265,稳,473,2
1266,圈,472,2
1267,赢,471,2
1268,悄,471,2
1269,锅,470,2
1270,拖,470,2
1271,锻,469,2
1272,厂,468,2
1273,匙,467,2
1274,沟,467,2
1275,触,467,2
1276,姨,466,2
1277,抗,466,2
1278,泡,465,2
1279,倾,465,2
1280,虽,464,2
1281,滋,464,2
1282,邻,463,2
1283,珠,463,2
1284,抵,463,2
1285,兵,463,2
1286,宣,462,2
1287,虫,459,2
1288,忆,458,2
1289,籍,458,2
1290,惑,457,2
1291,酱,457,2
1292,秀,456,2
1293,震,455,2
1294,愉,454,2
1295,朵,453,2
1296,饱,453,2
1297,驾,453,2
1298,竹,453,2
1299,抢,452,2
1300,碰,451,2
1301,荡,451,2
1302,嗽,450,2
1303,厌,450,2
1304,审,450,2
1305,甚,449,2
1306,雄,449,2
1307,睛,448,2
1308,择,448,2
1309,伟,448,2
1310,埋,448,2
1311,胃,448,2
1312,涉,448,2
1313,询,447,2
1314,稍,446,2
1315,控,446,2
1316,悉,444,2
1317,醉,444,2
1318,渴,443,2
1319,腾,443,2
1320,懒,442,2
1321,症,442,2
1322,述,442,2
1323,柔,441,2
1324,裁,441,2
1325,朗,440,2
1326,陆,440,2
1327,钥,437,2
1328,笼,437,2
1329,混,437,2
1330,席,437,2
1331,映,436,2
1332,与,436,2
1333,爆,436,2
1334,永,435,2
1335,炸,432,2
1336,闪,432,2
1337,障,431,2
1338,寻,431,2
1339,慰,430,2
1340,泉,430,2
1341,幽,429,2
1342,努,428,2
1343,络,427,2
1344,崇,426,2
1345,域,426,2
1346,田,426,2
1347,羡,425,2
1348,晨,425,2
1349,仿,425,2
1350,锁,424,2
1351,敏,424,2
1352,穷,424,2
1353,闭,424,2
1354,拾,422,2
1355,挣,422,2
1356,抓,422,2
1357,弯,422,2
1358,沿,422,2
1359,嗓,421,2
1360,旗,420,2
1361,企,420,2
1362,皇,419,2
1363,叹,419,2
1364,宾,418,2
1365,润,417,2
1366,鼠,417,2
1367,阔,417,2
1368,聪,416,2
1369,撞,415,2
1370,摸,415,2
1371,骗,415,2
1372,稀,415,2
1373,扮,414,2
1374,贫,414,2
1375,辆,413,2
1376,添,413,2
1377,挥,411,2
1378,夹,410,2
1379,惠,410,2
1380,阿,409,2
1381,雕,409,2
1382,疾,408,2
1383,匆,408,2
1384,摊,408,2
1385,氛,406,2
1386,戴,405,2
1387,猪,405,2
1388,蕉,404,2
1389,横,404,2
1390,姥,403,2
1391,蒙,403,2
1392,枝,402,2
1393,凡,401,2
1394,峰,401,2
1395,尺,400,2
1396,逐,398,2
1397,浓,398,2
1398,忧,397,2
1399,镇,397,2
1400,誉,396,2
1401,尘,396,2
1402,尔,394,2
1403,舅,394,2
1404,扎,394,2
1405,腰,393,2
1406,摔,391,2
1407,蓄,391,2
1408,须,390,2
1409,帝,390,2
1410,仅,390,2
1411,祥,390,2
1412,坦,389,2
1413,童,388,2
1414,荒,388,2
1415,吐,387,2
1416,逃,386,2
1417,宗,385,2
1418,洞,385,2
1419,核,385,2
1420,辅,384,2
1421,仪,384,2
1422,铅,383,2
1423,乌,383,2
1424,郁,383,2
1425,裹,382,2
1426,佛,382,2
1427,搭,382,2
1428,曾,381,2
1429,敲,380,2
1430,迫,380,2
1431,朴,377,2
1432,湖,376,2
1433,幼,376,2
1434,妆,375,2
1435,寓,374,2
1436,碍,374,2
1437,棋,374,2
1438,哭,373,2
1439,距,373,2
1440,仰,373,2
1441,妙,373,2
1442,泥,373,2
1443,孝,371,2
1444,寂,370,2
1445,丈,370,2
1446,却,369,2
1447,谅,368,2
1448,键,367,2
1449,佩,367,2
1450,旦,367,2
1451,巨,367,2
1452,塞,367,2
1453,尖,367,2
1454,庄,367,2
1455,径,366,2
1456,焦,366,2
1457,潜,364,2
1458,玉,364,2
1459,浮,364,2
1460,浅,363,2
1461,椒,362,2
1462,赖,362,2
1463,畅,361,2
1464,陷,361,2
1465,炉,361,2
1466,阶,360,2
1467,戒,360,2
1468,扣,360,2
1469,碎,359,2
1470,铃,359,2
1471,紫,359,2
1472,攻,359,2
1473,侵,358,2
1474,腻,357,2
1475,猴,356,2
1476,乏,356,2
1477,疲,356,2
1478,蔬,354,2
1479,暂,354,2
1480,狂,354,2
1481,咸,352,2
1482,谦,352,2
1483,媒,352,2
1484,插,352,2
1485,跃,352,2
1486,庙,351,2
1487,塑,351,2
1488,阻,351,2
1489,犹,349,2
1490,忌,349,2
1491,储,349,2
1492,筷,348,2
1493,趟,347,2
1494,壶,347,2
1495,勇,347,2
1496,违,347,2
1497,浴,347,2
1498,既,346,2
1499,飘,346,2
1500,绕,346,2
1501,擦,345,2
1502,涂,345,2
1503,扇,345,2
1504,谐,344,2
1505,悔,343,2
1506,烂,343,2
1507,羽,343,2
1508,鬼,343,2
1509,盲,342,2
1510,鉴,341,2
1511,耽,340,2
1512,萝,340,2
1513,眠,338,2
1514,溜,338,2
1515,府,337,2
1516,宁,337,2
1517,猛,337,2
1518,迁,336,2
1519,伸,335,2
1520,漠,335,2
1521,雷,335,2
1522,澡,334,2
1523,怜,334,2
1524,诱,334,2
1525,谋,334,2
1526,谱,334,2
1527,帅,333,2
1528,谊,333,2
1529,淋,333,2
1530,苗,332,2
1531,霉,331,2
1532,描,331,2
1533,册,331,2
1534,傅,330,2
1535,括,330,2
1536,汗,330,2
1537,胶,330,2
1538,遭,329,2
1539,恰,329,2
1540,税,329,2
1541,盆,327,2
1542,矿,326,2
1543,冠,326,2
1544,厕,325,2
1545,淘,325,2
1546,扭,325,2
1547,捐,325,2
1548,仙,325,2
1549,宴,324,2
1550,档,324,2
1551,丧,323,2
1552,荐,322,2
1553,估,322,2
1554,醋,322,2
1555,岸,322,2
1556,予,322,2
1557,傲,321,2
1558,吓,321,2
1559,夕,321,2
1560,昏,321,2
1561,矮,320,2
1562,嫁,320,2
1563,耗,320,2
1564,凑,320,2
1565,酷,320,2
1566,嘛,319,2
1567,烫,319,2
1568,笨,319,2
1569,兄,319,2
1570,徒,319,2
1571,牢,318,2
1572,辑,317,2
1573,乓,316,2
1574,傻,316,2
1575,窝,316,2
1576,详,315,2
1577,符,315,2
1578,胆,315,2
1579,橘,314,2
1580,虾,314,2
1581,恭,314,2
1582,若,314,2
1583,戚,313,2
1584,屈,313,2
1585,肩,313,2
1586,蜜,313,2
1587,丁,313,2
1588,赚,312,2
1589,甲,311,2
1590,燥,308,2
1591,拨,308,2
1592,袍,306,2
1593,绘,306,2
1594,磁,306,2
1595,讯,306,2
1596,陶,306,2
1597,缝,306,2
1598,隆,306,2
1599,扑,306,2
1600,扩,306,2
1601,躺,304,2
1602,炮,304,2
1603,膀,304,2
1604,阵,304,2
1605,页,303,3
1606,遵,303,3
1607,乒,302,3
1608,胸,302,3
1609,趋,301,3
1610,凝,301,3
1611,仍,300,3
1612,鞭,299,3
1613,骂,299,3
1614,泼,299,3
1615,亡,299,3
1616,肠,299,3
1617,赔,298,3
1618,剩,298,3
1619,库,298,3
1620,盾,297,3
1621,堆,297,3
1622,扶,297,3
1623,幻,297,3
1624,肤,296,3
1625,拆,296,3
1626,吻,296,3
1627,谓,296,3
1628,江,296,3
1629,泛,295,3
1630,娱,294,3
1631,踏,294,3
1632,牵,294,3
1633,偿,292,3
1634,奉,292,3
1635,贡,291,3
1636,链,291,3
1637,苍,291,3
1638,滚,291,3
1639,篇,289,3
1640,盼,289,3
1641,郎,288,3
1642,喊,288,3
1643,嫌,288,3
1644,患,288,3
1645,疏,287,3
1646,衷,286,3
1647,艰,286,3
1648,墨,286,3
1649,恨,286,3
1650,慌,284,3
1651,兑,283,3
1652,兔,283,3
1653,欠,283,3
1654,娃,283,3
1655,豫,282,3
1656,贝,282,3
1657,愧,282,3
1658,叉,282,3
1659,轨,282,3
1660,驶,282,3
1661,毫,281,3
1662,柿,280,3
1663,粮,280,3
1664,岛,280,3
1665,寞,279,3
1666,悬,279,3
1667,趁,277,3
1668,愤,277,3
1669,裂,277,3
1670,贷,276,3
1671,茫,276,3
1672,倡,275,3
1673,串,274,3
1674,葱,274,3
1675,宵,273,3
1676,奥,273,3
1677,旋,273,3
1678,摘,271,3
1679,矛,270,3
1680,冻,270,3
1681,艳,270,3
1682,洒,270,3
1683,丑,270,3
1684,凶,270,3
1685,愁,269,3
1686,灌,269,3
1687,悟,269,3
1688,俩,268,3
1689,抬,268,3
1690,蛇,267,3
1691,慨,267,3
1692,番,267,3
1693,慈,267,3
1694,墓,267,3
1695,尤,266,3
1696,梨,266,3
1697,姿,266,3
1698,爽,266,3
1699,返,266,3
1700,液,266,3
1701,辩,266,3
1702,宠,265,3
1703,眉,265,3
1704,毁,265,3
1705,涨,264,3
1706,狠,264,3
1707,衰,264,3
1708,谷,264,3
1709,稿,264,3
1710,唯,263,3
1711,抑,263,3
1712,岗,263,3
1713,贪,263,3
1714,捕,263,3
1715,寺,261,3
1716,慎,260,3
1717,蒸,260,3
1718,筒,260,3
1719,晒,259,3
1720,蜡,259,3
1721,遥,259,3
1722,箭,259,3
1723,扔,258,3
1724,森,258,3
1725,脉,258,3
1726,猎,258,3
1727,绵,258,3
1728,搞,257,3
1729,夺,257,3
1730,倍,256,3
1731,躲,256,3
1732,寸,256,3
1733,攀,256,3
1734,祭,256,3
1735,贩,256,3
1736,圾,254,3
1737,妨,254,3
1738,亿,253,3
1739,毯,253,3
1740,劣,253,3
1741,袜,252,3
1742,骄,252,3
1743,绸,252,3
1744,垃,252,3
1745,诺,252,3
1746,卜,252,3
1747,旺,252,3
1748,忠,252,3
1749,麦,252,3
1750,哦,250,3
1751,羞,250,3
1752,孔,250,3
1753,贯,250,3
1754,泪,249,3
1755,癌,249,3
1756,欺,249,3
1757,橙,249,3
1758,怒,249,3
1759,抖,249,3
1760,井,249,3
1761,喷,249,3
1762,嘱,248,3
1763,酬,248,3
1764,跨,248,3
1765,坛,248,3
1766,晶,248,3
1767,梳,247,3
1768,栏,247,3
1769,喻,246,3
1770,殊,246,3
1771,逗,246,3
1772,挖,246,3
1773,歧,246,3
1774,煮,245,3
1775,挡,245,3
1776,泄,245,3
1777,刊,245,3
1778,柱,244,3
1779,敌,244,3
1780,瘾,244,3
1781,孕,244,3
1782,钻,243,3
1783,瞧,242,3
1784,涵,242,3
1785,窄,241,3
1786,涌,241,3
1787,塔,241,3
1788,耀,241,3
1789,髦,240,3
1790,馅,240,3
1791,熬,240,3
1792,晃,240,3
1793,咬,239,3
1794,晕,239,3
1795,皱,239,3
1796,纹,239,3
1797,氧,239,3
1798,盐,238,3
1799,斥,238,3
1800,铜,238,3
1801,陌,237,3
1802,撑,237,3
1803,雾,237,3
1804,逼,237,3
1805,唐,236,3
1806,瑰,235,3
1807,祸,235,3
1808,媳,235,3
1809,哲,234,3
1810,愣,233,3
1811,催,233,3
1812,榜,233,3
1813,抚,233,3
1814,绣,233,3
1815,截,233,3
1816,棉,233,3
1817,勉,232,3
1818,剂,232,3
1819,瓷,231,3
1820,措,230,3
1821,棍,230,3
1822,踪,230,3
1823,嫩,229,3
1824,堡,229,3
1825,宇,229,3
1826,亚,229,3
1827,啦,228,3
1828,臭,228,3
1829,旬,228,3
1830,佳,227,3
1831,奢,226,3
1832,旱,226,3
1833,拟,226,3
1834,揭,226,3
1835,馒,225,3
1836,赋,225,3
1837,押,225,3
1838,欲,225,3
1839,港,225,3
1840,陈,225,3
1841,恢,224,3
1842,拒,224,3
1843,捷,224,3
1844,魔,224,3
1845,捉,223,3
1846,枯,223,3
1847,胁,222,3
1848,攒,222,3
1849,掩,222,3
1850,肺,222,3
1851,躁,222,3
1852,兼,222,3
1853,恩,222,3
1854,抹,221,3
1855,督,221,3
1856,肃,220,3
1857,咐,220,3
1858,浑,220,3
1859,燃,220,3
1860,硕,219,3
1861,滩,219,3
1862,仁,219,3
1863,彼,218,3
1864,践,218,3
1865,狮,218,3
1866,哟,218,3
1867,谨,218,3
1868,凌,218,3
1869,驱,218,3
1870,捡,217,3
1871,覆,217,3
1872,殖,217,3
1873,矩,216,3
1874,舌,216,3
1875,烛,215,3
1876,膏,215,3
1877,循,215,3
1878,漏,215,3
1879,谜,215,3
1880,盗,215,3
1881,舱,215,3
1882,脾,214,3
1883,璃,214,3
1884,裕,212,3
1885,茄,212,3
1886,乖,212,3
1887,筋,212,3
1888,绪,211,3
1889,雇,211,3
1890,枪,211,3
1891,挨,210,3
1892,雀,210,3
1893,惨,210,3
1894,吞,210,3
1895,债,210,3
1896,斯,210,3
1897,牧,210,3
1898,瞒,209,3
1899,嫂,209,3
1900,届,209,3
1901,疯,209,3
1902,纠,209,3
1903,廊,209,3
1904,袭,209,3
1905,殿,208,3
1906,洲,208,3
1907,娶,207,3
1908,橡,207,3
1909,尴,206,3
1910,尬,206,3
1911,魅,206,3
1912,屏,206,3
1913,哀,206,3
1914,赠,206,3
1915,顽,206,3
1916,碟,205,3
1917,瞎,204,3
1918,抛,204,3
1919,纵,204,3
1920,俱,202,3
1921,砍,202,3
1922,召,202,3
1923,某,201,3
1924,悦,201,3
1925,漆,201,3
1926,齿,200,3
1927,绳,200,3
1928,撒,200,3
1929,胎,199,3
1930,析,198,3
1931,昂,198,3
1932,皂,198,3
1933,烹,198,3
1934,伪,198,3
1935,碌,197,3
1936,嘲,197,3
1937,宅,197,3
1938,辨,197,3
1939,荷,197,3
1940,恳,197,3
1941,妥,196,3
1942,咨,195,3
1943,勺,195,3
1944,翅,194,3
1945,钓,194,3
1946,董,194,3
1947,辱,194,3
1948,壳,194,3
1949,傍,193,3
1950,牲,193,3
1951,韩,193,3
1952,允,192,3
1953,颗,192,3
1954,辉,192,3
1955,脂,192,3
1956,叠,192,3
1957,煎,192,3
1958,侧,192,3
1959,姻,191,3
1960,厢,191,3
1961,筹,191,3
1962,刑,191,3
1963,彻,190,3
1964,罩,190,3
1965,弥,189,3
1966,袖,189,3
1967,坡,189,3
1968,薪,189,3
1969,挫,188,3
1970,菠,188,3
1971,搜,188,3
1972,喘,188,3
1973,罐,188,3
1974,础,187,3
1975,滴,187,3
1976,痕,187,3
1977,祈,187,3
1978,灿,186,3
1979,匹,186,3
1980,谎,186,3
1981,弊,186,3
1982,亭,185,3
1983,桶,185,3
1984,诸,185,3
1985,渔,185,3
1986,玻,184,3
1987,敞,184,3
1988,毅,184,3
1989,喉,184,3
1990,狼,184,3
1991,氏,184,3
1992,兰,184,3
1993,挽,183,3
1994,胞,183,3
1995,纱,183,3
1996,娇,183,3
1997,缸,182,3
1998,呵,182,3
1999,脖,181,3
2000,拌,181,3
2001,蜂,181,3
2002,割,181,3
2003,贬,181,3
2004,嗯,180,3
2005,汰,180,3
2006,菇,180,3
2007,吊,179,3
2008,乳,179,3
2009,携,178,3
2010,唤,178,3
2011,赌,178,3
2012,鹅,178,3
2013,匀,177,3
2014,叨,177,3
2015,颤,177,3
2016,伏,177,3
2017,兜,177,3
2018,讶,176,3
2019,蝶,176,3
2020,讳,176,3
2021,蒜,176,3
2022,恤,175,3
2023,削,175,3
2024,斑,175,3
2025,棵,174,3
2026,胳,174,3
2027,玫,174,3
2028,粹,174,3
2029,鸣,174,3
2030,遮,174,3
2031,煤,174,3
2032,龟,173,3
2033,琢,172,3
2034,屉,172,3
2035,睦,172,3
2036,擅,172,3
2037,冤,172,3
2038,洽,172,3
2039,帘,171,3
2040,坑,171,3
2041,搏,171,3
2042,振,171,3
2043,堪,170,3
2044,疫,170,3
2045,慧,169,3
2046,掘,169,3
2047,耍,169,3
2048,搅,169,3
2049,兽,169,3
2050,罗,169,3
2051,膊,168,3
2052,渡,168,3
2053,鹿,168,3
2054,署,168,3
2055,杆,168,3
2056,薯,168,3
2057,栽,166,3
2058,唉,165,3
2059,欧,165,3
2060,县,165,3
2061,诵,165,3
2062,芽,165,3
2063,浆,164,3
2064,轿,164,3
2065,锋,164,3
2066,锐,164,3
2067,援,164,3
2068,葬,164,3
2069,怖,163,3
2070,岩,163,3
2071,帖,163,3
2072,蝴,162,3
2073,莓,162,3
2074,闯,162,3
2075,浸,162,3
2076,嗦,162,3
2077,梁,162,3
2078,尿,162,3
2079,刹,162,3
2080,枕,161,3
2081,综,161,3
2082,轰,161,3
2083,钉,161,3
2084,匠,161,3
2085,噢,160,3
2086,噪,160,3
2087,歇,160,3
2088,萨,160,3
2089,颁,160,3
2090,瓦,160,3
2091,碧,160,3
2092,滞,160,3
2093,逆,159,3
2094,惩,158,3
2095,卑,158,3
2096,耕,158,3
2097,券,158,3
2098,君,158,3
2099,粽,157,3
2100,碑,157,3
2101,捞,156,3
2102,蓬,156,3
2103,愚,156,3
2104,狭,156,3
2105,讽,155,3
2106,迅,155,3
2107,诀,155,3
2108,绒,155,3
2109,霜,155,3
2110,扯,155,3
2111,川,155,3
2112,捧,154,3
2113,央,154,3
2114,杰,154,3
2115,梅,154,3
2116,履,154,3
2117,罕,154,3
2118,罢,154,3
2119,腔,154,3
2120,馨,153,3
2121,桑,153,3
2122,浇,152,3
2123,舟,152,3
2124,逝,152,3
2125,肝,152,3
2126,蹈,151,3
2127,抄,151,3
2128,狱,151,3
2129,劫,151,3
2130,蕴,151,3
2131,甘,151,3
2132,御,151,3
2133,筝,150,3
2134,妒,150,3
2135,淹,150,3
2136,肿,150,3
2137,呈,150,3
2138,伍,150,3
2139,宏,150,3
2140,惧,149,3
2141,虹,149,3
2142,拓,149,3
2143,洪,149,3
2144,牺,148,3
2145,帐,148,3
2146,缠,148,3
2147,渗,147,3
2148,驳,147,3
2149,砸,146,3
2150,灸,146,3
2151,庞,146,3
2152,剥,146,3
2153,嚷,146,3
2154,竖,145,3
2155,魂,145,3
2156,倦,145,3
2157,茂,145,3
2158,浩,145,3
2159,旨,144,3
2160,纽,144,3
2161,粥,143,3
2162,睁,143,3
2163,伐,143,3
2164,砖,143,3
2165,奈,142,3
2166,乞,142,3
2167,迪,142,3
2168,剑,142,3
2169,芦,142,3
2170,盯,141,3
2171,峻,141,3
2172,婉,141,3
2173,坊,141,3
2174,垫,140,3
2175,咽,140,3
2176,痴,140,3
2177,僻,139,3
2178,臣,139,3
2179,伦,139,3
2180,党,139,3
2181,州,139,3
2182,蛙,138,3
2183,恒,138,3
2184,滥,138,3
2185,泊,138,3
2186,迈,137,3
2187,咕,137,3
2188,柴,137,3
2189,勾,137,3
2190,燕,136,3
2191,媚,136,3
2192,奠,136,3
2193,契,136,3
2194,鹰,136,3
2195,姆,135,3
2196,搁,135,3
2197,逢,135,3
2198,眯,135,3
2199,琐,135,3
2200,莲,135,3
2201,韵,135,3
2202,吁,134,4
2203,惭,134,4
2204,晰,134,4
2205,渠,134,4
2206,枉,134,4
2207,瞪,134,4
2208,屁,134,4
2209,秒,134,4
2210,捏,134,4
2211,窍,134,4
2212,喧,134,4
2213,晓,134,4
2214,俊,133,4
2215,馋,133,4
2216,僵,133,4
2217,哼,132,4
2218,剔,132,4
2219,驴,132,4
2220,蹦,132,4
2221,械,132,4
2222,仗,132,4
2223,哗,132,4
2224,盈,131,4
2225,婶,131,4
2226,颇,130,4
2227,哄,130,4
2228,侣,130,4
2229,蹭,130,4
2230,巡,130,4
2231,侨,129,4
2232,陋,129,4
2233,囊,129,4
2234,腹,129,4
2235,哑,129,4
2236,缀,128,4
2237,婴,128,4
2238,酿,128,4
2239,凄,127,4
2240,垂,127,4
2241,赤,127,4
2242,煌,126,4
2243,趴,126,4
2244,浏,126,4
2245,庸,126,4
2246,粒,126,4
2247,遣,126,4
2248,塌,126,4
2249,蔓,125,4
2250,狡,125,4
2251,嚼,125,4
2252,芒,125,4
2253,绑,125,4
2254,膜,125,4
2255,侈,124,4
2256,逻,124,4
2257,歪,124,4
2258,鸦,124,4
2259,岳,124,4
2260,驻,124,4
2261,丹,124,4
2262,仓,123,4
2263,溺,123,4
2264,樱,122,4
2265,挪,122,4
2266,愈,122,4
2267,宰,122,4
2268,稻,122,4
2269,棚,122,4
2270,螺,122,4
2271,秤,121,4
2272,枣,121,4
2273,驰,121,4
2274,捂,120,4
2275,饶,120,4
2276,勃,120,4
2277,颈,120,4
2278,披,120,4
2279,莫,120,4
2280,柳,120,4
2281,肆,120,4
2282,翠,120,4
2283,痒,119,4
2284,衍,119,4
2285,扁,119,4
2286,秃,119,4
2287,霸,119,4
2288,锦,119,4
2289,潇,118,4
2290,踩,118,4
2291,镑,118,4
2292,肪,118,4
2293,驼,118,4
2294,肌,118,4
2295,菊,118,4
2296,嘻,118,4
2297,丸,118,4
2298,厦,117,4
2299,渺,117,4
2300,椰,117,4
2301,框,117,4
2302,仇,117,4
2303,惕,116,4
2304,唠,116,4
2305,蟹,116,4
2306,胀,116,4
2307,稚,116,4
2308,叮,116,4
2309,蹲,115,4
2310,鸽,115,4
2311,丛,115,4
2312,邪,115,4
2313,沮,114,4
2314,宙,114,4
2315,尸,114,4
2316,疚,114,4
2317,斜,114,4
2318,跌,114,4
2319,哨,114,4
2320,嫉,113,4
2321,掏,113,4
2322,槽,113,4
2323,颠,113,4
2324,烘,113,4
2325,蘑,112,4
2326,蚂,112,4
2327,厘,112,4
2328,喇,112,4
2329,蚊,112,4
2330,钞,112,4
2331,蠢,112,4
2332,乃,112,4
2333,肢,112,4
2334,纺,112,4
2335,哇,111,4
2336,祷,111,4
2337,侄,111,4
2338,淇,111,4
2339,辜,111,4
2340,陡,111,4
2341,耻,111,4
2342,翁,111,4
2343,衔,111,4
2344,巢,111,4
2345,惫,110,4
2346,坟,110,4
2347,掀,110,4
2348,弓,110,4
2349,臂,110,4
2350,峡,110,4
2351,苏,110,4
2352,狐,109,4
2353,桔,109,4
2354,惹,109,4
2355,肖,109,4
2356,唇,109,4
2357,溢,109,4
2358,橱,109,4
2359,菌,109,4
2360,窃,109,4
2361,膝,108,4
2362,竭,108,4
2363,泰,108,4
2364,狸,107,4
2365,惰,107,4
2366,裔,107,4
2367,沾,107,4
2368,辟,107,4
2369,杜,107,4
2370,咦,106,4
2371,蚁,106,4
2372,俑,106,4
2373,惟,106,4
2374,瞬,106,4
2375,涯,106,4
2376,爪,106,4
2377,淀,106,4
2378,俏,106,4
2379,惦,105,4
2380,叭,105,4
2381,甩,105,4
2382,倘,105,4
2383,顷,105,4
2384,棕,105,4
2385,饲,105,4
2386,熏,105,4
2387,桂,105,4
2388,嘿,104,4
2389,廷,104,4
2390,塘,104,4
2391,眨,104,4
2392,脊,104,4
2393,歹,103,4
2394,辖,103,4
2395,拦,103,4
2396,蛮,103,4
2397,拢,103,4
2398,甭,102,4
2399,翔,102,4
2400,濒,102,4
2401,崩,102,4
2402,廉,102,4
2403,钩,102,4
2404,侮,101,4
2405,骚,101,4
2406,誓,101,4
2407,凳,101,4
2408,撰,101,4
2409,涩,101,4
2410,缚,100,4
2411,捆,100,4
2412,骤,100,4
2413,诈,100,4
2414,跤,99,4
2415,裸,99,4
2416,饪,98,4
2417,墅,98,4
2418,猾,98,4
2419,撇,98,4
2420,贿,98,4
2421,朽,98,4
2422,嘉,97,4
2423,屑,97,4
2424,叙,97,4
2425,伊,97,4
2426,畏,97,4
2427,栋,96,4
2428,缆,96,4
2429,姜,96,4
2430,碳,96,4
2431,沸,96,4
2432,砚,96,4
2433,荤,96,4
2434,啸,96,4
2435,暇,96,4
2436,熨,96,4
2437,撤,96,4
2438,纤,96,4
2439,赴,95,4
2440,拙,95,4
2441,茸,95,4
2442,拘,95,4
2443,弦,95,4
2444,酪,94,4
2445,撕,94,4
2446,吼,94,4
2447,挚,94,4
2448,奴,94,4
2449,葫,94,4
2450,俄,94,4
2451,渊,94,4
2452,畜,94,4
2453,瀑,93,4
2454,窟,93,4
2455,耸,93,4
2456,粘,93,4
2457,逸,93,4
2458,卸,93,4
2459,尼,93,4
2460,蘸,92,4
2461,咙,92,4
2462,颖,92,4
2463,朦,92,4
2464,胧,92,4
2465,沏,92,4
2466,虐,92,4
2467,哺,92,4
2468,陵,92,4
2469,遛,92,4
2470,隙,92,4
2471,盟,92,4
2472,贼,91,4
2473,芳,91,4
2474,泻,91,4
2475,馄,90,4
2476,饨,90,4
2477,柠,90,4
2478,檬,90,4
2479,啰,90,4
2480,瘫,90,4
2481,钦,90,4
2482,桩,90,4
2483,聋,90,4
2484,拇,90,4
2485,捣,90,4
2486,茅,90,4
2487,啪,90,4
2488,斟,89,4
2489,笋,89,4
2490,叛,89,4
2491,奸,89,4
2492,烁,88,4
2493,苛,88,4
2494,搀,88,4
2495,靴,88,4
2496,杖,88,4
2497,肴,88,4
2498,巷,88,4
2499,栗,88,4
2500,绰,88,4
2501,竿,88,4
2502,贤,87,4
2503,磕,87,4
2504,莉,87,4
2505,惋,86,4
2506,艾,86,4
2507,贱,86,4
2508,饥,86,4
2509,蕾,86,4
2510,佣,86,4
2511,凿,86,4
2512,慷,85,4
2513,稼,85,4
2514,坪,85,4
2515,蚀,85,4
2516,茉,85,4
2517,嘟,85,4
2518,穴,85,4
2519,呗,84,4
2520,骆,84,4
2521,溉,84,4
2522,蝇,84,4
2523,炫,84,4
2524,懈,84,4
2525,橄,84,4
2526,榄,84,4
2527,赐,84,4
2528,鄙,84,4
2529,汪,84,4
2530,搂,83,4
2531,睹,83,4
2532,涕,83,4
2533,俯,83,4
2534,吟,83,4
2535,纲,83,4
2536,螃,82,4
2537,秩,82,4
2538,祀,82,4
2539,糙,82,4
2540,阐,82,4
2541,腕,82,4
2542,懊,82,4
2543,揣,82,4
2544,坠,82,4
2545,徽,82,4
2546,亩,81,4
2547,峭,81,4
2548,舆,80,4
2549,吩,80,4
2550,嗜,80,4
2551,憋,80,4
2552,湛,80,4
2553,溯,80,4
2554,疆,80,4
2555,浊,80,4
2556,袄,80,4
2557,猩,80,4
2558,锤,80,4
2559,津,80,4
2560,兆,80,4
2561,缴,80,4
2562,丐,79,4
2563,幢,79,4
2564,跪,79,4
2565,崖,79,4
2566,坎,79,4
2567,颂,79,4
2568,谣,79,4
2569,函,79,4
2570,拯,78,4
2571,巩,78,4
2572,捎,78,4
2573,滨,78,4
2574,牡,78,4
2575,隶,78,4
2576,铲,78,4
2577,辰,78,4
2578,帆,78,4
2579,旷,78,4
2580,鹊,77,4
2581,涮,77,4
2582,绢,77,4
2583,睐,76,4
2584,嗬,76,4
2585,吨,76,4
2586,蔽,76,4
2587,蔑,76,4
2588,俭,76,4
2589,斧,76,4
2590,昧,76,4
2591,屡,76,4
2592,酥,76,4
2593,婿,75,4
2594,篷,75,4
2595,辐,75,4
2596,侍,75,4
2597,沫,75,4
2598,笛,75,4
2599,募,75,4
2600,铭,75,4
2601,豹,75,4
2602,杏,75,4
2603,痪,74,4
2604,徊,74,4
2605,唬,74,4
2606,膨,74,4
2607,酌,74,4
2608,禅,74,4
2609,驯,74,4
2610,溪,74,4
2611,掺,74,4
2612,禽,74,4
2613,叼,73,4
2614,柬,73,4
2615,辽,73,4
2616,溃,73,4
2617,蹬,73,4
2618,昼,73,4
2619,壤,73,4
2620,扒,73,4
2621,逮,73,4
2622,抒,73,4
2623,侃,73,4
2624,窘,73,4
2625,揉,72,4
2626,槛,72,4
2627,辫,72,4
2628,噩,72,4
2629,砌,72,4
2630,搓,72,4
2631,瓣,72,4
2632,栖,72,4
2633,藉,72,4
2634,侠,72,4
2635,艇,72,4
2636,炖,71,4
2637,膳,71,4
2638,芭,71,4
2639,堤,71,4
2640,冶,71,4
2641,侦,71,4
2642,湾,71,4
2643,砂,71,4
2644,郑,70,4
2645,徘,70,4
2646,枚,70,4
2647,诧,70,4
2648,吝,70,4
2649,钮,70,4
2650,溅,70,4
2651,磋,70,4
2652,劈,70,4
2653,敷,70,4
2654,垒,70,4
2655,呜,70,4
2656,拱,70,4
2657,勒,70,4
2658,妖,70,4
2659,谚,69,4
2660,勿,69,4
2661,髓,69,4
2662,榴,69,4
2663,颓,69,4
2664,寡,69,4
2665,轴,69,4
2666,暮,69,4
2667,邦,69,4
2668,惬,68,4
2669,澈,68,4
2670,暄,68,4
2671,撼,68,4
2672,啄,68,4
2673,闺,68,4
2674,锄,68,4
2675,铸,68,4
2676,丘,68,4
2677,阁,68,4
2678,鲤,67,4
2679,诫,67,4
2680,鲨,67,4
2681,焰,67,4
2682,妓,67,4
2683,戳,67,4
2684,爵,67,4
2685,卵,67,4
2686,喳,67,4
2687,荔,66,4
2688,赡,66,4
2689,崭,66,4
2690,袱,66,4
2691,欸,66,4
2692,盏,66,4
2693,呕,66,4
2694,蛛,66,4
2695,腊,66,4
2696,泌,66,4
2697,馈,66,4
2698,怅,66,4
2699,喱,66,4
2700,魄,66,4
2701,甸,66,4
2702,巍,66,4
2703,韧,66,4
2704,灶,66,4
2705,鲁,66,4
2706,霞,66,4
2707,屠,66,4
2708,佑,65,4
2709,墟,65,4
2710,扛,65,4
2711,仆,65,4
2712,俘,65,4
2713,讥,65,4
2714,檐,65,4
2715,婪,64,4
2716,谴,64,4
2717,芹,64,4
2718,卓,64,4
2719,倔,64,4
2720,肾,64,4
2721,徐,64,4
2722,闸,64,4
2723,役,64,4
2724,腆,63,4
2725,譬,63,4
2726,隧,63,4
2727,筐,63,4
2728,乙,63,4
2729,掠,63,4
2730,霍,63,4
2731,莽,63,4
2732,崛,62,4
2733,哆,62,4
2734,鹦,62,4
2735,嘀,62,4
2736,拣,62,4
2737,萎,62,4
2738,摧,62,4
2739,剖,62,4
2740,梢,62,4
2741,柄,62,4
2742,揽,62,4
2743,恍,61,4
2744,弘,61,4
2745,眺,61,4
2746,棺,61,4
2747,呛,61,4
2748,谬,61,4
2749,豁,61,4
2750,泽,61,4
2751,僧,61,4
2752,唾,61,4
2753,妄,61,4
2754,卉,60,4
2755,亦,60,4
2756,吆,60,4
2757,莹,60,4
2758,昆,60,4
2759,沛,60,4
2760,蜘,60,4
2761,蜗,60,4
2762,遏,60,4
2763,帚,60,4
2764,扳,60,4
2765,觅,60,4
2766,咒,60,4
2767,萧,60,4
2768,溶,60,4
2769,怯,60,4
2770,惶,60,4
2771,醇,60,4
2772,嗡,60,4
2773,黎,59,4
2774,簸,59,4
2775,昔,59,4
2776,赫,59,4
2777,凤,59,4
2778,磅,59,4
2779,绊,59,4
2780,穗,59,4
2781,蔼,58,4
2782,嗨,58,4
2783,踌,58,4
2784,躇,58,4
2785,踊,58,4
2786,腼,58,4
2787,啬,58,4
2788,晾,58,4
2789,擎,58,4
2790,褒,58,4
2791,嵌,58,4
2792,萌,58,4
2793,漱,58,4
2794,拂,58,4
2795,悼,58,4
2796,徙,57,4
2797,豚,57,4
2798,删,57,4
2799,藤,57,4
2800,拎,56,4
2801,鹉,56,4
2802,汹,56,4
2803,窿,56,4
2804,艘,56,4
2805,拧,56,4
2806,畴,56,4
2807,帕,56,4
2808,屿,56,4
2809,沧,56,4
2810,摹,56,4
2811,隘,56,4
2812,呐,56,4
2813,痰,56,4
2814,翘,56,4
2815,镶,56,4
2816,黏,56,4
2817,簿,56,4
2818,荫,56,4
2819,瞅,55,4
2820,缕,55,4
2821,嚣,55,4
2822,枫,55,4
2823,憨,55,4
2824,雁,55,4
2825,儒,55,4
2826,妃,55,4
2827,跷,55,4
2828,犬,55,4
2829,虏,54,4
2830,惚,54,4
2831,蜻,54,4
2832,蜓,54,4
2833,赂,54,4
2834,拽,54,4
2835,迄,54,4
2836,爹,54,4
2837,潦,54,4
2838,簇,54,4
2839,淌,54,4
2840,沼,54,4
2841,锈,54,4
2842,腮,54,4
2843,凸,54,4
2844,榨,54,4
2845,澄,53,4
2846,嬉,53,4
2847,戈,53,4
2848,秧,53,4
2849,沦,53,4
2850,咧,53,4
2851,寨,53,4
2852,蹋,52,4
2853,渲,52,4
2854,蹒,52,4
2855,跚,52,4
2856,裳,52,4
2857,鳄,52,4
2858,垄,52,4
2859,栅,52,4
2860,伶,52,4
2861,钝,52,4
2862,瞌,52,4
2863,筛,52,4
2864,畔,52,4
2865,讪,52,4
2866,襟,52,4
2867,矫,52,4
2868,鼎,52,4
2869,窥,52,4
2870,翼,52,4
2871,虔,51,4
2872,躬,51,4
2873,瞩,51,4
2874,绚,51,4
2875,芝,51,4
2876,禾,51,4
2877,岂,51,4
2878,褥,51,4
2879,垮,51,4
2880,愕,51,4
2881,阑,51,4
2882,绷,51,4
2883,躯,51,4
2884,烙,51,4