1,在,53,1
2,好,49,1
3,请,43,1
4,麻烦,43,1
5,家,42,1
6,过,42,1
7,会,41,1
8,了,40,1
9,就,40,1
10,比较,39,1
11,叫,39,1
12,点,39,1
13,对,39,1
14,什么,38,1
15,还,38,1
16,也,38,1
17,分,37,1
18,要,36,1
19,真,36,1
20,希望,36,1
21,有,35,1
22,我,35,1
23,看,34,1
24,多,34,1
25,几,34,1
26,给,34,1
27,朋友,33,1
28,长,33,1
29,把,33,1
30,下,33,1
31,是,33,1
32,用,33,1
33,再,32,1
34,他,32,1
35,这,32,1
36,碗,32,1
37,东西,32,1
38,需要,32,1
39,上,32,1
40,不,31,1
41,都,31,1
42,的,31,1
43,坐,31,1
44,一,31,1
45,说,31,1
46,两,31,1
47,工作,31,1
48,百,31,1
49,那,31,1
50,去,31,1
51,得,31,1
52,跟,31,1
53,块,30,1
54,号,30,1
55,喜欢,30,1
56,贵,30,1
57,带,30,1
58,开始,29,1
59,听,29,1
60,欢迎,29,1
61,现在,29,1
62,只,29,1
63,老师,29,1
64,怎么,29,1
65,她,29,1
66,少,29,1
67,找,29,1
68,知道,29,1
69,年,29,1
70,可以,29,1
71,站,29,1
72,高兴,29,1
73,先,29,1
74,吃,29,1
75,很,29,1
76,到,29,1
77,姓,29,1
78,一起,29,1
79,来,28,1
80,四,28,1
81,多少,28,1
82,今天,28,1
83,下午,28,1
84,五,28,1
85,钱,28,1
86,天,28,1
87,你,28,1
88,打,28,1
89,想,28,1
90,方便,28,1
91,六,28,1
92,运动,28,1
93,明天,28,1
94,附近,28,1
95,电话,28,1
96,漂亮,28,1
97,游泳,28,1
98,书,28,1
99,和,28,1
100,七,28,1
101,礼物,28,1
102,人,27,1
103,比,27,1
104,一定,27,1
105,打算,27,1
106,八,27,1
107,我们,27,1
108,公司,27,1
109,买,27,1
110,九,27,1
111,他们,27,1
112,妈妈,27,1
113,您,27,1
114,呢,27,1
115,二,27,1
116,种,27,1
117,介绍,27,1
118,谁,27,1
119,准备,27,1
120,三,27,1
121,路,27,1
122,昨天,26,1
123,应该,26,1
124,远,26,1
125,让,26,1
126,新,26,1
127,已经,26,1
128,认识,26,1
129,月,26,1
130,香蕉,26,1
131,生日,26,1
132,个,26,1
133,学生,26,1
134,才,26,1
135,以后,26,1
136,学校,26,1
137,张,26,1
138,问题,26,1
139,吗,26,1
140,吧,26,1
141,半,26,1
142,够,26,1
143,开,25,1
144,先生,25,1
145,告诉,25,1
146,离,25,1
147,小,25,1
148,地方,25,1
149,特别,25,1
150,飞机,25,1
151,还是,25,1
152,旅行,25,1
153,换,25,1
154,弟弟,25,1
155,十,25,1
156,早上,25,1
157,最,25,1
158,住,25,1
159,电脑,24,1
160,谢谢,24,1
161,所以,24,1
162,本,24,1
163,名字,24,1
164,哪,24,1
165,快,24,1
166,万,24,1
167,星期,24,1
168,红,24,1
169,火车,24,1
170,一样,24,1
171,从,24,1
172,卖,24,1
173,写,24,1
174,这里,24,1
175,中文,24,1
176,爱,24,1
177,饭,24,1
178,送,24,1
179,等,24,1
180,喝,24,1
181,哥哥,24,1
182,做,24,1
183,容易,23,1
184,觉得,23,1
185,今年,23,1
186,花,23,1
187,习惯,23,1
188,姐姐,23,1
189,水果,23,1
190,饿,23,1
191,蛋糕,23,1
192,笔,23,1
193,懂,23,1
194,电影,23,1
195,以前,23,1
196,快乐,23,1
197,茶,23,1
198,因为,23,1
199,早,23,1
200,大,23,1
201,衣服,23,1
202,那么,23,1
203,医生,23,1
204,天气,23,1
205,公园,23,1
206,去年,23,1
207,练习,23,1
208,问,23,1
209,学,23,1
210,你们,23,1
211,便宜,22,1
212,常常,22,1
213,菜,22,1
214,冷,22,1
215,面,22,1
216,最近,22,1
217,爸爸,22,1
218,慢,22,1
219,千,22,1
220,哪里,22,1
221,考试,22,1
222,走,22,1
223,颜色,22,1
224,鱼,22,1
225,喂,22,1
226,一共,22,1
227,小姐,22,1
228,高,22,1
229,往,22,1
230,另外,22,1
231,别,22,1
232,鸡,22,1
233,能,22,1
234,接,22,1
235,回,21,1
236,小时,21,1
237,中午,21,1
238,头,21,1
239,汤,21,1
240,太,21,1
241,晚上,21,1
242,医院,21,1
243,病,21,1
244,放心,21,1
245,妹妹,21,1
246,决定,21,1
247,辣,21,1
248,图书馆,21,1
249,爷爷,21,1
250,当然,21,1
251,睡觉,21,1
252,参加,21,1
253,周末,21,1
254,自由,21,1
255,房子,21,1
256,感冒,21,1
257,可是,21,1
258,休息,21,1
259,条,21,1
260,班,20,1
261,电视,20,1
262,自己,20,1
263,汽车,20,1
264,见,20,1
265,行李,20,1
266,放,20,1
267,大家,20,1
268,又,20,1
269,时间,20,1
270,邮局,20,1
271,老,20,1
272,上午,20,1
273,房间,20,1
274,同学,20,1
275,如果,20,1
276,舒服,20,1
277,健康,20,1
278,服务,20,1
279,马上,20,1
280,行,20,1
281,总是,20,1
282,牛肉,19,1
283,糖,19,1
284,咳嗽,19,1
285,玩,19,1
286,甜,19,1
287,里,19,1
288,一点儿,19,1
289,而且,19,1
290,那里,19,1
291,位,19,1
292,好吃,19,1
293,山,19,1
294,苹果,19,1
295,菜单,19,1
296,眼睛,19,1
297,新鲜,19,1
298,岁,19,1
299,奶奶,19,1
300,牛奶,19,1
301,地址,19,1
302,简单,19,1
303,难,19,1
304,双,19,1
305,为什么,19,1
306,筷子,19,1
307,开车,19,1
308,白,19,1
309,热,19,1
310,忙,19,1
311,一直,19,1
312,杯,19,1
313,音乐,18,1
314,但是,18,1
315,累,18,1
316,啊,18,1
317,身体,18,1
318,孩子,18,1
319,号码,18,1
320,虽然,18,1
321,然后,18,1
322,大概,18,1
323,椅子,18,1
324,担心,18,1
325,没,18,1
326,久,18,1
327,近,18,1
328,比赛,18,1
329,西瓜,18,1
330,信,18,1
331,水,18,1
332,旁边,18,1
333,结束,18,1
334,护照,18,1
335,床,18,1
336,时候,18,1
337,手机,18,1
338,咸,18,1
339,没有,18,1
340,前面,18,1
341,生活,18,1
342,上课,18,1
343,听说,18,1
344,非常,18,1
345,零,18,1
346,铅笔,18,1
347,百货公司,17,1
348,注意,17,1
349,哪儿,17,1
350,刻,17,1
351,邮票,17,1
352,太太,17,1
353,商店,17,1
354,进步,17,1
355,银行,17,1
356,太阳,17,1
357,可能,17,1
358,牛,17,1
359,祝,17,1
360,大学,17,1
361,国,17,1
362,篮球,17,1
363,语言,17,1
364,玩具,17,1
365,参观,17,1
366,早饭,17,1
367,建议,17,1
368,约,16,1
369,借,16,1
370,迟到,16,1
371,有的,16,1
372,拿,16,1
373,橘子,16,1
374,表示,16,1
375,不过,16,1
376,后面,16,1
377,有名,16,1
378,完,16,1
379,头发,16,1
380,晚饭,16,1
381,不错,16,1
382,它,16,1
383,耳朵,16,1
384,日,16,1
385,饮料,16,1
386,愉快,16,1
387,面包,16,1
388,出去,16,1
389,活动,16,1
390,衬衫,16,1
391,明年,16,1
392,冬天,16,1
393,餐厅,16,1
394,骑,16,1
395,字,16,1
396,客厅,16,1
397,客气,16,1
398,安排,16,1
399,帮,16,1
400,后天,16,1
401,事情,16,1
402,象征,16,1
403,黑,16,1
404,夏天,16,1
405,成绩,16,1
406,教,16,1
407,为,16,1
408,发烧,16,1
409,计程车,16,1
410,厨房,16,1
411,博物馆,16,1
412,车,16,1
413,错,16,1
414,聪明,16,1
415,差不多,16,1
416,英文,16,1
417,饱,16,1
418,意思,15,1
419,青菜,15,1
420,件,15,1
421,付,15,1
422,跳舞,15,1
423,咖啡,15,1
424,环境,15,1
425,小心,15,1
426,酸,15,1
427,关系,15,1
428,网球,15,1
429,痛,15,1
430,这么,15,1
431,办公室,15,1
432,晚,15,1
433,马,15,1
434,作业,15,1
435,手,15,1
436,王,15,1
437,醋,15,1
438,外婆,15,1
439,清楚,15,1
440,上网,15,1
441,包,15,1
442,瘦,15,1
443,味道,15,1
444,每,15,1
445,计划,15,1
446,转,15,1
447,旅馆,15,1
448,街,15,1
449,米,15,1
450,次,15,1
451,安静,15,1
452,树,15,1
453,下雨,15,1
454,鼻子,15,1
455,结婚,15,1
456,算,15,1
457,游戏,15,1
458,历史,15,1
459,春天,15,1
460,桌子,15,1
461,继续,15,1
462,讲,15,1
463,短,15,1
464,足球,15,1
465,左边,15,1
466,葡萄,15,1
467,狗,15,1
468,传统,15,1
469,资料,14,1
470,肚子,14,1
471,学习,14,1
472,电影院,14,1
473,父亲,14,1
474,重要,14,1
475,精彩,14,1
476,公共汽车,14,1
477,猪,14,1
478,留,14,1
479,秋天,14,1
480,租,14,1
481,上班,14,1
482,干净,14,1
483,可乐,14,1
484,好看,14,1
485,终于,14,1
486,纪念,14,1
487,向,14,1
488,老虎,14,1
489,美丽,14,1
490,主意,14,1
491,可爱,14,1
492,脚,14,1
493,穿,14,1
494,办,14,1
495,新年,14,1
496,再见,14,1
497,倒,14,1
498,东,14,1
499,暑假,14,1
500,节,14,1
501,店,14,1
502,省,14,1
503,念,14,1
504,选择,14,1
505,提供,14,1
506,日期,14,1
507,右边,14,1
508,饺子,14,1
509,订,14,1
510,自行车,14,1
511,对面,14,1
512,了解,14,1
513,西,14,1
514,陪,14,1
515,果汁,14,1
516,美,14,1
517,钟,14,1
518,拍,14,1
519,裤子,14,1
520,照片,14,1
521,瓶,14,1
522,地图,14,1
523,封,14,1
524,满意,13,1
525,收获,13,1
526,火车站,13,1
527,黄,13,1
528,看见,13,1
529,贴,13,1
530,短裤,13,1
531,国际,13,1
532,外公,13,1
533,广播,13,1
534,放假,13,1
535,楼,13,1
536,检查,13,1
537,前天,13,1
538,出,13,1
539,第,13,1
540,道,13,1
541,寄,13,1
542,蓝,13,1
543,机会,13,1
544,分钟,13,1
545,顺利,13,1
546,纸,13,1
547,报告,13,1
548,信封,13,1
549,起床,13,1
550,柜台,13,1
551,上面,13,1
552,北,13,1
553,实在,13,1
554,画,13,1
555,绿,13,1
556,刚,13,1
557,价钱,13,1
558,船,13,1
559,马路,13,1
560,兴趣,13,1
561,饭店,13,1
562,书店,13,1
563,功课,13,1
564,台,13,1
565,表,13,1
566,挤,13,1
567,将,13,1
568,出发,13,1
569,裙子,13,1
570,包子,13,1
571,着急,13,1
572,炒,13,1
573,票,13,1
574,合适,13,1
575,像,13,1
576,唱,13,1
577,酒,13,1
578,最后,13,1
579,毛,13,1
580,老板,13,1
581,动物园,13,1
582,努力,13,1
583,兔子,13,1
584,发,13,1
585,每天,13,1
586,重,13,1
587,中间,13,1
588,急,13,1
589,胖,13,1
590,风景,13,1
591,科学,13,1
592,读,13,1
593,门,13,1
594,香,13,1
595,边,13,1
596,出口,13,1
597,城市,13,1
598,套,13,1
599,属,13,1
600,根据,12,1
601,直接,12,1
602,签名,12,1
603,平均,12,1
604,矮,12,1
605,更,12,1
606,酱油,12,1
607,按,12,1
608,中学,12,1
609,内容,12,1
610,生病,12,1
611,交通,12,1
612,杯子,12,1
613,路口,12,1
614,杂志,12,1
615,这儿,12,1
616,风,12,1
617,工程师,12,1
618,别的,12,1
619,以为,12,1
620,桃子,12,1
621,毕业,12,1
622,年级,12,1
623,蛇,12,1
624,成功,12,1
625,紧张,12,1
626,结果,12,1
627,里面,12,1
628,家具,12,1
629,学期,12,1
630,提醒,12,1
631,话,12,1
632,怕,12,1
633,一般,12,1
634,信用卡,12,1
635,跑,12,1
636,苦,12,1
637,弄,12,1
638,假期,12,1
639,安全,12,1
640,小学,12,1
641,猴子,12,1
642,试,12,1
643,雨,12,1
644,所,12,1
645,必须,12,1
646,生,12,1
647,热闹,12,1
648,母亲,12,1
649,厕所,12,1
650,儿子,12,1
651,旅游,12,1
652,季节,12,1
653,些,12,1
654,稳定,12,1
655,宿舍,12,1
656,市场,12,1
657,龙,12,1
658,巧克力,12,1
659,叔叔,12,1
660,尝,12,1
661,通知,12,1
662,草莓,12,1
663,各,12,1
664,唱歌,12,1
665,难怪,12,1
666,雪,12,1
667,游泳池,12,1
668,生气,12,1
669,广场,12,1
670,洗手间,12,1
671,满,12,1
672,课,12,1
673,那儿,12,1
674,邀请,12,1
675,熟,12,1
676,说话,12,1
677,打扫,12,1
678,护士,12,1
679,地,12,1
680,客人,12,1
681,踢,11,1
682,美元,11,1
683,平常,11,1
684,仿佛,11,1
685,准时,11,1
686,下课,11,1
687,面积,11,1
688,书包,11,1
689,有空,11,1
690,洗,11,1
691,分别,11,1
692,肯定,11,1
693,阿姨,11,1
694,轻,11,1
695,正确,11,1
696,发音,11,1
697,地铁,11,1
698,衣柜,11,1
699,猪肉,11,1
700,亮,11,1
701,奇怪,11,1
702,随便,11,1
703,口,11,1
704,专业,11,1
705,当,11,1
706,仔细,11,1
707,恭喜,11,1
708,赶快,11,1
709,烧,11,1
710,搬,11,1
711,洗澡,11,1
712,三明治,11,1
713,住宿,11,1
714,回来,11,1
715,填,11,1
716,事,11,1
717,鸟,11,1
718,打折,11,1
719,跳,11,1
720,不但,11,1
721,打开,11,1
722,左,11,1
723,认真,11,1
724,遍,11,1
725,刚好,11,1
726,捷运,11,1
727,疼,11,1
728,国家,11,1
729,啤酒,11,1
730,表演,11,1
731,牛仔裤,11,1
732,联络,11,1
733,老鼠,11,1
734,忘,11,1
735,旧,11,1
736,辆,11,1
737,公车,11,1
738,进,11,1
739,手表,11,1
740,男,11,1
741,只有,11,1
742,暖和,11,1
743,饭馆,11,1
744,头痛,11,1
745,盘,11,1
746,印章,11,1
747,讲究,11,1
748,值得,11,1
749,门口,11,1
750,帮助,11,1
751,包括,11,1
752,肉,11,1
753,十字路口,11,1
754,正好,11,1
755,关,11,1
756,节目,11,1
757,跑步,11,1
758,照,11,1
759,舞,11,1
760,点心,11,1
761,鸭,11,1
762,句子,11,1
763,改,11,1
764,女,11,1
765,钟头,11,1
766,选,11,1
767,利用,11,1
768,盐,11,1
769,贡献,11,1
770,花园,11,1
771,帽子,11,1
772,司机,11,1
773,帮忙,11,1
774,左右,11,1
775,存款,11,1
776,药,11,1
777,离开,11,1
778,停,11,1
779,后来,11,1
780,难过,11,1
781,现金,11,1
782,着,11,1
783,欣赏,10,1
784,照相,10,1
785,戴,10,1
786,蔬菜,10,1
787,记得,10,1
788,系,10,1
789,谈话,10,1
790,收拾,10,1
791,羊,10,1
792,有趣,10,1
793,文化,10,1
794,方,10,1
795,复杂,10,1
796,故事,10,1
797,曾经,10,1
798,份,10,1
799,围巾,10,1
800,座,10,1
801,认为,10,1
802,切,10,1
803,省钱,10,1
804,起来,10,1
805,油,10,1
806,商人,10,1
807,动物,10,1
808,口味,10,1
809,好像,10,1
810,经验,10,1
811,爬,10,1
812,斤,10,1
813,原来,10,1
814,车站,10,1
815,电梯,10,1
816,超过,10,1
817,支票,10,1
818,鸡蛋,10,1
819,大衣,10,1
820,动,10,1
821,糟糕,10,1
822,度,10,1
823,毛巾,10,1
824,突然,10,1
825,人民币,10,1
826,自然,10,1
827,十二月,10,1
828,想念,10,1
829,知识,10,1
830,放学,10,1
831,外套,10,1
832,教室,10,1
833,庆祝,10,1
834,散步,10,1
835,晴天,10,1
836,尽管,10,1
837,摆,10,1
838,可怜,10,1
839,下雪,10,1
840,甜点,10,1
841,申请,10,1
842,有意思,10,1
843,伞,10,1
844,合,10,1
845,高度,10,1
846,元,10,1
847,邻居,10,1
848,人口,10,1
849,只要,10,1
850,窗户,10,1
851,明星,10,1
852,逛,10,1
853,走路,10,1
854,也许,10,1
855,丢,10,1
856,皮鞋,10,1
857,保持,10,1
858,点菜,10,1
859,袜子,10,1
860,空,10,1
861,发现,10,1
862,差,10,1
863,布置,10,1
864,公开,10,1
865,服务员,10,1
866,烤,10,1
867,外面,10,1
868,出生,10,1
869,飞,10,1
870,职员,10,1
871,课本,10,1
872,搭,10,1
873,数,10,1
874,下面,10,1
875,狮子,10,1
876,后,10,1
877,这样,10,1
878,演出,10,1
879,派,10,1
880,费用,10,1
881,体育馆,10,1
882,辛苦,10,1
883,世界,10,1
884,人民,10,1
885,刚刚,10,1
886,午饭,10,1
887,哇,10,1
888,访问,10,1
889,中,10,1
890,亿,10,1
891,丰富,10,1
892,森林,10,1
893,出租,10,1
894,沙发,10,1
895,栋,10,1
896,脚踏车,10,1
897,脏,10,1
898,规定,10,1
899,明白,10,1
900,影响,10,1
901,该,10,1
902,日文,10,1
903,坏,10,1
904,毛衣,10,1
905,舅舅,9,1
906,建筑,9,1
907,大约,9,1
908,冰箱,9,1
909,工具,9,1
910,上学,9,1
911,尾巴,9,1
912,闹,9,1
913,消息,9,1
914,公寓,9,1
915,桥,9,1
916,卫生,9,1
917,慢跑,9,1
918,海关,9,1
919,成,9,1
920,背,9,1
921,忘记,9,1
922,交流,9,1
923,一些,9,1
924,心情,9,1
925,签证,9,1
926,教育,9,1
927,喉咙,9,1
928,女儿,9,1
929,样子,9,1
930,飞机场,9,1
931,枝,9,1
932,南,9,1
933,凉快,9,1
934,下车,9,1
935,熟悉,9,1
936,调,9,1
937,轻松,9,1
938,纪念品,9,1
939,机场,9,1
940,要求,9,1
941,牙齿,9,1
942,颗,9,1
943,豆腐,9,1
944,回去,9,1
945,厉害,9,1
946,不必,9,1
947,位子,9,1
948,蒸,9,1
949,或者,9,1
950,姑姑,9,1
951,体育,9,1
952,使用,9,1
953,死,9,1
954,小吃,9,1
955,西餐,9,1
956,旅行社,9,1
957,量,9,1
958,汽水,9,1
959,月亮,9,1
960,右,9,1
961,讨论,9,1
962,秘书,9,1
963,中秋节,9,1
964,适应,9,1
965,空调,9,1
966,云,9,1
967,蚂蚁,9,1
968,恐怕,9,1
969,渴,9,1
970,表达,9,1
971,礼拜,9,1
972,合作,9,1
973,午餐,9,1
974,钢琴,9,1
975,超级市场,9,1
976,休闲,9,1
977,中国人,9,1
978,蛋,9,1
979,噢,9,1
980,快餐,9,1
981,书架,9,1
982,并,9,1
983,提,9,1
984,常,9,1
985,最好,9,1
986,开心,9,1
987,鞋,9,1
988,凤梨,9,1
989,星期日,9,1
990,刮风,9,1
991,星期五,9,1
992,伯伯,9,1
993,为了,9,1
994,警察,9,1
995,拥有,9,1
996,导游,9,1
997,二十,9,1
998,证明,9,1
999,几乎,9,1
1000,超市,9,1
1001,间,9,1
1002,养,9,1
1003,领,9,1
1004,卧室,9,1
1005,观光,9,1
1006,拜访,9,1
1007,照顾,9,1
1008,香肠,9,1
1009,座位,9,1
1010,设计,9,1
1011,吵,9,1
1012,其实,9,1
1013,好处,9,1
1014,汉堡,9,1
1015,经理,9,1
1016,流行,9,1
1017,指,9,1
1018,正常,9,1
1019,数学,9,1
1020,庙,9,1
1021,演员,9,1
1022,体会,9,1
1023,灯,9,1
1024,鸡肉,9,1
1025,记,9,1
1026,中餐,9,1
1027,教授,9,1
1028,公共,9,1
1029,星期六,9,1
1030,十一,9,1
1031,发生,9,1
1032,鞋子,9,1
1033,阴天,9,1
1034,雨伞,9,1
1035,全,9,1
1036,河,9,1
1037,完成,9,1
1038,可惜,9,1
1039,猫,9,1
1040,加,9,1
1041,查,9,1
1042,到达,9,1
1043,棒球,9,1
1044,整齐,9,1
1045,集合,9,1
1046,谈判,9,1
1047,圆,9,1
1048,撞,9,1
1049,教堂,9,1
1050,擦,8,2
1051,白色,8,2
1052,市区,8,2
1053,眼镜,8,2
1054,汉语,8,2
1055,男人,8,2
1056,用功,8,2
1057,演,8,2
1058,煮,8,2
1059,场,8,2
1060,方向,8,2
1061,笑,8,2
1062,旅客,8,2
1063,演唱会,8,2
1064,十二,8,2
1065,马马虎虎,8,2
1066,音乐会,8,2
1067,乱,8,2
1068,盖,8,2
1069,放弃,8,2
1070,长裤,8,2
1071,窗口,8,2
1072,摩托车,8,2
1073,收,8,2
1074,竖,8,2
1075,妻子,8,2
1076,红茶,8,2
1077,室友,8,2
1078,紧急,8,2
1079,正,8,2
1080,敢,8,2
1081,冰,8,2
1082,收据,8,2
1083,发展,8,2
1084,讨厌,8,2
1085,房租,8,2
1086,牺牲,8,2
1087,八月,8,2
1088,出来,8,2
1089,书房,8,2
1090,特色,8,2
1091,挂,8,2
1092,腿,8,2
1093,部,8,2
1094,盒,8,2
1095,情况,8,2
1096,刀子,8,2
1097,宝贝,8,2
1098,家人,8,2
1099,院子,8,2
1100,星星,8,2
1101,电,8,2
1102,改变,8,2
1103,钥匙,8,2
1104,首,8,2
1105,标准,8,2
1106,稍,8,2
1107,系统,8,2
1108,洗衣机,8,2
1109,任何,8,2
1110,公里,8,2
1111,浴室,8,2
1112,出租车,8,2
1113,国外,8,2
1114,经济,8,2
1115,一月,8,2
1116,赢,8,2
1117,航空,8,2
1118,拜年,8,2
1119,取得,8,2
1120,段,8,2
1121,正在,8,2
1122,烤鸭,8,2
1123,冷气,8,2
1124,营业,8,2
1125,节日,8,2
1126,嘴巴,8,2
1127,烦恼,8,2
1128,塔,8,2
1129,大夫,8,2
1130,亲戚,8,2
1131,导演,8,2
1132,确定,8,2
1133,这些,8,2
1134,星期天,8,2
1135,海边,8,2
1136,文字,8,2
1137,意外,8,2
1138,法文,8,2
1139,丑,8,2
1140,不同,8,2
1141,经常,8,2
1142,见面,8,2
1143,草地,8,2
1144,羊肉,8,2
1145,们,8,2
1146,一会儿,8,2
1147,楼梯,8,2
1148,白菜,8,2
1149,手套,8,2
1150,增加,8,2
1151,响,8,2
1152,适合,8,2
1153,阅读,8,2
1154,著名,8,2
1155,羡慕,8,2
1156,二月,8,2
1157,零钱,8,2
1158,结账,8,2
1159,预订,8,2
1160,市,8,2
1161,电车,8,2
1162,高中,8,2
1163,爱好,8,2
1164,前,8,2
1165,其他,8,2
1166,详细,8,2
1167,熊猫,8,2
1168,下降,8,2
1169,校长,8,2
1170,参考,8,2
1171,变,8,2
1172,名牌,8,2
1173,门票,8,2
1174,天空,8,2
1175,台风,8,2
1176,支,8,2
1177,具有,8,2
1178,乘,8,2
1179,精神,8,2
1180,家乡,8,2
1181,根本,8,2
1182,责任,8,2
1183,星期一,8,2
1184,春,8,2
1185,目前,8,2
1186,价格,8,2
1187,光,8,2
1188,滑雪,8,2
1189,呼吸,8,2
1190,潮湿,8,2
1191,开学,8,2
1192,谈,8,2
1193,举行,8,2
1194,顺便,8,2
1195,广告,8,2
1196,掉,8,2
1197,气候,8,2
1198,蜡烛,8,2
1199,牛排,8,2
1200,爱惜,8,2
1201,睡,8,2
1202,假,8,2
1203,古迹,8,2
1204,被,8,2
1205,请客,8,2
1206,水饺,8,2
1207,很多,8,2
1208,气氛,8,2
1209,爆炸,8,2
1210,误会,8,2
1211,拨,8,2
1212,圣诞节,8,2
1213,楼上,8,2
1214,免费,8,2
1215,躺,8,2
1216,同意,8,2
1217,声音,8,2
1218,迷路,8,2
1219,姓名,8,2
1220,下班,8,2
1221,本子,8,2
1222,日记,8,2
1223,辣椒,8,2
1224,一切,8,2
1225,金融,8,2
1226,岛,8,2
1227,设备,8,2
1228,星期四,8,2
1229,红绿灯,8,2
1230,文,8,2
1231,挂号,8,2
1232,称呼,8,2
1233,台灯,8,2
1234,种类,8,2
1235,谢,8,2
1236,怎么样,8,2
1237,冒,8,2
1238,困难,8,2
1239,隔壁,7,2
1240,本来,7,2
1241,到处,7,2
1242,来源,7,2
1243,皇帝,7,2
1244,农历,7,2
1245,十一月,7,2
1246,乌龟,7,2
1247,排,7,2
1248,星期二,7,2
1249,队,7,2
1250,文具,7,2
1251,通常,7,2
1252,吐,7,2
1253,优点,7,2
1254,害羞,7,2
1255,除了,7,2
1256,国内,7,2
1257,感谢,7,2
1258,生意,7,2
1259,餐,7,2
1260,押金,7,2
1261,搬家,7,2
1262,城,7,2
1263,鼠,7,2
1264,目的,7,2
1265,政治,7,2
1266,起飞,7,2
1267,英语,7,2
1268,费,7,2
1269,习俗,7,2
1270,排队,7,2
1271,紫色,7,2
1272,要不然,7,2
1273,春卷,7,2
1274,发挥,7,2
1275,主角,7,2
1276,有时候,7,2
1277,组织,7,2
1278,唯一,7,2
1279,回答,7,2
1280,报纸,7,2
1281,聊,7,2
1282,小说,7,2
1283,过去,7,2
1284,幅,7,2
1285,四月,7,2
1286,书法,7,2
1287,表格,7,2
1288,不用,7,2
1289,礼堂,7,2
1290,狐狸,7,2
1291,表现,7,2
1292,温度,7,2
1293,模糊,7,2
1294,携带,7,2
1295,真的,7,2
1296,整理,7,2
1297,按照,7,2
1298,书桌,7,2
1299,觉,7,2
1300,龙虾,7,2
1301,谦虚,7,2
1302,李子,7,2
1303,尤其,7,2
1304,关心,7,2
1305,关键,7,2
1306,冰淇淋,7,2
1307,偷,7,2
1308,翻,7,2
1309,兔,7,2
1310,读书,7,2
1311,功夫,7,2
1312,亲切,7,2
1313,光临,7,2
1314,女人,7,2
1315,道理,7,2
1316,话剧,7,2
1317,永远,7,2
1318,实际,7,2
1319,照相机,7,2
1320,广泛,7,2
1321,主动,7,2
1322,美术,7,2
1323,草,7,2
1324,剪刀,7,2
1325,箱子,7,2
1326,研究所,7,2
1327,处理,7,2
1328,豆浆,7,2
1329,雕刻,7,2
1330,修理,7,2
1331,捡,7,2
1332,与,7,2
1333,的确,7,2
1334,当地,7,2
1335,打电话,7,2
1336,凉,7,2
1337,兑换,7,2
1338,炸,7,2
1339,居民,7,2
1340,难得,7,2
1341,闻,7,2
1342,革命,7,2
1343,累积,7,2
1344,吩咐,7,2
1345,回忆,7,2
1346,举办,7,2
1347,逛街,7,2
1348,除夕,7,2
1349,原因,7,2
1350,哭,7,2
1351,尊敬,7,2
1352,早餐,7,2
1353,信仰,7,2
1354,臭,7,2
1355,起,7,2
1356,楼下,7,2
1357,将来,7,2
1358,茶叶,7,2
1359,小学生,7,2
1360,写字,7,2
1361,海鲜,7,2
1362,避免,7,2
1363,表妹,7,2
1364,行程,7,2
1365,晚会,7,2
1366,虾,7,2
1367,吃饭,7,2
1368,电话号码,7,2
1369,限制,7,2
1370,日子,7,2
1371,日历,7,2
1372,电子,7,2
1373,斧头,7,2
1374,半夜,7,2
1375,翻译,7,2
1376,信心,7,2
1377,不仅,7,2
1378,邮筒,7,2
1379,降落,7,2
1380,退休,7,2
1381,绿色,7,2
1382,一点,7,2
1383,年夜饭,7,2
1384,沿,7,2
1385,浪费,7,2
1386,售货员,7,2
1387,夜市,7,2
1388,伤害,7,2
1389,生存,7,2
1390,严重,7,2
1391,病人,7,2
1392,墨,7,2
1393,期待,7,2
1394,明信片,7,2
1395,替,7,2
1396,加油,7,2
1397,接触,7,2
1398,循环,7,2
1399,个人,7,2
1400,复习,7,2
1401,儿童,7,2
1402,诊所,7,2
1403,情绪,7,2
1404,训练,7,2
1405,妥善,7,2
1406,干,7,2
1407,冲,7,2
1408,根,7,2
1409,祖父,7,2
1410,体温,7,2
1411,印象,7,2
1412,芒果,7,2
1413,好玩,7,2
1414,变化,7,2
1415,哎呀,7,2
1416,情形,7,2
1417,样,7,2
1418,手续,7,2
1419,回家,7,2
1420,角,7,2
1421,完全,7,2
1422,兴奋,7,2
1423,抱歉,7,2
1424,火腿,7,2
1425,堂,7,2
1426,缺点,7,2
1427,刚才,7,2
1428,紫,7,2
1429,黑板,7,2
1430,毛笔,7,2
1431,玉,7,2
1432,十月,7,2
1433,悠闲,7,2
1434,积极,7,2
1435,念书,7,2
1436,不一定,7,2
1437,解决,7,2
1438,开会,7,2
1439,湖,7,2
1440,年纪,7,2
1441,精美,7,2
1442,笔记本,7,2
1443,普通,7,2
1444,餐巾纸,7,2
1445,娱乐,7,2
1446,弹,7,2
1447,悲剧,7,2
1448,身材,7,2
1449,声调,7,2
1450,炒饭,7,2
1451,规模,7,2
1452,处,7,2
1453,拜托,7,2
1454,态度,7,2
1455,管理,7,2
1456,律师,7,2
1457,理想,7,2
1458,随时,7,2
1459,敲,7,2
1460,现代化,7,2
1461,车票,7,2
1462,太极拳,7,2
1463,包裹,7,2
1464,距离,7,2
1465,沙拉,7,2
1466,练,7,2
1467,年轻,7,2
1468,青,7,2
1469,人类,7,2
1470,要是,7,2
1471,糖果,7,2
1472,似乎,7,2
1473,学费,7,2
1474,生肖,7,2
1475,食物,7,2
1476,海洋,7,2
1477,保护,7,2
1478,艺术,7,2
1479,定期,7,2
1480,显示,7,2
1481,七月,7,2
1482,歌,7,2
1483,饼干,7,2
1484,通过,7,2
1485,靠,7,2
1486,隔,7,2
1487,错过,7,2
1488,冲击,7,2
1489,秋,6,2
1490,美金,6,2
1491,追,6,2
1492,实施,6,2
1493,单子,6,2
1494,商量,6,2
1495,正月,6,2
1496,提升,6,2
1497,烟,6,2
1498,测验,6,2
1499,观众,6,2
1500,劳动,6,2
1501,便,6,2
1502,地点,6,2
1503,礼貌,6,2
1504,有关,6,2
1505,分析,6,2
1506,饭厅,6,2
1507,夫妇,6,2
1508,架,6,2
1509,做饭,6,2
1510,游客,6,2
1511,发行,6,2
1512,薄,6,2
1513,明显,6,2
1514,美国人,6,2
1515,免得,6,2
1516,掌握,6,2
1517,牙膏,6,2
1518,义务,6,2
1519,运气,6,2
1520,喊,6,2
1521,面临,6,2
1522,自杀,6,2
1523,挫折,6,2
1524,粽子,6,2
1525,初,6,2
1526,分享,6,2
1527,服装,6,2
1528,反映,6,2
1529,方式,6,2
1530,各位,6,2
1531,地理,6,2
1532,劝,6,2
1533,望,6,2
1534,华人,6,2
1535,扑,6,2
1536,繁荣,6,2
1537,杀,6,2
1538,展览,6,2
1539,卡片,6,2
1540,竟然,6,2
1541,证件,6,2
1542,蓝色,6,2
1543,双人房,6,2
1544,墙,6,2
1545,寒假,6,2
1546,约会,6,2
1547,焦急,6,2
1548,女士,6,2
1549,仪式,6,2
1550,字典,6,2
1551,扇子,6,2
1552,重视,6,2
1553,新娘,6,2
1554,缺,6,2
1555,黑色,6,2
1556,密码,6,2
1557,十四,6,2
1558,立刻,6,2
1559,癌症,6,2
1560,具体,6,2
1561,民族,6,2
1562,租金,6,2
1563,表姐,6,2
1564,忘了,6,2
1565,进行,6,2
1566,交换,6,2
1567,丈夫,6,2
1568,遗憾,6,2
1569,否则,6,2
1570,请假,6,2
1571,大量,6,2
1572,时髦,6,2
1573,家庭,6,2
1574,春节,6,2
1575,静,6,2
1576,社会,6,2
1577,确实,6,2
1578,婚礼,6,2
1579,健身房,6,2
1580,统计,6,2
1581,台币,6,2
1582,肯,6,2
1583,做事,6,2
1584,光线,6,2
1585,星期三,6,2
1586,番茄,6,2
1587,嘴,6,2
1588,请问,6,2
1589,乒乓球,6,2
1590,领带,6,2
1591,脖子,6,2
1592,专门,6,2
1593,办法,6,2
1594,作家,6,2
1595,考,6,2
1596,碰,6,2
1597,舒适,6,2
1598,活跃,6,2
1599,对话,6,2
1600,因此,6,2
1601,木瓜,6,2
1602,绝,6,2
1603,耐心,6,2
1604,平,6,2
1605,顾客,6,2
1606,针对,6,2
1607,策略,6,2
1608,咱们,6,2
1609,砍,6,2
1610,大楼,6,2
1611,贵姓,6,2
1612,退,6,2
1613,担任,6,2
1614,享受,6,2
1615,汉字,6,2
1616,赠送,6,2
1617,文明,6,2
1618,盘子,6,2
1619,举手,6,2
1620,梦幻,6,2
1621,层,6,2
1622,出差,6,2
1623,校园,6,2
1624,首都,6,2
1625,气温,6,2
1626,窗子,6,2
1627,程度,6,2
1628,五月,6,2
1629,手帕,6,2
1630,风格,6,2
1631,技术,6,2
1632,有效,6,2
1633,牙,6,2
1634,住宅,6,2
1635,婴儿,6,2
1636,再说,6,2
1637,操场,6,2
1638,请教,6,2
1639,淡,6,2
1640,由,6,2
1641,月饼,6,2
1642,黄瓜,6,2
1643,拥抱,6,2
1644,难看,6,2
1645,光荣,6,2
1646,逐渐,6,2
1647,工业,6,2
1648,功能,6,2
1649,装,6,2
1650,朵,6,2
1651,度假,6,2
1652,深,6,2
1653,冬,6,2
1654,贸易,6,2
1655,领域,6,2
1656,梦想,6,2
1657,制作,6,2
1658,班机,6,2
1659,主要,6,2
1660,名片,6,2
1661,划,6,2
1662,题,6,2
1663,机器,6,2
1664,叉子,6,2
1665,区,6,2
1666,卡车,6,2
1667,闹钟,6,2
1668,低,6,2
1669,初中,6,2
1670,精致,6,2
1671,年龄,6,2
1672,压岁钱,6,2
1673,规矩,6,2
1674,垃圾,6,2
1675,英国人,6,2
1676,流汗,6,2
1677,保证,6,2
1678,灰色,6,2
1679,米饭,6,2
1680,到底,6,2
1681,预报,6,2
1682,季,6,2
1683,进来,6,2
1684,口袋,6,2
1685,糖醋排骨,6,2
1686,损失,6,2
1687,扫,6,2
1688,房,6,2
1689,红包,6,2
1690,统一,6,2
1691,品质,6,2
1692,生物,6,2
1693,果然,6,2
1694,生态,6,2
1695,东部,6,2
1696,既然,6,2
1697,趁,6,2
1698,画儿,6,2
1699,却,6,2
1700,晚餐,6,2
1701,科,6,2
1702,粉红色,6,2
1703,象,6,2
1704,词典,6,2
1705,连,6,2
1706,制度,6,2
1707,大陆,6,2
1708,好久,6,2
1709,许多,6,2
1710,外边,6,2
1711,名称,6,2
1712,按摩,6,2
1713,准,6,2
1714,骂,6,2
1715,六月,6,2
1716,清淡,6,2
1717,幸亏,6,2
1718,脸,6,2
1719,外,6,2
1720,页,6,2
1721,或是,6,2
1722,取,6,2
1723,上车,6,2
1724,彼此,6,2
1725,快速,6,2
1726,留学生,6,2
1727,夏,6,2
1728,刀,6,2
1729,试穿,6,2
1730,材料,6,2
1731,棵,6,2
1732,加油站,6,2
1733,圆满,6,2
1734,钱包,6,2
1735,赶,6,2
1736,镇,6,2
1737,我的,6,2
1738,购物,6,2
1739,尊重,6,2
1740,居住,6,2
1741,句,6,2
1742,端午节,6,2
1743,职业,6,2
1744,双方,6,2
1745,通讯,6,2
1746,端,6,2
1747,剪,6,2
1748,停车场,6,2
1749,伤心,6,2
1750,极,6,2
1751,晴,6,2
1752,以,6,2
1753,欢呼,6,2
1754,布,6,2
1755,底,6,2
1756,政府,6,2
1757,酸辣汤,6,2
1758,取消,6,2
1759,演讲,6,2
1760,考虑,6,2
1761,排骨,6,2
1762,合理,6,2
1763,宽,6,2
1764,交,6,2
1765,社区,6,2
1766,连续,6,2
1767,地球,6,2
1768,挂号信,6,2
1769,海,6,2
1770,湿,6,2
1771,记载,6,2
1772,愿意,6,2
1773,客户,6,2
1774,执行,6,2
1775,二十一,6,2
1776,爱情,6,2
1777,突破,6,2
1778,电视机,6,2
1779,奖学金,6,2
1780,承诺,6,2
1781,德文,6,2
1782,三月,6,2
1783,主任,6,2
1784,集中,6,2
1785,膝盖,6,2
1786,抽,6,2
1787,个性,6,2
1788,趟,6,2
1789,中心,6,2
1790,猴,6,2
1791,经过,6,2
1792,负责,6,2
1793,吃素,6,2
1794,条件,6,2
1795,闻名,6,2
1796,招待,6,2
1797,天天,6,2
1798,赚,6,2
1799,勉强,6,2
1800,那边,6,2
1801,十三,6,2
1802,住院,6,2
1803,写作,6,2
1804,片,6,2
1805,胃口,6,2
1806,害怕,6,2
1807,研究,6,2
1808,看病,6,2
1809,语法,6,2
1810,京剧,6,2
1811,事先,6,2
1812,理性,5,2
1813,画家,5,2
1814,全家,5,2
1815,家长,5,2
1816,血压,5,2
1817,充分,5,2
1818,倍,5,2
1819,文章,5,2
1820,购物中心,5,2
1821,呆,5,2
1822,由于,5,2
1823,至于,5,2
1824,无,5,2
1825,抽烟,5,2
1826,春假,5,2
1827,右转,5,2
1828,动作片,5,2
1829,拒绝,5,2
1830,立即,5,2
1831,嘛,5,2
1832,舞会,5,2
1833,作,5,2
1834,黄色,5,2
1835,熊,5,2
1836,彩色,5,2
1837,计算机,5,2
1838,反应,5,2
1839,橙,5,2
1840,声,5,2
1841,食堂,5,2
1842,优惠,5,2
1843,现场,5,2
1844,鬼,5,2
1845,配合,5,2
1846,遇见,5,2
1847,日本,5,2
1848,酒店,5,2
1849,英国,5,2
1850,下次,5,2
1851,人们,5,2
1852,中式,5,2
1853,尤其是,5,2
1854,聚集,5,2
1855,三十,5,2
1856,角度,5,2
1857,解释,5,2
1858,美国,5,2
1859,剩,5,2
1860,身高,5,2
1861,夜里,5,2
1862,卫生间,5,2
1863,体操,5,2
1864,单人床,5,2
1865,地下室,5,2
1866,傍晚,5,2
1867,不久,5,2
1868,群,5,2
1869,可,5,2
1870,竞争,5,2
1871,过敏,5,2
1872,防止,5,2
1873,来回票,5,2
1874,破坏,5,2
1875,中饭,5,2
1876,常用,5,2
1877,讽刺,5,2
1878,草帽,5,2
1879,风光,5,2
1880,傻,5,2
1881,底下,5,2
1882,医疗,5,2
1883,箱,5,2
1884,歌手,5,2
1885,美味,5,2
1886,结构,5,2
1887,油条,5,2
1888,赚钱,5,2
1889,供奉,5,2
1890,活,5,2
1891,许可,5,2
1892,伤,5,2
1893,传说,5,2
1894,海滩,5,2
1895,经营,5,2
1896,游览,5,2
1897,协商,5,2
1898,夜,5,2
1899,姥姥,5,2
1900,预备,5,2
1901,化妆品,5,2
1902,博士,5,2
1903,人行道,5,2
1904,体系,5,2
1905,发财,5,2
1906,可口,5,2
1907,确认,5,2
1908,主管,5,2
1909,电子邮件,5,2
1910,猜,5,2
1911,成长,5,2
1912,薯条,5,2
1913,屋顶,5,2
1914,画展,5,2
1915,摘,5,2
1916,塞,5,2
1917,出门,5,2
1918,课程,5,2
1919,整天,5,2
1920,香味,5,2
1921,鼓,5,2
1922,坏处,5,2
1923,和谐,5,2
1924,套房,5,2
1925,情,5,2
1926,留言,5,2
1927,小提琴,5,2
1928,说明,5,2
1929,喜剧,5,2
1930,内科,5,2
1931,来往,5,2
1932,秒,5,2
1933,还有,5,2
1934,导致,5,2
1935,月台,5,2
1936,特殊,5,2
1937,称,5,2
1938,肩膀,5,2
1939,存折,5,2
1940,柠檬,5,2
1941,殷勤,5,2
1942,理论,5,2
1943,钢笔,5,2
1944,笑话,5,2
1945,夫妻,5,2
1946,计,5,2
1947,笨,5,2
1948,味精,5,2
1949,感,5,2
1950,稳,5,2
1951,般,5,2
1952,稍等,5,2
1953,春联,5,2
1954,乐,5,2
1955,报名,5,2
1956,工厂,5,2
1957,释放,5,2
1958,对不起,5,2
1959,下棋,5,2
1960,身份证,5,2
1961,事件,5,2
1962,勺子,5,2
1963,蛋白质,5,2
1964,后悔,5,2
1965,吵架,5,2
1966,道路,5,2
1967,救护车,5,2
1968,伯父,5,2
1969,团聚,5,2
1970,林,5,2
1971,反正,5,2
1972,归,5,2
1973,则,5,2
1974,滋味,5,2
1975,如,5,2
1976,烤肉,5,2
1977,扣,5,2
1978,饼,5,2
1979,乐器,5,2
1980,输,5,2
1981,背景,5,2
1982,俗话,5,2
1983,前边,5,2
1984,疲惫,5,2
1985,保险,5,2
1986,递,5,2
1987,幸福,5,2
1988,锻炼,5,2
1989,茶具,5,2
1990,聊天,5,2
1991,非,5,2
1992,图,5,2
1993,预估,5,2
1994,念头,5,2
1995,分数,5,2
1996,巫婆,5,2
1997,馒头,5,2
1998,展开,5,2
1999,观察,5,2
2000,宫保鸡丁,5,2
2001,秋千,5,2
2002,荣幸,5,2
2003,拼命,5,2
2004,粥,5,2
2005,鼓励,5,2
2006,幽默,5,2
2007,意义,5,2
2008,时钟,5,2
2009,失败,5,2
2010,警告,5,2
2011,会议,5,2
2012,校车,5,2
2013,主食,5,2
2014,折扣,5,2
2015,体贴,5,2
2016,凶,5,2
2017,同伴,5,2
2018,自助餐,5,2
2019,卧房,5,2
2020,挽,5,2
2021,领先,5,2
2022,规范,5,2
2023,储蓄,5,2
2024,房东,5,2
2025,发射,5,2
2026,大自然,5,2
2027,无聊,5,2
2028,原谅,5,2
2029,卫生纸,5,2
2030,父母,5,2
2031,明,5,2
2032,持续,5,2
2033,甚至,5,2
2034,率,5,2
2035,例如,5,2
2036,从此,5,2
2037,理由,5,2
2038,打扰,5,2
2039,戒指,5,2
2040,虎,5,2
2041,甘蔗,5,2
2042,建设性,5,2
2043,服务生,5,2
2044,作品,5,2
2045,应用,5,2
2046,古老,5,2
2047,代表,5,2
2048,温暖,5,2
2049,大后天,5,2
2050,地板,5,2
2051,花瓶,5,2
2052,男孩,5,2
2053,既,5,2
2054,假日,5,2
2055,提高,5,2
2056,陷,5,2
2057,解除,5,2
2058,线,5,2
2059,咬,5,2
2060,顶,5,2
2061,十五,5,2
2062,味,5,2
2063,九月,5,2
2064,城堡,5,2
2065,相处,5,2
2066,得到,5,2
2067,割,5,2
2068,品尝,5,2
2069,友谊,5,2
2070,捷运站,5,2
2071,卷,5,2
2072,流,5,2
2073,瞩目,5,2
2074,充实,5,2
2075,玫瑰,5,2
2076,加班,5,2
2077,吸引,5,2
2078,立,5,2
2079,开发,5,2
2080,保龄球,5,2
2081,拿手,5,2
2082,工人,5,2
2083,汁,5,2
2084,项目,5,2
2085,灰尘,5,2
2086,用心,5,2
2087,毯子,5,2
2088,摸,5,2
2089,保障,5,2
2090,心脏病,5,2
2091,或,5,2
2092,祝贺,5,2
2093,例子,5,2
2094,负担,5,2
2095,金,5,2
2096,工资,5,2
2097,可笑,5,2
2098,西方,5,2
2099,招呼,5,2
2100,图案,5,2
2101,鹿,5,2
2102,不管,5,2
2103,罐,5,2
2104,骨头,5,2
2105,打破,5,2
2106,关于,5,2
2107,开玩笑,5,2
2108,感动,5,2
2109,分开,5,2
2110,图片,5,2
2111,对抗,5,2
2112,壶,5,2
2113,对方,5,2
2114,拖鞋,5,2
2115,发表,5,2
2116,多久,5,2
2117,后边,5,2
2118,手续费,5,2
2119,感激,5,2
2120,认,5,2
2121,行为,5,2
2122,满足,5,2
2123,副,5,2
2124,断,5,2
2125,瓷器,5,2
2126,攀升,5,2
2127,窄,5,2
2128,网路,5,2
2129,佩服,5,2
2130,球场,5,2
2131,迷人,5,2
2132,总,5,2
2133,保存,5,2
2134,子孙,5,2
2135,记录,5,2
2136,遇到,5,2
2137,题目,5,2
2138,不幸,5,2
2139,挑战,5,2
2140,顿,5,2
2141,泡茶,5,2
2142,地区,5,2
2143,醒,5,2
2144,西边,5,2
2145,隔离,5,2
2146,典型,5,2
2147,身上,5,2
2148,阳台,5,2
2149,项链,5,2
2150,协助,5,2
2151,陆续,5,2
2152,关注,5,2
2153,疾病,5,2
2154,利息,5,2
2155,部分,5,2
2156,交易,5,2
2157,祝福,5,2
2158,池塘,5,2
2159,外国,5,2
2160,烂,5,2
2161,房客,5,2
2162,T恤,5,2
2163,警察局,5,2
2164,棒,5,2
2165,灰,5,2
2166,打球,5,2
2167,若,5,2
2168,方面,5,2
2169,进展,5,2
2170,扔,5,2
2171,推出,5,2
2172,丝,5,2
2173,角色,5,2
2174,相同,5,2
2175,女孩,5,2
2176,灯笼,5,2
2177,意见,5,2
2178,华侨,5,2
2179,网站,5,2
2180,食品,5,2
2181,疲劳,5,2
2182,篇,5,2
2183,这边,5,2
2184,梨,5,2
2185,呀,5,2
2186,乘客,5,2
2187,汤圆,5,2
2188,老家,5,2
2189,冲突,5,2
2190,果酱,5,2
2191,起初,5,2
2192,单,5,2
2193,具,5,2
2194,教师,5,2
2195,头晕,5,2
2196,梨子,5,2
2197,差距,5,2
2198,答应,5,2
2199,军队,5,2
2200,感情,5,2
2201,大象,5,2
2202,岸,5,2
2203,价值,5,2
2204,彩色笔,5,2
2205,乡下,5,2
2206,激烈,5,2
2207,揭晓,5,2
2208,感恩节,5,2
2209,汗衫,5,2
2210,宛如,5,2
2211,荧幕,5,2
2212,来自,5,2
2213,周到,5,2
2214,催,5,2
2215,新闻,5,2
2216,钓鱼,5,2
2217,舌头,5,2
2218,软,5,2
2219,红烧,5,2
2220,运动员,5,2
2221,窗,5,2
2222,编,5,2
2223,夹克,5,2
2224,独立,5,2
2225,笼子,5,2
2226,糖醋鱼,5,2
2227,招牌,5,2
2228,现象,5,2
2229,沟通,5,2
2230,牙刷,5,2
2231,效率,5,2
2232,咖啡色,5,2
2233,镜子,5,2
2234,地毯,5,2
2235,孙子,5,2
2236,事故,5,2
2237,小丑,5,2
2238,纯,5,2
2239,元宵,5,2
2240,草原,5,2
2241,将近,5,2
2242,现代,5,2
2243,退步,5,2
2244,鞭炮,5,2
2245,美妙,5,2
2246,认得,5,2
2247,铁,5,2
2248,沮丧,5,2
2249,红色,5,2
2250,学问,5,2
2251,之,5,2
2252,住址,5,2
2253,接着,5,2
2254,烦,5,2
2255,西装,5,2
2256,看法,5,2
2257,抵达,5,2
2258,名,5,2
2259,能力,5,2
2260,保留,5,2
2261,橘色,5,2
2262,刷卡,5,2
2263,类,5,2
2264,整,5,2
2265,祖母,5,2
2266,背诵,5,2
2267,助理,5,2
2268,丧生,5,2
2269,符合,5,2
2270,改革,5,2
2271,打包,5,2
2272,单人房,5,2
2273,待,5,2
2274,松,5,2
2275,前年,5,2
2276,日出,5,2
2277,打雷,5,2
2278,鼓舞,5,2
2279,名胜,5,2
2280,询问,5,2
2281,机票,5,2
2282,警惕,5,2
2283,公车站,5,2
2284,同事,5,2
2285,模样,5,2
2286,威胁,5,2
2287,油腻,5,2
2288,课文,5,2
2289,订票,5,2
2290,固定,5,2
2291,方言,5,2
2292,透过,5,2
2293,总经理,5,2
2294,超,5,2
2295,未来,5,2
2296,地铁站,5,2
2297,仅,5,2
2298,胡说,5,2
2299,蛋花汤,5,2
2300,发票,5,2
2301,款式,5,2
2302,景点,5,2
2303,皮肤,5,2
2304,帅,5,2
2305,俩,4,2
2306,香港,4,2
2307,群众,4,2
2308,打听,4,2
2309,感觉,4,2
2310,发明,4,2
2311,世纪,4,2
2312,开幕,4,2
2313,理解,4,2
2314,不屑,4,2
2315,十七,4,2
2316,关切,4,2
2317,好客,4,2
2318,晒,4,2
2319,星,4,2
2320,堂姐,4,2
2321,礼拜天,4,2
2322,磨,4,2
2323,挑选,4,2
2324,中途,4,2
2325,成果,4,2
2326,外祖母,4,2
2327,香水,4,2
2328,拍照,4,2
2329,爸,4,2
2330,伯母,4,2
2331,强烈,4,2
2332,相,4,2
2333,温泉,4,2
2334,花瓣,4,2
2335,火灾,4,2
2336,砚台,4,2
2337,指挥,4,2
2338,落后,4,2
2339,觅,4,2
2340,齐全,4,2
2341,进口,4,2
2342,热情,4,2
2343,勇敢,4,2
2344,捕,4,2
2345,生命,4,2
2346,一旦,4,2
2347,包含,4,2
2348,当时,4,2
2349,滑,4,2
2350,千万,4,2
2351,煎,4,2
2352,见证,4,2
2353,行人,4,2
2354,挺,4,2
2355,禁忌,4,2
2356,碰到,4,2
2357,河流,4,2
2358,执照,4,2
2359,学年,4,2
2360,周,4,2
2361,弱,4,2
2362,分类,4,2
2363,其中,4,2
2364,盛大,4,2
2365,减价,4,2
2366,阶段,4,2
2367,翡翠,4,2
2368,主人,4,2
2369,主张,4,2
2370,公尺,4,2
2371,角落,4,2
2372,放缓,4,2
2373,麦片,4,2
2374,答复,4,2
2375,巡视,4,2
2376,倒霉,4,2
2377,大选,4,2
2378,从事,4,2
2379,提示,4,2
2380,洗发精,4,2
2381,从前,4,2
2382,账单,4,2
2383,单位,4,2
2384,水管,4,2
2385,美观,4,2
2386,凤,4,2
2387,马虎,4,2
2388,码,4,2
2389,公路,4,2
2390,浴缸,4,2
2391,生词,4,2
2392,赠品,4,2
2393,水龙头,4,2
2394,装饰,4,2
2395,高大,4,2
2396,借口,4,2
2397,下边,4,2
2398,国籍,4,2
2399,早晨,4,2
2400,传真,4,2
2401,日用品,4,2
2402,燕子,4,2
2403,恍惚,4,2
2404,七十,4,2
2405,听众,4,2
2406,淘气,4,2
2407,相当,4,2
2408,解约,4,2
2409,恋爱,4,2
2410,野餐,4,2
2411,松树,4,2
2412,昂贵,4,2
2413,枕头,4,2
2414,旺盛,4,2
2415,储备,4,2
2416,轮椅,4,2
2417,小气,4,2
2418,突出,4,2
2419,石头,4,2
2420,不够,4,2
2421,眼泪,4,2
2422,除非,4,2
2423,完整,4,2
2424,街道,4,2
2425,犯罪,4,2
2426,臭豆腐,4,2
2427,配,4,2
2428,发型,4,2
2429,纾解,4,2
2430,天花板,4,2
2431,头疼,4,2
2432,布局,4,2
2433,资讯,4,2
2434,烫,4,2
2435,抵抗,4,2
2436,食,4,2
2437,稍微,4,2
2438,反,4,2
2439,堂弟,4,2
2440,文具店,4,2
2441,剧场,4,2
2442,一下,4,2
2443,遭遇,4,2
2444,例外,4,2
2445,搞,4,2
2446,判断,4,2
2447,白饭,4,2
2448,一刻,4,2
2449,总算,4,2
2450,维持,4,2
2451,治疗,4,2
2452,脾气,4,2
2453,花费,4,2
2454,纵使,4,2
2455,小孩,4,2
2456,孤独,4,2
2457,一边,4,2
2458,舆论,4,2
2459,服务台,4,2
2460,牛肉面,4,2
2461,单程票,4,2
2462,中国菜,4,2
2463,成熟,4,2
2464,男生,4,2
2465,山洞,4,2
2466,便当,4,2
2467,场合,4,2
2468,全面,4,2
2469,忙碌,4,2
2470,花生,4,2
2471,转车,4,2
2472,挑,4,2
2473,忍,4,2
2474,轮船,4,2
2475,户头,4,2
2476,救济,4,2
2477,餐车,4,2
2478,业务,4,2
2479,倒是,4,2
2480,皮,4,2
2481,玩儿,4,2
2482,证实,4,2
2483,竹,4,2
2484,步行,4,2
2485,图画,4,2
2486,采购,4,2
2487,回教,4,2
2488,公斤,4,2
2489,打扮,4,2
2490,罚,4,2
2491,血,4,2
2492,直,4,2
2493,新生,4,2
2494,吹,4,2
2495,开门,4,2
2496,商业,4,2
2497,出产,4,2
2498,古代,4,2
2499,十八,4,2
2500,铃,4,2
2501,管制,4,2
2502,平信,4,2
2503,以免,4,2
2504,指控,4,2
2505,实现,4,2
2506,必,4,2
2507,据说,4,2
2508,队员,4,2
2509,火鸡,4,2
2510,外行,4,2
2511,始终,4,2
2512,信任,4,2
2513,入口,4,2
2514,性质,4,2
2515,停止,4,2
2516,组,4,2
2517,打喷嚏,4,2
2518,失望,4,2
2519,尺,4,2
2520,美容院,4,2
2521,网址,4,2
2522,局,4,2
2523,最多,4,2
2524,开药,4,2
2525,道歉,4,2
2526,拔,4,2
2527,智慧,4,2
2528,买单,4,2
2529,刮,4,2
2530,常见,4,2
2531,支持,4,2
2532,兄弟,4,2
2533,派遣,4,2
2534,检测,4,2
2535,店员,4,2
2536,坐下,4,2
2537,安置,4,2
2538,估计,4,2
2539,岛屿,4,2
2540,一度,4,2
2541,争议,4,2
2542,贝壳,4,2
2543,冒险,4,2
2544,观,4,2
2545,姜,4,2
2546,四十,4,2
2547,合租,4,2
2548,官,4,2
2549,而,4,2
2550,精力,4,2
2551,冲浪,4,2
2552,皮包,4,2
2553,朝,4,2
2554,位于,4,2
2555,针,4,2
2556,开刀,4,2
2557,充足,4,2
2558,比萨,4,2
2559,恢复,4,2
2560,糊涂,4,2
2561,茶馆,4,2
2562,员工,4,2
2563,饮食,4,2
2564,年底,4,2
2565,十分,4,2
2566,风度,4,2
2567,骄傲,4,2
2568,账户,4,2
2569,同,4,2
2570,推翻,4,2
2571,骆驼,4,2
2572,中国,4,2
2573,讲台,4,2
2574,思想,4,2
2575,喝茶,4,2
2576,儿,4,2
2577,公平,4,2
2578,染,4,2
2579,宝宝,4,2
2580,外国人,4,2
2581,燃烧,4,2
2582,填写,4,2
2583,丧失,4,2
2584,造成,4,2
2585,旅行支票,4,2
2586,叶子,4,2
2587,困扰,4,2
2588,瀑布,4,2
2589,府,4,2
2590,汗,4,2
2591,天堂,4,2
2592,企业,4,2
2593,关怀,4,2
2594,演奏,4,2
2595,年糕,4,2
2596,同时,4,2
2597,清洁,4,2
2598,刷,4,2
2599,培养,4,2
2600,跋涉,4,2
2601,雨衣,4,2
2602,均衡,4,2
2603,插,4,2
2604,点头,4,2
2605,列,4,2
2606,喜爱,4,2
2607,改善,4,2
2608,吓,4,2
2609,开放,4,2
2610,运动场,4,2
2611,减,4,2
2612,塞车,4,2
2613,集邮,4,2
2614,膏,4,2
2615,压力,4,2
2616,可口可乐,4,2
2617,馄饨,4,2
2618,吟,4,2
2619,圆形,4,2
2620,汤匙,4,2
2621,半票,4,2
2622,团圆,4,2
2623,海军,4,2
2624,反射,4,2
2625,园林,4,2
2626,相信,4,2
2627,冷冻,4,2
2628,预计,4,2
2629,推广,4,2
2630,或许,4,2
2631,命令,4,2
2632,难忘,4,2
2633,集会,4,2
2634,重新,4,2
2635,时代,4,2
2636,上当,4,2
2637,孤立,4,2
2638,种植,4,2
2639,慌,4,2
2640,嫁,4,2
2641,收费,4,2
2642,不要,4,2
2643,一块儿,4,2
2644,古董,4,2
2645,室,4,2
2646,干杯,4,2
2647,党,4,2
2648,卫士,4,2
2649,面貌,4,2
2650,画画,4,2
2651,通知单,4,2
2652,听写,4,2
2653,政策,4,2
2654,玉米,4,2
2655,劳累,4,2
2656,那些,4,2
2657,模仿,4,2
2658,元宵节,4,2
2659,即使,4,2
2660,尴尬,4,2
2661,遮,4,2
2662,明智,4,2
2663,形成,4,2
2664,提起,4,2
2665,家庭主妇,4,2
2666,失手,4,2
2667,商品,4,2
2668,调味料,4,2
2669,良心,4,2
2670,套装,4,2
2671,善于,4,2
2672,问路,4,2
2673,反而,4,2
2674,耳机,4,2
2675,长城,4,2
2676,织,4,2
2677,见识,4,2
2678,受伤,4,2
2679,浓厚,4,2
2680,通,4,2
2681,大厦,4,2
2682,吉祥,4,2
2683,抗议,4,2
2684,得分,4,2
2685,所有的,4,2
2686,维护,4,2
2687,友善,4,2
2688,夏令营,4,2
2689,挡,4,2
2690,半天,4,2
2691,不如,4,2
2692,女孩子,4,2
2693,进入,4,2
2694,办理,4,2
2695,采取,4,2
2696,消,4,2
2697,喔,4,2
2698,十九,4,2
2699,片子,4,2
2700,诗人,4,2
2701,逐步,4,2
2702,芹菜,4,2
2703,电报,4,2
2704,诞生,4,2
2705,体力,4,2
2706,人生,4,2
2707,打工,4,2
2708,醉,4,2
2709,翅膀,4,2
2710,联合国,4,2
2711,轮子,4,2
2712,值钱,4,2
2713,士气,4,2
2714,作文,4,2
2715,壮,4,2
2716,描绘,4,2
2717,宣布,4,2
2718,收藏,4,2
2719,害,4,2
2720,考验,4,2
2721,驾驶,4,2
2722,厅,4,2
2723,才能,4,2
2724,故意,4,2
2725,羽毛,4,2
2726,双语,4,2
2727,常识,4,2
2728,口水,4,2
2729,过来,4,2
2730,聚,4,2
2731,词,4,2
2732,全部,4,2
2733,键盘,4,2
2734,舞蹈,4,2
2735,巧妙,4,2
2736,小麦,4,2
2737,利率,4,2
2738,饶,4,2
2739,柜子,4,2
2740,素菜,4,2
2741,干脆,4,2
2742,全票,4,2
2743,五十,4,2
2744,平原,4,2
2745,结,4,2
2746,宝贵,4,2
2747,和尚,4,2
2748,错误,4,2
2749,姑娘,4,2
2750,宠物,4,2
2751,放松,4,2
2752,偿还,4,2
2753,协议,4,2
2754,发达,4,2
2755,流血,4,2
2756,阅历,4,2
2757,厌恶,4,2
2758,秘密,4,2
2759,路线图,4,2
2760,性别,4,2
2761,相声,4,2
2762,彻底,4,2
2763,烟火,4,2
2764,东半球,4,2
2765,扩张,4,2
2766,麻婆豆腐,4,2
2767,语文,4,2
2768,从来,4,2
2769,空气,4,2
2770,天然,4,2
2771,胃痛,4,2
2772,折,4,2
2773,蘑菇,4,2
2774,要紧,4,2
2775,动作,4,2
2776,委托,4,2
2777,雪人,4,2
2778,相反,4,2
2779,想象,4,2
2780,啦啦队,4,2
2781,前景,4,2
2782,梅花,4,2
2783,风险,4,2
2784,嗯,4,2
2785,早点,4,2
2786,怀念,4,2
2787,别人,4,2
2788,一向,4,2
2789,援助,4,2
2790,冻,4,2
2791,迎接,4,2
2792,洋娃娃,4,2
2793,元旦,4,2
2794,获得,4,2
2795,狮,4,2
2796,茶壶,4,2
2797,收到,4,2
2798,流传,4,2
2799,搭讪,4,2
2800,长大,4,2
2801,热烈,4,2
2802,自动,4,2
2803,数位相机,4,2
2804,护,4,2
2805,跟进,4,2
2806,军人,4,2
2807,坚定,4,2
2808,挤满,4,2
2809,适当,4,2
2810,可怕,4,2
2811,繁忙,4,2
2812,转达,4,2
2813,及时,4,2
2814,神经,4,2
2815,奶油,4,2
2816,三角形,4,2
2817,表哥,4,2
2818,库存,4,2
2819,就是,4,2
2820,紧,4,2
2821,伏,4,2
2822,延迟,4,2
2823,团结,4,2
2824,消失,4,2
2825,譬如,4,2
2826,形象,4,2
2827,兵马俑,4,2
2828,籍,4,2
2829,剩下,4,2
2830,附,4,2
2831,多半,4,2
2832,内,4,2
2833,上星期,4,2
2834,民主,4,2
2835,港口,4,2
2836,婶婶,4,2
2837,尺寸,4,2
2838,轮流,4,2
2839,温馨,4,2
2840,偶尔,4,2
2841,十六,4,2
2842,苏醒,4,2
2843,主席,4,2
2844,商场,4,2
2845,无法,4,2
2846,预防,4,2
2847,孙女,4,2
2848,马铃薯,4,2
2849,涨,4,2
2850,棋,4,2
2851,含,4,2
2852,文艺片,4,2
2853,礼拜六,4,2
2854,添,4,2
2855,锁,4,2
2856,探索,4,2
2857,闯祸,4,2
2858,外祖父,4,2
2859,丝绸,4,2
2860,铁路,4,2
2861,惹,4,2
2862,祥和,4,2
2863,中央,4,2
2864,存,4,2
2865,航空信,4,2
2866,神圣,4,2
2867,计算,4,2
2868,麻,4,2
2869,热狗,4,2
2870,飘,4,2
2871,签约,4,2
2872,感触,4,2
2873,上帝,4,2
2874,呼吁,4,2
2875,大饼,4,2
2876,浓,4,2
2877,风味,4,2
2878,粉红,4,2
2879,尽量,4,2
2880,面对,4,2
2881,完善,4,2
2882,香皂,4,2
2883,赏,4,2
2884,妇女,4,2
2885,遵守,4,2
2886,夫人,4,2
2887,繁华,4,2
2888,赶紧,4,2
2889,套餐,4,2
2890,下巴,4,2
2891,看到,4,2
2892,堵,4,2
2893,防治,4,2
2894,一带,4,2
2895,强,4,2
2896,措施,4,2
2897,出现,4,2
2898,调整,4,2
2899,效果,4,2
2900,定,4,2
2901,设法,4,2
2902,潜水,4,2
2903,眼光,4,2
2904,论,4,2
2905,柴,4,2
2906,晚霞,4,2
2907,不是,4,2
2908,郊外,4,2
2909,高原,4,2
2910,画画儿,4,2
2911,独,4,2
2912,机器人,4,2
2913,砚,4,2
2914,普通话,4,2
2915,胜利,4,2
2916,粉笔,4,2
2917,海浪,4,2
2918,大学生,4,2
2919,抓,4,2
2920,刷牙,4,2
2921,尊,4,2
2922,拳,4,2
2923,榜样,4,2
2924,接待,4,2
2925,色,4,2
2926,留话,4,2
2927,子,4,2
2928,洋装,4,2
2929,纷纷,4,2
2930,抱,4,2
2931,渐渐,4,2
2932,打针,4,2
2933,拉,4,2
2934,英镑,4,2
2935,一千,4,2
2936,宗教,4,2
2937,期间,4,2
2938,合计,4,2
2939,沙滩,4,2
2940,吵醒,4,2
2941,咳,4,2
2942,沉重,4,2
2943,均,4,2
2944,光明,4,2
2945,变成,4,2
2946,抱怨,4,2
2947,货币,4,2
2948,检视,4,2
2949,拼,4,2
2950,失踪,4,2
2951,燕窝,4,2
2952,六十,4,2
2953,专心,4,2
2954,修正,4,2
2955,性格,4,2
2956,激动,4,2
2957,骑车,4,2
2958,哦,4,2
2959,刺激,4,2
2960,中国结,4,2
2961,长辈,4,2
2962,有些,4,2
2963,海岛,4,2
2964,北部,4,2
2965,西兰花,4,2
2966,歌曲,4,2
2967,小朋友,4,2
2968,粗,4,2
2969,旅途,4,2
2970,外孙,4,2
2971,幸好,4,2
2972,控制,4,2
2973,建立,4,2
2974,课表,4,2
2975,灾害,4,2
2976,十足,4,2
2977,冠军,4,2
2978,锅,4,2
2979,墙壁,4,2
2980,餐馆,4,2
2981,安宁,4,2
2982,扇,4,2
2983,双人床,4,2
2984,共同,4,2
2985,会谈,4,2
2986,时机,4,2
2987,协调,4,2
2988,把握,4,2
2989,如今,4,2
2990,祖先,4,2
2991,钞票,4,2
2992,骨,4,2
2993,心脏,4,2
2994,推测,4,2
2995,大人,4,2
2996,安心,4,2
2997,售票处,4,2
2998,辨识,4,2
2999,东方,4,2
3000,鼓掌,4,2
3001,卡,4,2
3002,高速公路,4,2
3003,法语,4,2
3004,抢,4,2
3005,雷,4,2
3006,南部,4,2
3007,前夕,4,2
3008,经受,4,2
3009,试图,4,2
3010,至少,4,2
3011,于是,4,2
3012,故宫,4,2
3013,大意,4,2
3014,主,4,2
3015,如此,4,2
3016,学科,4,2
3017,童,4,2
3018,发起,4,2
3019,改天,4,2
3020,舅妈,4,2
3021,减重,4,2
3022,产品,4,2
3023,很好,4,2
3024,厚,4,2
3025,合格,4,2
3026,升,4,2
3027,吸,4,2
3028,存在,4,2
3029,多亏,4,2
3030,小费,4,2
3031,并且,4,2
3032,优异,4,2
3033,球,4,2
3034,姑,4,2
3035,化学,4,2
3036,三轮车,4,2
3037,赞成,4,2
3038,录音机,4,2
3039,立场,4,2
3040,真正,4,2
3041,残酷,3,3
3042,出线,3,3
3043,划算,3,3
3044,恶鬼,3,3
3045,旁,3,3
3046,划船,3,3
3047,疯,3,3
3048,窗帘,3,3
3049,洗澡间,3,3
3050,报酬,3,3
3051,蚊子,3,3
3052,祈祷,3,3
3053,购,3,3
3054,颈,3,3
3055,刀叉,3,3
3056,彩排,3,3
3057,历,3,3
3058,信用,3,3
3059,吼,3,3
3060,依,3,3
3061,苦涩,3,3
3062,寒冷,3,3
3063,恭敬,3,3
3064,震怒,3,3
3065,林立,3,3
3066,日元,3,3
3067,别致,3,3
3068,下载,3,3
3069,实力,3,3
3070,资格,3,3
3071,温和,3,3
3072,治,3,3
3073,水费,3,3
3074,墨汁,3,3
3075,明确,3,3
3076,写实,3,3
3077,维修,3,3
3078,有时,3,3
3079,因,3,3
3080,皇后,3,3
3081,刺眼,3,3
3082,叫好,3,3
3083,教诲,3,3
3084,汲取,3,3
3085,团,3,3
3086,琴,3,3
3087,迟疑,3,3
3088,独生子,3,3
3089,这个,3,3
3090,老人,3,3
3091,争取,3,3
3092,防御,3,3
3093,天灾,3,3
3094,宣扬,3,3
3095,联欢,3,3
3096,它们,3,3
3097,正统,3,3
3098,酷,3,3
3099,惋惜,3,3
3100,特效,3,3
3101,遥控,3,3
3102,供,3,3
3103,最低,3,3
3104,微笑,3,3
3105,账号,3,3
3106,洋葱,3,3
3107,香片,3,3
3108,危险,3,3
3109,舞狮,3,3
3110,荔枝,3,3
3111,忧,3,3
3112,讲价,3,3
3113,全体,3,3
3114,新芽,3,3
3115,失去,3,3
3116,乐趣,3,3
3117,郊区,3,3
3118,平方,3,3
3119,然而,3,3
3120,卷笔刀,3,3
3121,最少,3,3
3122,结合,3,3
3123,神明,3,3
3124,知,3,3
3125,邮简,3,3
3126,二楼,3,3
3127,摔倒,3,3
3128,中医,3,3
3129,陆地,3,3
3130,锯子,3,3
3131,总机,3,3
3132,雕刻品,3,3
3133,仰望,3,3
3134,致词,3,3
3135,总理,3,3
3136,冰块,3,3
3137,开阔,3,3
3138,平等,3,3
3139,罚球,3,3
3140,屁股,3,3
3141,初步,3,3
3142,日常,3,3
3143,投,3,3
3144,腐烂,3,3
3145,幸运,3,3
3146,报刊,3,3
3147,牛角,3,3
3148,快要,3,3
3149,按时,3,3
3150,远东,3,3
3151,心灵,3,3
3152,丝路,3,3
3153,盏,3,3
3154,制,3,3
3155,车厢,3,3
3156,手扶梯,3,3
3157,痒,3,3
3158,气愤,3,3
3159,手足,3,3
3160,盘算,3,3
3161,教书,3,3
3162,柿子,3,3
3163,人道,3,3
3164,王朝,3,3
3165,销售,3,3
3166,炒菜,3,3
3167,前后,3,3
3168,体验,3,3
3169,检讨,3,3
3170,独奏,3,3
3171,面粉,3,3
3172,登场,3,3
3173,中国字,3,3
3174,焦,3,3
3175,找钱,3,3
3176,西医,3,3
3177,大使馆,3,3
3178,宜,3,3
3179,达观,3,3
3180,清朝,3,3
3181,不断地,3,3
3182,塑造,3,3
3183,网络,3,3
3184,长袖,3,3
3185,大方,3,3
3186,景象,3,3
3187,螃蟹,3,3
3188,著,3,3
3189,邮件,3,3
3190,言语,3,3
3191,抬,3,3
3192,多元化,3,3
3193,下落,3,3
3194,令,3,3
3195,担负,3,3
3196,公式,3,3
3197,病房,3,3
3198,皮球,3,3
3199,各种,3,3
3200,秀,3,3
3201,红润,3,3
3202,平稳,3,3
3203,意大利面,3,3
3204,一手,3,3
3205,重创,3,3
3206,她的,3,3
3207,录音,3,3
3208,心理,3,3
3209,核心,3,3
3210,即将,3,3
3211,查找,3,3
3212,其余,3,3
3213,叫醒,3,3
3214,咫尺,3,3
3215,多么,3,3
3216,野兽,3,3
3217,首相,3,3
3218,芭蕾舞,3,3
3219,靠近,3,3
3220,慈善,3,3
3221,课题,3,3
3222,时光,3,3
3223,细心,3,3
3224,大部分,3,3
3225,依然,3,3
3226,感到,3,3
3227,单纯,3,3
3228,因应,3,3
3229,装备,3,3
3230,简讯,3,3
3231,差点,3,3
3232,沧海,3,3
3233,劝告,3,3
3234,学徒,3,3
3235,人权,3,3
3236,撰写,3,3
3237,试试,3,3
3238,中部,3,3
3239,脱,3,3
3240,日益,3,3
3241,生疏,3,3
3242,售,3,3
3243,澄清,3,3
3244,灾难,3,3
3245,水银,3,3
3246,抽屉,3,3
3247,游,3,3
3248,阴历,3,3
3249,点燃,3,3
3250,透明,3,3
3251,肉眼,3,3
3252,面谈,3,3
3253,海峡,3,3
3254,产业,3,3
3255,度量衡,3,3
3256,争执,3,3
3257,雨天,3,3
3258,深沉,3,3
3259,频繁,3,3
3260,受困,3,3
3261,中学生,3,3
3262,弯,3,3
3263,万一,3,3
3264,浅,3,3
3265,长颈鹿,3,3
3266,抖,3,3
3267,襄理,3,3
3268,豪华,3,3
3269,假装,3,3
3270,市长,3,3
3271,消费,3,3
3272,空中,3,3
3273,喜酒,3,3
3274,秋季,3,3
3275,男子,3,3
3276,工程,3,3
3277,名人,3,3
3278,基本,3,3
3279,审核,3,3
3280,高血压,3,3
3281,梳洗,3,3
3282,普遍,3,3
3283,少年,3,3
3284,和解,3,3
3285,孔子,3,3
3286,酸奶,3,3
3287,缘故,3,3
3288,掏,3,3
3289,处罚,3,3
3290,奥秘,3,3
3291,颇,3,3
3292,应付,3,3
3293,强劲,3,3
3294,碟,3,3
3295,宣传,3,3
3296,组成,3,3
3297,电池,3,3
3298,惊喜,3,3
3299,义演,3,3
3300,国画,3,3
3301,好了,3,3
3302,零用钱,3,3
3303,问世,3,3
3304,磋商,3,3
3305,兄弟姐妹,3,3
3306,奠,3,3
3307,骨折,3,3
3308,名胜古迹,3,3
3309,芬芳,3,3
3310,斟酌,3,3
3311,批,3,3
3312,西红柿,3,3
3313,托运,3,3
3314,头等舱,3,3
3315,偏食,3,3
3316,学生证,3,3
3317,示威,3,3
3318,教练,3,3
3319,篮球场,3,3
3320,尽,3,3
3321,兴致,3,3
3322,以往,3,3
3323,陶俑,3,3
3324,背书,3,3
3325,腊月,3,3
3326,病假,3,3
3327,胆子,3,3
3328,收集,3,3
3329,挫败,3,3
3330,临,3,3
3331,岁月,3,3
3332,公民,3,3
3333,扫地,3,3
3334,促销,3,3
3335,信徒,3,3
3336,眨,3,3
3337,南极,3,3
3338,可恶,3,3
3339,第一,3,3
3340,听见,3,3
3341,嫩,3,3
3342,调查,3,3
3343,麻雀,3,3
3344,收音机,3,3
3345,同胞,3,3
3346,说法,3,3
3347,尺子,3,3
3348,运,3,3
3349,复制,3,3
3350,积,3,3
3351,年年,3,3
3352,人员,3,3
3353,随身碟,3,3
3354,涉案,3,3
3355,互相,3,3
3356,庞大,3,3
3357,喜,3,3
3358,女生,3,3
3359,就业,3,3
3360,辣椒酱,3,3
3361,地震,3,3
3362,遗传,3,3
3363,木匠,3,3
3364,纸杯,3,3
3365,宫殿,3,3
3366,敬祝,3,3
3367,漫画,3,3
3368,口试,3,3
3369,忍痛,3,3
3370,自由式,3,3
3371,礼拜四,3,3
3372,植物园,3,3
3373,文学,3,3
3374,问候,3,3
3375,话题,3,3
3376,铺盖,3,3
3377,最高,3,3
3378,救助,3,3
3379,遇,3,3
3380,报案,3,3
3381,机,3,3
3382,逾,3,3
3383,售票员,3,3
3384,抑郁,3,3
3385,开票,3,3
3386,开水,3,3
3387,胡萝卜,3,3
3388,对象,3,3
3389,登,3,3
3390,蜿蜒,3,3
3391,杀价,3,3
3392,善良,3,3
3393,藏,3,3
3394,信号,3,3
3395,练习本,3,3
3396,分公司,3,3
3397,闪亮,3,3
3398,寺,3,3
3399,答案,3,3
3400,午,3,3
3401,游历,3,3
3402,愤怒,3,3
3403,涌,3,3
3404,融合,3,3
3405,后年,3,3
3406,河马,3,3
3407,素食,3,3
3408,哭闹,3,3
3409,体重,3,3
3410,道地,3,3
3411,比方说,3,3
3412,好听,3,3
3413,涌入,3,3
3414,游玩,3,3
3415,木头,3,3
3416,香菇,3,3
3417,宣誓,3,3
3418,外汇,3,3
3419,闷热,3,3
3420,雕像,3,3
3421,胡子,3,3
3422,干燥,3,3
3423,推算,3,3
3424,爱护,3,3
3425,记住,3,3
3426,期末考,3,3
3427,期,3,3
3428,副作用,3,3
3429,电费,3,3
3430,身价,3,3
3431,携,3,3
3432,付款,3,3
3433,河边,3,3
3434,示范,3,3
3435,承认,3,3
3436,轰动,3,3
3437,轻微,3,3
3438,胜,3,3
3439,谱,3,3
3440,堂妹,3,3
3441,剧情,3,3
3442,伴奏,3,3
3443,走道,3,3
3444,景,3,3
3445,药水,3,3
3446,末期,3,3
3447,家务,3,3
3448,流利,3,3
3449,绣花针,3,3
3450,加速,3,3
3451,忽然,3,3
3452,目录,3,3
3453,官方,3,3
3454,茶杯,3,3
3455,坐牢,3,3
3456,利空,3,3
3457,难道,3,3
3458,行动电话,3,3
3459,菜市场,3,3
3460,嗜好,3,3
3461,政党,3,3
3462,框,3,3
3463,洽谈,3,3
3464,卧,3,3
3465,默默地,3,3
3466,存款单,3,3
3467,得奖,3,3
3468,惯,3,3
3469,族,3,3
3470,晓得,3,3
3471,空服员,3,3
3472,虽,3,3
3473,一致,3,3
3474,好奇,3,3
3475,旅行团,3,3
3476,守,3,3
3477,布告栏,3,3
3478,串,3,3
3479,必要,3,3
3480,行家,3,3
3481,停留,3,3
3482,说明书,3,3
3483,便利店,3,3
3484,召开,3,3
3485,国语,3,3
3486,告别,3,3
3487,师,3,3
3488,条约,3,3
3489,履,3,3
3490,淋浴,3,3
3491,网球场,3,3
3492,包装,3,3
3493,上次,3,3
3494,欢度,3,3
3495,赔,3,3
3496,达,3,3
3497,越,3,3
3498,启示,3,3
3499,眠,3,3
3500,男孩子,3,3
3501,等待,3,3
3502,服,3,3
3503,热门,3,3
3504,纳凉,3,3
3505,视野,3,3
3506,寒流,3,3
3507,鱼干,3,3
3508,祖国,3,3
3509,学分,3,3
3510,舌,3,3
3511,说亲,3,3
3512,游泳衣,3,3
3513,万分,3,3
3514,灾情,3,3
3515,伦理,3,3
3516,旅,3,3
3517,苦读,3,3
3518,李,3,3
3519,叫车,3,3
3520,晕机,3,3
3521,代办,3,3
3522,状况,3,3
3523,慰问,3,3
3524,背包,3,3
3525,许愿,3,3
3526,夺,3,3
3527,指定,3,3
3528,垂,3,3
3529,四处,3,3
3530,瞪,3,3
3531,分析师,3,3
3532,身份,3,3
3533,贫穷,3,3
3534,伙计,3,3
3535,力气,3,3
3536,求,3,3
3537,诺言,3,3
3538,书籍,3,3
3539,南瓜,3,3
3540,潮,3,3
3541,橙色,3,3
3542,灾区,3,3
3543,受,3,3
3544,不妨,3,3
3545,梳,3,3
3546,怀,3,3
3547,洗衣粉,3,3
3548,逃走,3,3
3549,风俗,3,3
3550,运输,3,3
3551,空运,3,3
3552,开设,3,3
3553,牌,3,3
3554,结局,3,3
3555,登机门,3,3
3556,推动,3,3
3557,亲爱,3,3
3558,暮天,3,3
3559,葱油饼,3,3
3560,臭氧层,3,3
3561,开动,3,3
3562,车库,3,3
3563,装潢,3,3
3564,耽误,3,3
3565,赞助,3,3
3566,情侣,3,3
3567,节奏,3,3
3568,西班牙,3,3
3569,绘画,3,3
3570,因素,3,3
3571,无论,3,3
3572,忽略,3,3
3573,意识,3,3
3574,银,3,3
3575,堆,3,3
3576,分（钟）,3,3
3577,里边,3,3
3578,化解,3,3
3579,天文学,3,3
3580,岂,3,3
3581,私立,3,3
3582,走廊,3,3
3583,测试,3,3
3584,开办,3,3
3585,钻,3,3
3586,终究,3,3
3587,售价,3,3
3588,传真机,3,3
3589,建筑物,3,3
3590,疏散,3,3
3591,会长,3,3
3592,垃圾桶,3,3
3593,评论,3,3
3594,建设,3,3
3595,行政,3,3
3596,淹,3,3
3597,野外,3,3
3598,活力,3,3
3599,衣架,3,3
3600,样式,3,3
3601,空位,3,3
3602,歌剧,3,3
3603,非凡,3,3
3604,路标,3,3
3605,票价,3,3
3606,巨,3,3
3607,萝卜糕,3,3
3608,放款,3,3
3609,延续,3,3
3610,愧疚,3,3
3611,目的地,3,3
3612,确保,3,3
3613,往来,3,3
3614,奶酪,3,3
3615,暴力,3,3
3616,上涨,3,3
3617,谁的,3,3
3618,最佳,3,3
3619,摔,3,3
3620,什么时候,3,3
3621,中华民国,3,3
3622,锦,3,3
3623,开销,3,3
3624,复原,3,3
3625,鸣,3,3
3626,睡眠,3,3
3627,梳子,3,3
3628,礼拜一,3,3
3629,跌,3,3
3630,势必,3,3
3631,社会学,3,3
3632,抚养,3,3
3633,挨,3,3
3634,车费,3,3
3635,盖章,3,3
3636,辅导,3,3
3637,薯片,3,3
3638,邀,3,3
3639,白天,3,3
3640,怎么办,3,3
3641,复苏,3,3
3642,郊游,3,3
3643,酒会,3,3
3644,闷,3,3
3645,单身,3,3
3646,凭,3,3
3647,商务舱,3,3
3648,储存,3,3
3649,撒,3,3
3650,悲观,3,3
3651,延长,3,3
3652,例,3,3
3653,方法,3,3
3654,鸭子,3,3
3655,从容,3,3
3656,佛教,3,3
3657,收购,3,3
3658,我们的,3,3
3659,阅览室,3,3
3660,嘻,3,3
3661,口红,3,3
3662,寸,3,3
3663,尖端,3,3
3664,大胆,3,3
3665,情节,3,3
3666,风趣,3,3
3667,徘徊,3,3
3668,好几,3,3
3669,改正,3,3
3670,亦,3,3
3671,饥饿,3,3
3672,种族,3,3
3673,病情,3,3
3674,盒子,3,3
3675,反弹,3,3
3676,楼房,3,3
3677,造型,3,3
3678,捕捉,3,3
3679,冰水,3,3
3680,上去,3,3
3681,辩论,3,3
3682,伟大,3,3
3683,数量,3,3
3684,红肿,3,3
3685,感佩,3,3
3686,解放,3,3
3687,考量,3,3
3688,提早,3,3
3689,经历,3,3
3690,企划,3,3
3691,外币,3,3
3692,羽毛球,3,3
3693,肉片,3,3
3694,相见,3,3
3695,艘,3,3
3696,忠实,3,3
3697,公用电话,3,3
3698,改良,3,3
3699,蜜蜂,3,3
3700,记者,3,3
3701,热心,3,3
3702,法,3,3
3703,凶杀,3,3
3704,女朋友,3,3
3705,门牌,3,3
3706,正式,3,3
3707,脑,3,3
3708,路上,3,3
3709,衔,3,3
3710,感想,3,3
3711,公益,3,3
3712,航空公司,3,3
3713,影射,3,3
3714,烦闷,3,3
3715,埋,3,3
3716,依赖,3,3
3717,扇子舞,3,3
3718,宫,3,3
3719,取代,3,3
3720,平安,3,3
3721,喜事,3,3
3722,马桶,3,3
3723,面条,3,3
3724,绘,3,3
3725,移民,3,3
3726,上演,3,3
3727,致命,3,3
3728,礼拜五,3,3
3729,队伍,3,3
3730,舒缓,3,3
3731,探看,3,3
3732,金属,3,3
3733,花茶,3,3
3734,福,3,3
3735,空军,3,3
3736,进去,3,3
3737,不断,3,3
3738,利益,3,3
3739,啦,3,3
3740,拐,3,3
3741,委屈,3,3
3742,投手,3,3
3743,莲花,3,3
3744,演唱,3,3
3745,占,3,3
3746,关闭,3,3
3747,烧菜,3,3
3748,外人,3,3
3749,赶上,3,3
3750,大年夜,3,3
3751,罚款,3,3
3752,年代,3,3
3753,日记本,3,3
3754,格外,3,3
3755,送礼,3,3
3756,员,3,3
3757,评理,3,3
3758,主义,3,3
3759,不安,3,3
3760,比率,3,3
3761,选举,3,3
3762,末,3,3
3763,掌声,3,3
3764,火药,3,3
3765,推拒,3,3
3766,人情味,3,3
3767,瞬间,3,3
3768,鼻塞,3,3
3769,操作,3,3
3770,供应,3,3
3771,眼,3,3
3772,体现,3,3
3773,球鞋,3,3
3774,菜园,3,3
3775,按键,3,3
3776,光辉,3,3
3777,豆沙,3,3
3778,寿司,3,3
3779,困,3,3
3780,神气,3,3
3781,凛冽,3,3
3782,专家,3,3
3783,路程,3,3
3784,置物柜,3,3
3785,见到,3,3
3786,银幕,3,3
3787,气,3,3
3788,图章,3,3
3789,遗忘,3,3
3790,否认,3,3
3791,委员会,3,3
3792,凌晨,3,3
3793,高贵,3,3
3794,厌,3,3
3795,情人节,3,3
3796,争吵,3,3
3797,合唱团,3,3
3798,欸,3,3
3799,性情,3,3
3800,叉,3,3
3801,暗,3,3
3802,乘坐,3,3
3803,奥妙,3,3
3804,奢侈,3,3
3805,买票,3,3
3806,式样,3,3
3807,预算,3,3
3808,运动会,3,3
3809,苗条,3,3
3810,消耗,3,3
3811,饭碗,3,3
3812,皇宫,3,3
3813,脱离,3,3
3814,安慰,3,3
3815,礼仪,3,3
3816,马力,3,3
3817,外语,3,3
3818,家常菜,3,3
3819,高级,3,3
3820,分裂,3,3
3821,笼罩,3,3
3822,墨水,3,3
3823,昂,3,3
3824,布丁,3,3
3825,游乐园,3,3
3826,喝酒,3,3
3827,笔试,3,3
3828,板擦,3,3
3829,蛙式,3,3
3830,言行,3,3
3831,绿茶,3,3
3832,候选人,3,3
3833,使,3,3
3834,补习班,3,3
3835,相框,3,3
3836,超重,3,3
3837,推估,3,3
3838,协力,3,3
3839,高铁,3,3
3840,正派,3,3
3841,谨慎,3,3
3842,韵律,3,3
3843,人物,3,3
3844,谈心,3,3
3845,典礼,3,3
3846,奇迹,3,3
3847,轮到,3,3
3848,海运,3,3
3849,下个月,3,3
3850,知足,3,3
3851,现实,3,3
3852,住在,3,3
3853,葱,3,3
3854,高峰,3,3
3855,风潮,3,3
3856,陲,3,3
3857,前往,3,3
3858,幕,3,3
3859,碎,3,3
3860,刻画,3,3
3861,识,3,3
3862,游行,3,3
3863,放下,3,3
3864,传授,3,3
3865,录取,3,3
3866,市集,3,3
3867,曾,3,3
3868,书法家,3,3
3869,文法,3,3
3870,混乱,3,3
3871,食宿,3,3
3872,迷,3,3
3873,凤凰,3,3
3874,质,3,3
3875,要不,3,3
3876,小鸟,3,3
3877,免税店,3,3
3878,自从,3,3
3879,美好,3,3
3880,活泼,3,3
3881,打字,3,3
3882,对于,3,3
3883,波,3,3
3884,樱桃,3,3
3885,去世,3,3
3886,英雄,3,3
3887,搭配,3,3
3888,法律,3,3
3889,压,3,3
3890,居然,3,3
3891,生日卡,3,3
3892,巡回,3,3
3893,异样,3,3
3894,房屋中介公司,3,3
3895,大事,3,3
3896,便条,3,3
3897,嗨,3,3
3898,推,3,3
3899,好汉,3,3
3900,提议,3,3
3901,幼稚园,3,3
3902,借给,3,3
3903,理发,3,3
3904,举,3,3
3905,比萨饼,3,3
3906,物,3,3
3907,泥土,3,3
3908,成绩单,3,3
3909,香料,3,3
3910,节庆,3,3
3911,果实,3,3
3912,母亲节,3,3
3913,办事处,3,3
3914,戏剧,3,3
3915,规律,3,3
3916,偶像,3,3
3917,幻想,3,3
3918,想像,3,3
3919,车间,3,3
3920,包围,3,3
3921,上个月,3,3
3922,蓬门,3,3
3923,早安,3,3
3924,暗算,3,3
3925,兑现,3,3
3926,克,3,3
3927,食指,3,3
3928,消遣,3,3
3929,写信,3,3
3930,安,3,3
3931,月底,3,3
3932,坏习惯,3,3
3933,展现,3,3
3934,齿,3,3
3935,壮丽,3,3
3936,亲手,3,3
3937,网页,3,3
3938,成为,3,3
3939,盛情,3,3
3940,兄,3,3
3941,搬运,3,3
3942,看书,3,3
3943,让位,3,3
3944,同样,3,3
3945,抗,3,3
3946,亲人,3,3
3947,逗,3,3
3948,横,3,3
3949,合乎,3,3
3950,时常,3,3
3951,休假,3,3
3952,会场,3,3
3953,木炭,3,3
3954,面目,3,3
3955,设立,3,3
3956,专员,3,3
3957,投票,3,3
3958,软弱,3,3
3959,舱面,3,3
3960,畅快,3,3
3961,足球场,3,3
3962,细腻,3,3
3963,其,3,3
3964,有用,3,3
3965,焦点,3,3
3966,浏览,3,3
3967,下令,3,3
3968,严格,3,3
3969,忧心,3,3
3970,土,3,3
3971,毒,3,3
3972,转移,3,3
3973,山上,3,3
3974,法国,3,3
3975,笑眯眯,3,3
3976,公鸡,3,3
3977,回程,3,3
3978,夹,3,3
3979,震惊,3,3
3980,排球,3,3
3981,大扫除,3,3
3982,上台,3,3
3983,相机,3,3
3984,大小,3,3
3985,代价,3,3
3986,手术,3,3
3987,空闲,3,3
3988,偏偏,3,3
3989,夕阳,3,3
3990,生效,3,3
3991,动人,3,3
3992,那样,3,3
3993,深入,3,3
3994,虫,3,3
3995,淘汰,3,3
3996,渠,3,3
3997,感受,3,3
3998,几个,3,3
3999,口音,3,3
4000,齐,3,3
4001,玩笑,3,3
4002,足以,3,3
4003,渔夫,3,3
4004,运动鞋,3,3
4005,对待,3,3
4006,报,3,3
4007,除,3,3
4008,车祸,3,3
4009,大考,3,3
4010,科技,3,3
4011,搭车,3,3
4012,出国,3,3
4013,团体,3,3
4014,邮差,3,3
4015,睡衣,3,3
4016,垮,3,3
4017,礼拜二,3,3
4018,客,3,3
4019,蓬莱,3,3
4020,谈天,3,3
4021,好球,3,3
4022,好感,3,3
4023,政权,3,3
4024,过程,3,3
4025,事业,3,3
4026,宁愿,3,3
4027,国会,3,3
4028,构成,3,3
4029,直线,3,3
4030,烧饼,3,3
4031,空间,3,3
4032,宿,3,3
4033,堂哥,3,3
4034,足够,3,3
4035,贵族,3,3
4036,轮廓,3,3
4037,滑冰,3,3
4038,情调,3,3
4039,信件,3,3
4040,经济舱,3,3
4041,噪音,3,3
4042,营养,3,3
4043,研发,3,3
4044,合唱,3,3
4045,期货,3,3
4046,废话,3,3
4047,合法,3,3
4048,心,3,3
4049,拜拜,3,3
4050,随后,3,3
4051,汇率,3,3
4052,梦见,3,3
4053,国王,3,3
4054,致,3,3
4055,内衣,3,3
4056,陈,3,3
4057,神态,3,3
4058,安全带,3,3
4059,宝,3,3
4060,当中,3,3
4061,电影明星,3,3
4062,个子,3,3
4063,狼藉,3,3
4064,前提,3,3
4065,拥挤,3,3
4066,未必,3,3
4067,华文,3,3
4068,幼苗,3,3
4069,追求,3,3
4070,论文,3,3
4071,出事,3,3
4072,金额,3,3
4073,灯光,3,3
4074,选课,3,3
4075,崩塌,3,3
4076,惯例,3,3
4077,吞,3,3
4078,兴建,3,3
4079,化,3,3
4080,门诊,3,3
4081,坡,3,3
4082,餐点,3,3
4083,篮子,3,3
4084,足迹,3,3
4085,水电费,3,3
4086,绵绵,3,3
4087,药局,3,3
4088,鲜美,3,3
4089,境,3,3
4090,同情,3,3
4091,玻璃,3,3
4092,培训,3,3
4093,影片,3,3
4094,堂兄,3,3
4095,等到,3,3
4096,作物,3,3
4097,痛快,3,3
4098,人格,3,3
4099,叫喊,3,3
4100,海岸,3,3
4101,特地,3,3
4102,义工,3,3
4103,杵,3,3
4104,万事,3,3
4105,装修,3,3
4106,金鱼,3,3
4107,步伐,3,3
4108,落幕,3,3
4109,乌龙茶,3,3
4110,听力,3,3
4111,小组,3,3
4112,成就,3,3
4113,温柔,3,3
4114,遭,3,3
4115,掌,3,3
4116,蕃茄,3,3
4117,各自,3,3
4118,乐意,3,3
4119,分布,3,3
4120,化妆,3,3
4121,舞龙,3,3
4122,留学,3,3
4123,都市,3,3
4124,体育场,3,3
4125,一刹那,3,3
4126,医师,3,3
4127,高尔夫球,3,3
4128,大蒜,3,3
4129,老实,3,3
4130,她们,3,3
4131,定价,3,3
4132,梦,3,3
4133,合约,3,3
4134,午夜,3,3
4135,装饰品,3,3
4136,优,3,3
4137,逼,3,3
4138,代,3,3
4139,橡皮,3,3
4140,难倒,3,3
4141,斗争,3,3
4142,建造,3,3
4143,果,3,3
4144,放宽,3,3
4145,腐蚀,3,3
4146,锅子,3,3
4147,梳头,3,3
4148,恍悟,3,3
4149,胃,3,3
4150,差别,3,3
4151,生菜,3,3
4152,束,3,3
4153,篮,3,3
4154,影,3,3
4155,什么的,3,3
4156,发动,3,3
4157,本国,3,3
4158,刻意,3,3
4159,左转,3,3
4160,连夜,3,3
4161,走强,3,3
4162,首先,3,3
4163,下星期,3,3
4164,土产,3,3
4165,翠绿,3,3
4166,思索,3,3
4167,伯,3,3
4168,严,3,3
4169,碰见,3,3
4170,学历,3,3
4171,噩梦,3,3
4172,手段,3,3
4173,照看,3,3
4174,歌颂,3,3
4175,粉,3,3
4176,设定,3,3
4177,生动,3,3
4178,心疼,3,3
4179,老是,3,3
4180,恐龙,3,3
4181,迟,3,3
4182,巷子,3,3
4183,表弟,3,3
4184,过度,3,3
4185,克服,3,3
4186,预习,3,3
4187,景色,3,3
4188,暖气,3,3
4189,裹,3,3
4190,灵感,3,3
4191,石,3,3
4192,爆发,3,3
4193,暴风雨,3,3
4194,不足,3,3
4195,问号,3,3
4196,你的,3,3
4197,巴士,3,3
4198,临摹,3,3
4199,部门,3,3
4200,怨,3,3
4201,弹性,3,3
4202,先后,3,3
4203,步,3,3
4204,歧视,3,3
4205,天才,3,3
4206,即,3,3
4207,引发,3,3
4208,维新,3,3
4209,棕色,3,3
4210,事宜,3,3
4211,研判,3,3
4212,基因,3,3
4213,道贺,3,3
4214,牢笼,3,3
4215,首府,3,3
4216,雨季,3,3
4217,补,3,3
4218,橄榄球,3,3
4219,凉鞋,3,3
4220,总统,3,3
4221,别墅,3,3
4222,天真,3,3
4223,成立,3,3
4224,暂时,3,3
4225,评价,3,3
4226,提款,3,3
4227,讨,3,3
4228,完美,3,3
4229,校长室,3,3
4230,面试,3,3
4231,四周,3,3
4232,武装,3,3
4233,主办,3,3
4234,培育,3,3
4235,同志,3,3
4236,水沟,3,3
4237,场面,3,3
4238,程式,3,3
4239,落选,3,3
4240,外弟,3,3
4241,德国,3,3
4242,薪水,3,3
4243,绝对,3,3
4244,憧憬,3,3
4245,时,3,3
4246,橡皮擦,3,3
4247,舍,3,3
4248,增添,3,3
4249,终结,3,3
4250,傲,3,3
4251,送给,3,3
4252,缓和,3,3
4253,预测,3,3
4254,入,3,3
4255,集体,3,3
4256,成本,3,3
4257,上扬,3,3
4258,长途,3,3
4259,油画,3,3
4260,本事,3,3
4261,透,3,3
4262,高见,3,3
4263,上边,3,3
4264,尸体,3,3
4265,规格,3,3
4266,密布,3,3
4267,忙着,3,3
4268,游水,3,3
4269,及格,3,3
4270,歌儿,3,3
4271,项,3,3
4272,偏,3,3
4273,污染,3,3
4274,耳环,3,3
4275,杂耍,3,3
4276,情操,3,3
4277,房屋,3,3
4278,破,3,3
4279,红线,3,3
4280,作为,3,3
4281,海报,3,3
4282,度过,3,3
4283,成人,3,3
4284,戏,3,3
4285,记忆,3,3
4286,发炎,3,3
4287,嫁妆,3,3
4288,货,3,3
4289,盛行,3,3
4290,当选,3,3
4291,顾,3,3
4292,生活费,3,3
4293,姨妈,3,3
4294,黄金,3,3
4295,轮,3,3
4296,棕,3,3
4297,买卖,3,3
4298,聘礼,3,3
4299,乌云,3,3
4300,恶心,3,3
4301,富有,3,3
4302,道德,3,3
4303,显著,3,3
4304,本质,3,3
4305,引起,3,3
4306,逮捕,3,3
4307,八成,3,3
4308,泡,3,3
4309,表情,3,3
4310,酒吧,3,3
4311,硕士,3,3
4312,冲动,3,3
4313,处分,3,3
4314,子弹,3,3
4315,淡水线,3,3
4316,主持,3,3
4317,夸张,3,3
4318,饲养,3,3
4319,证,3,3
4320,订婚,3,3
4321,捧,3,3
4322,餐桌,3,3
4323,农夫,3,3
4324,信箱,3,3
4325,企图,3,3
4326,寿,3,3
4327,黑暗,3,3
4328,再加上,3,3
4329,凶狠,3,3
4330,理念,3,3
4331,购买,3,3
4332,鲜,3,3
4333,同学们,3,3
4334,自觉,3,3
4335,愿望,3,3
4336,文件,3,3
4337,提名,3,3
4338,缺少,3,3
4339,柿,3,3
4340,爬山,3,3
4341,厂商,3,3
4342,揉,3,3
4343,压抑,3,3
4344,堵车,3,3
4345,剧本,3,3
4346,医学,3,3
4347,多云,3,3
4348,赢得,3,3
4349,招牌菜,3,3
4350,采,3,3
4351,肉体,3,3
4352,诗,3,3
4353,收取,3,3
4354,是非,3,3
4355,悬,3,3
4356,太阳能,3,3
4357,报导,3,3
4358,奥运会,3,3
4359,演变,3,3
4360,骑马,3,3
4361,山水画,3,3
4362,肉麻,3,3
4363,亲自,3,3
4364,离婚,3,3
4365,起伏,3,3
4366,反对,3,3
4367,签,3,3
4368,医,3,3
4369,登记,3,3
4370,西班牙文,3,3
4371,猎,3,3
4372,围,3,3
4373,生产,3,3
4374,新郎,3,3
4375,之前,3,3
4376,淡水,3,3
4377,流失,3,3
4378,旱田,3,3
4379,随,3,3
4380,馅,3,3
4381,挖,3,3
4382,不得已,3,3
4383,来不及,3,3
4384,利多,3,3
4385,门铃,3,3
4386,连结,3,3
4387,瓜,3,3
4388,草席,3,3
4389,沙漠,3,3
4390,圣诞,3,3
4391,男朋友,3,3
4392,临时,3,3
4393,来回,3,3
4394,零下,3,3
4395,印,3,3
4396,礼拜三,3,3
4397,青鸟,3,3
4398,特,3,3
4399,植物,3,3
4400,枝叶,3,3
4401,九十,3,3
4402,疼痛,3,3
4403,衷心,3,3
4404,产生,3,3
4405,无数,3,3
4406,败坏,3,3
4407,结算,3,3
4408,核准,3,3
4409,袭击,3,3
4410,正方形,3,3
4411,国际化,3,3
4412,墙角,3,3
4413,灌,3,3
4414,质地,3,3
4415,萝卜,3,3
4416,恶化,3,3
4417,扩大,3,3
4418,获,3,3
4419,呈,3,3
4420,重大,3,3
4421,公分,3,3
4422,呣,3,3
4423,祷告,3,3
4424,警觉,3,3
4425,机车,3,3
4426,八十,3,3
4427,思,3,3
4428,古玩,3,3
4429,抢救,3,3
4430,返,3,3
4431,下一站,3,3
4432,艺术家,3,3
4433,凉菜,3,3
4434,密切,3,3
4435,带领,3,3
4436,竿,3,3
4437,不论,3,3
4438,义,3,3
4439,高龄,2,4
4440,月初,2,4
4441,候,2,4
4442,尾,2,4
4443,吸管,2,4
4444,泳衣,2,4
4445,附上,2,4
4446,袋鼠,2,4
4447,提款卡,2,4
4448,顾问,2,4
4449,搬到,2,4
4450,瞎子,2,4
4451,人次,2,4
4452,绍,2,4
4453,旅费,2,4
4454,选修,2,4
4455,砸,2,4
4456,四声,2,4
4457,隐藏,2,4
4458,滑鼠,2,4
4459,泳装,2,4
4460,巢穴,2,4
4461,进度,2,4
4462,随身,2,4
4463,华语,2,4
4464,来信,2,4
4465,重罚,2,4
4466,摇,2,4
4467,家园,2,4
4468,副理,2,4
4469,辞,2,4
4470,亲近,2,4
4471,址,2,4
4472,频道,2,4
4473,地面,2,4
4474,途,2,4
4475,兽医,2,4
4476,世界级,2,4
4477,往事,2,4
4478,儿歌,2,4
4479,地下道,2,4
4480,底片,2,4
4481,少数,2,4
4482,吊,2,4
4483,强调,2,4
4484,馨香,2,4
4485,税,2,4
4486,受害,2,4
4487,介意,2,4
4488,镇上,2,4
4489,退却,2,4
4490,劳驾,2,4
4491,古典,2,4
4492,预约,2,4
4493,麻醉,2,4
4494,踪影,2,4
4495,幢,2,4
4496,烈士,2,4
4497,脑子,2,4
4498,愈,2,4
4499,小舟,2,4
4500,气喘,2,4
4501,毛笔字,2,4
4502,懦弱,2,4
4503,料子,2,4
4504,寓言,2,4
4505,观战,2,4
4506,通航,2,4
4507,口才,2,4
4508,凳子,2,4
4509,品德,2,4
4510,输入,2,4
4511,过分,2,4
4512,课堂,2,4
4513,连累,2,4
4514,法人,2,4
4515,大爷,2,4
4516,竞技,2,4
4517,鸟笼,2,4
4518,审判,2,4
4519,成（年）人,2,4
4520,足,2,4
4521,上（菜）,2,4
4522,仿,2,4
4523,此刻,2,4
4524,伟人,2,4
4525,弟,2,4
4526,格式,2,4
4527,蔬,2,4
4528,米酒,2,4
4529,同行,2,4
4530,圆圆的,2,4
4531,王宫,2,4
4532,学校生活,2,4
4533,大型,2,4
4534,全职,2,4
4535,西药,2,4
4536,圣诞卡,2,4
4537,材质,2,4
4538,捐,2,4
4539,产量,2,4
4540,订购,2,4
4541,脸谱,2,4
4542,看贬,2,4
4543,技巧,2,4
4544,陈设,2,4
4545,白兔,2,4
4546,坠,2,4
4547,婚,2,4
4548,好莱坞,2,4
4549,服装店,2,4
4550,惊讶,2,4
4551,目睹,2,4
4552,导览,2,4
4553,凶恶,2,4
4554,料理,2,4
4555,黯,2,4
4556,对称,2,4
4557,珊瑚,2,4
4558,手巾,2,4
4559,人际,2,4
4560,务实,2,4
4561,忠臣,2,4
4562,空前,2,4
4563,专程,2,4
4564,哭诉,2,4
4565,签署,2,4
4566,言论,2,4
4567,终,2,4
4568,领取,2,4
4569,忍不住,2,4
4570,东区,2,4
4571,帝王,2,4
4572,深造,2,4
4573,没空,2,4
4574,间接,2,4
4575,家产,2,4
4576,妙传,2,4
4577,行情,2,4
4578,神奇,2,4
4579,算是,2,4
4580,脉脉,2,4
4581,力挺,2,4
4582,独自,2,4
4583,暑期班,2,4
4584,录像机,2,4
4585,杂诗,2,4
4586,企业家,2,4
4587,外表,2,4
4588,算账,2,4
4589,本身,2,4
4590,古,2,4
4591,小伙子,2,4
4592,住宅区,2,4
4593,产地,2,4
4594,自白,2,4
4595,特快,2,4
4596,引述,2,4
4597,大叫,2,4
4598,心地,2,4
4599,电线,2,4
4600,怒吼,2,4
4601,对决,2,4
4602,便利,2,4
4603,沙拉油,2,4
4604,精液,2,4
4605,神秘,2,4
4606,评鉴,2,4
4607,橡,2,4
4608,热络,2,4
4609,其次,2,4
4610,战争,2,4
4611,奖状,2,4
4612,暮,2,4
4613,匙,2,4
4614,强暴,2,4
4615,平静,2,4
4616,保佑,2,4
4617,肖像,2,4
4618,事儿,2,4
4619,灵活,2,4
4620,试验,2,4
4621,语气,2,4
4622,台湾话,2,4
4623,恐怖分子,2,4
4624,株,2,4
4625,威力,2,4
4626,职务,2,4
4627,衣襟,2,4
4628,诚挚,2,4
4629,石桥,2,4
4630,削,2,4
4631,解说,2,4
4632,张望,2,4
4633,挑衅,2,4
4634,血拼,2,4
4635,录,2,4
4636,尖锐,2,4
4637,进一步,2,4
4638,爱滋病,2,4
4639,花生米,2,4
4640,正面,2,4
4641,对了,2,4
4642,趣事,2,4
4643,左手,2,4
4644,壳,2,4
4645,山谷,2,4
4646,观赏,2,4
4647,匆匆,2,4
4648,媒体,2,4
4649,籍贯,2,4
4650,山坡,2,4
4651,菠萝,2,4
4652,伸长,2,4
4653,茂盛,2,4
4654,方才,2,4
4655,娶亲,2,4
4656,夫,2,4
4657,碰上,2,4
4658,熬夜,2,4
4659,当场,2,4
4660,下楼,2,4
4661,外带,2,4
4662,思维,2,4
4663,坪,2,4
4664,赔偿,2,4
4665,额外,2,4
4666,究竟,2,4
4667,书呆子,2,4
4668,宣示,2,4
4669,积水,2,4
4670,你好,2,4
4671,盆,2,4
4672,袖子,2,4
4673,赛跑,2,4
4674,心理学,2,4
4675,赶时间,2,4
4676,修养,2,4
4677,本行,2,4
4678,鲤鱼,2,4
4679,武,2,4
4680,睛,2,4
4681,多嘴,2,4
4682,落入,2,4
4683,洗衣服,2,4
4684,迟交,2,4
4685,少许,2,4
4686,冬季,2,4
4687,社团活动,2,4
4688,察,2,4
4689,身子,2,4
4690,路人,2,4
4691,孙,2,4
4692,进攻,2,4
4693,指标,2,4
4694,惨重,2,4
4695,瓦,2,4
4696,农药,2,4
4697,蕉,2,4
4698,摄影,2,4
4699,泛滥,2,4
4700,不便,2,4
4701,商讨,2,4
4702,旗手,2,4
4703,吸尘,2,4
4704,开路,2,4
4705,雪景,2,4
4706,〇,2,4
4707,花莲,2,4
4708,桔子,2,4
4709,质疑,2,4
4710,尘封,2,4
4711,收高,2,4
4712,百姓,2,4
4713,亏,2,4
4714,极了,2,4
4715,水彩画,2,4
4716,校,2,4
4717,简体字,2,4
4718,富强,2,4
4719,痛恨,2,4
4720,人参,2,4
4721,细密,2,4
4722,竹子,2,4
4723,战,2,4
4724,硬要,2,4
4725,思考,2,4
4726,石径,2,4
4727,一时,2,4
4728,军阀,2,4
4729,不惜,2,4
4730,昔日,2,4
4731,处处,2,4
4732,中文课,2,4
4733,庞,2,4
4734,扭曲,2,4
4735,何时,2,4
4736,记性,2,4
4737,交涉,2,4
4738,上空,2,4
4739,胸,2,4
4740,代沟,2,4
4741,大门,2,4
4742,万圣节,2,4
4743,仍,2,4
4744,潇洒,2,4
4745,男性,2,4
4746,登机,2,4
4747,失衡,2,4
4748,无所谓,2,4
4749,胖胖的,2,4
4750,手心,2,4
4751,抗争,2,4
4752,墙脚,2,4
4753,美术馆,2,4
4754,直辖市,2,4
4755,骨骼,2,4
4756,滑梯,2,4
4757,伴郎,2,4
4758,好在,2,4
4759,语音,2,4
4760,鹄,2,4
4761,拳击,2,4
4762,厨师,2,4
4763,起诉,2,4
4764,鲜明,2,4
4765,更动,2,4
4766,伤脑筋,2,4
4767,营业员,2,4
4768,乐观,2,4
4769,吃喝,2,4
4770,紫外线,2,4
4771,子女,2,4
4772,尾声,2,4
4773,保管,2,4
4774,并列,2,4
4775,不禁,2,4
4776,请坐,2,4
4777,票子,2,4
4778,堂兄弟,2,4
4779,格子,2,4
4780,皱,2,4
4781,视线,2,4
4782,仇视,2,4
4783,另,2,4
4784,左侧,2,4
4785,特约,2,4
4786,名单,2,4
4787,心房,2,4
4788,精明,2,4
4789,持,2,4
4790,附属,2,4
4791,奖金,2,4
4792,万贯,2,4
4793,损害,2,4
4794,短暂,2,4
4795,卖身契,2,4
4796,敬,2,4
4797,女售货员,2,4
4798,特色菜,2,4
4799,无线电,2,4
4800,深刻,2,4
4801,课外活动,2,4
4802,积蓄,2,4
4803,入场,2,4
4804,佯装,2,4
4805,红叶,2,4
4806,制止,2,4
4807,晒干,2,4
4808,保养,2,4
4809,溃烂,2,4
4810,第三,2,4
4811,隆冬,2,4
4812,太平洋,2,4
4813,脱手,2,4
4814,外贸,2,4
4815,表决,2,4
4816,椰子,2,4
4817,来袭,2,4
4818,播,2,4
4819,四季,2,4
4820,自助游,2,4
4821,电锅,2,4
4822,放鞭炮,2,4
4823,圆珠笔,2,4
4824,喘气,2,4
4825,合同,2,4
4826,个案,2,4
4827,恐惧,2,4
4828,发言人,2,4
4829,倒塌,2,4
4830,鹅,2,4
4831,请辞,2,4
4832,三班,2,4
4833,行列,2,4
4834,火箭,2,4
4835,俯仰,2,4
4836,直通车,2,4
4837,石油,2,4
4838,社会主义,2,4
4839,提出,2,4
4840,排名,2,4
4841,烧肉,2,4
4842,交朋友,2,4
4843,香瓜,2,4
4844,修剪,2,4
4845,巷口,2,4
4846,境界,2,4
4847,错字,2,4
4848,姿势,2,4
4849,娶,2,4
4850,悲伤,2,4
4851,质量,2,4
4852,不准,2,4
4853,暗中,2,4
4854,水准,2,4
4855,喜宴,2,4
4856,波及,2,4
4857,煮饭,2,4
4858,吁,2,4
4859,尊称,2,4
4860,月租,2,4
4861,懊恼,2,4
4862,匆促,2,4
4863,交通费,2,4
4864,来电,2,4
4865,索性,2,4
4866,给予,2,4
4867,低能,2,4
4868,矜持,2,4
4869,慢吞吞,2,4
4870,坦然,2,4
4871,名贵,2,4
4872,洗衣房,2,4
4873,无人岛,2,4
4874,阻断,2,4
4875,开走,2,4
4876,可靠,2,4
4877,提倡,2,4
4878,章,2,4
4879,别针,2,4
4880,伴随,2,4
4881,一流,2,4
4882,封锁,2,4
4883,骡子,2,4
4884,误点,2,4
4885,走私,2,4
4886,壑,2,4
4887,概,2,4
4888,灭火,2,4
4889,（碗）里,2,4
4890,热菜,2,4
4891,脾,2,4
4892,直须,2,4
4893,铲子,2,4
4894,临终,2,4
4895,内战,2,4
4896,妻,2,4
4897,苦难,2,4
4898,崇尚,2,4
4899,撇,2,4
4900,繁,2,4
4901,站长,2,4
4902,吃惊,2,4
4903,电影票,2,4
4904,挥手,2,4
4905,臣,2,4
4906,福气,2,4
4907,写作中心,2,4
4908,丰盛,2,4
4909,没用,2,4
4910,电话卡,2,4
4911,浴液,2,4
4912,描述,2,4
4913,秤,2,4
4914,服饰,2,4
4915,乱流,2,4
4916,刊登,2,4
4917,椅,2,4
4918,兼味,2,4
4919,塑像,2,4
4920,黑人,2,4
4921,对联,2,4
4922,顶嘴,2,4
4923,一百万,2,4
4924,期限,2,4
4925,技能,2,4
4926,加强,2,4
4927,牵动,2,4
4928,虾米,2,4
4929,偏激,2,4
4930,沈思,2,4
4931,何尝,2,4
4932,戒备,2,4
4933,楷书,2,4
4934,莲蓬头,2,4
4935,祸害,2,4
4936,掘出,2,4
4937,饰物,2,4
4938,一心,2,4
4939,火力,2,4
4940,特別,2,4
4941,酸痛,2,4
4942,土豆片,2,4
4943,饰品,2,4
4944,肥,2,4
4945,邮递,2,4
4946,体裁,2,4
4947,好吗,2,4
4948,船长,2,4
4949,奶,2,4
4950,财产,2,4
4951,严肃,2,4
4952,网咖,2,4
4953,忧郁,2,4
4954,日落,2,4
4955,伤痕,2,4
4956,汗珠子,2,4
4957,温顺,2,4
4958,层次,2,4
4959,火锅,2,4
4960,志工,2,4
4961,书报,2,4
4962,广大,2,4
4963,胸口,2,4
4964,投保,2,4
4965,增长,2,4
4966,作风,2,4
4967,话别,2,4
4968,事假,2,4
4969,亡,2,4
4970,恨不得,2,4
4971,快慢,2,4
4972,简称,2,4
4973,来稿,2,4
4974,欺诈,2,4
4975,忠,2,4
4976,出土,2,4
4977,早期,2,4
4978,回顾,2,4
4979,投篮,2,4
4980,迹,2,4
4981,步调,2,4
4982,价,2,4
4983,包装纸,2,4
4984,充满,2,4
4985,馆,2,4
4986,脖,2,4
4987,木料,2,4
4988,硬币,2,4
4989,吹风机,2,4
4990,劝导,2,4
4991,缓步,2,4
4992,斑马,2,4
4993,溜,2,4
4994,残暴,2,4
4995,保暖,2,4
4996,岁数,2,4
4997,慌张,2,4
4998,休整,2,4
4999,寿险,2,4
5000,震源,2,4
5001,颓废,2,4
5002,忆起,2,4
5003,回头,2,4
5004,韩国,2,4
5005,春意,2,4
5006,意,2,4
5007,通行证,2,4
5008,拦,2,4
5009,至今,2,4
5010,惹祸,2,4
5011,犯,2,4
5012,仰赖,2,4
5013,台湾,2,4
5014,踢球,2,4
5015,导师,2,4
5016,陆,2,4
5017,实验课,2,4
5018,打滚,2,4
5019,守护神,2,4
5020,定时,2,4
5021,杂音,2,4
5022,迫,2,4
5023,牢骚,2,4
5024,宽广,2,4
5025,流程,2,4
5026,太空人,2,4
5027,初期,2,4
5028,点缀,2,4
5029,保证书,2,4
5030,拓展,2,4
5031,炮弹,2,4
5032,筑,2,4
5033,聆听,2,4
5034,走山,2,4
5035,方正,2,4
5036,粗糙,2,4
5037,奉献,2,4
5038,相比,2,4
5039,西班牙语,2,4
5040,毒品,2,4
5041,来得及,2,4
5042,高潮,2,4
5043,阴沉沉,2,4
5044,陶瓷,2,4
5045,碟子,2,4
5046,乐曲,2,4
5047,超越,2,4
5048,古怪,2,4
5049,总裁,2,4
5050,桥梁,2,4
5051,习题,2,4
5052,航,2,4
5053,旧醅,2,4
5054,能源,2,4
5055,袋,2,4
5056,启动,2,4
5057,性命,2,4
5058,阿,2,4
5059,处于,2,4
5060,理赔,2,4
5061,酱料,2,4
5062,履历,2,4
5063,履行,2,4
5064,学生会,2,4
5065,酸菜,2,4
5066,费力,2,4
5067,诚实,2,4
5068,心里,2,4
5069,漏洞,2,4
5070,入狱,2,4
5071,夸,2,4
5072,摧毁,2,4
5073,孔雀,2,4
5074,老生,2,4
5075,狂热,2,4
5076,熊掌,2,4
5077,很少,2,4
5078,冷门,2,4
5079,片刻,2,4
5080,划不来,2,4
5081,卤,2,4
5082,风景照,2,4
5083,促进,2,4
5084,胃液,2,4
5085,下单,2,4
5086,枫叶,2,4
5087,京戏,2,4
5088,爽直,2,4
5089,红利,2,4
5090,逃,2,4
5091,星座,2,4
5092,澎湃,2,4
5093,主播,2,4
5094,鱼网,2,4
5095,容许,2,4
5096,长方形,2,4
5097,外甥,2,4
5098,火,2,4
5099,重挫,2,4
5100,肃穆,2,4
5101,看守,2,4
5102,研议,2,4
5103,年历,2,4
5104,潜入,2,4
5105,危机,2,4
5106,洒,2,4
5107,杂货店,2,4
5108,浇,2,4
5109,村庄,2,4
5110,张罗,2,4
5111,文化秀,2,4
5112,直走,2,4
5113,半价,2,4
5114,九十九,2,4
5115,清晨,2,4
5116,散文,2,4
5117,巩固,2,4
5118,绍兴酒,2,4
5119,阳,2,4
5120,安详,2,4
5121,教材,2,4
5122,净,2,4
5123,设,2,4
5124,赐,2,4
5125,善,2,4
5126,采访,2,4
5127,首位,2,4
5128,大礼堂,2,4
5129,急诊室,2,4
5130,真丝,2,4
5131,年初,2,4
5132,鲜花,2,4
5133,聪颖,2,4
5134,敬酒,2,4
5135,奚,2,4
5136,早晚,2,4
5137,竹竿,2,4
5138,夹杂,2,4
5139,凉亭,2,4
5140,有风度,2,4
5141,面纸,2,4
5142,采光,2,4
5143,侵蚀,2,4
5144,悠,2,4
5145,长途电话,2,4
5146,优待,2,4
5147,土地,2,4
5148,屈服,2,4
5149,教义,2,4
5150,计较,2,4
5151,实验室,2,4
5152,难民,2,4
5153,双手,2,4
5154,道义,2,4
5155,趁着,2,4
5156,清秀,2,4
5157,贵宾,2,4
5158,淹没,2,4
5159,洁,2,4
5160,用途,2,4
5161,捉取,2,4
5162,疲倦,2,4
5163,龄,2,4
5164,掌柜,2,4
5165,广阔,2,4
5166,纯朴,2,4
5167,瞎说,2,4
5168,顺序,2,4
5169,岗位,2,4
5170,传单,2,4
5171,嘲讽,2,4
5172,总站,2,4
5173,二十五,2,4
5174,不舒服,2,4
5175,禁区,2,4
5176,辐射,2,4
5177,连衣裙,2,4
5178,怪,2,4
5179,耳,2,4
5180,青衣,2,4
5181,外快,2,4
5182,起因,2,4
5183,音响,2,4
5184,漆,2,4
5185,牢,2,4
5186,鸡毛,2,4
5187,榨,2,4
5188,锣,2,4
5189,陪同,2,4
5190,特意,2,4
5191,肇因,2,4
5192,载,2,4
5193,公路局,2,4
5194,胃溃疡,2,4
5195,嗽,2,4
5196,教训,2,4
5197,鞠躬,2,4
5198,室内,2,4
5199,心事,2,4
5200,妃子,2,4
5201,金色,2,4
5202,天桥,2,4
5203,岩石,2,4
5204,点（菜）,2,4
5205,持有,2,4
5206,共识,2,4
5207,营,2,4
5208,恩,2,4
5209,旅行袋,2,4
5210,屋檐,2,4
5211,手臂,2,4
5212,信托,2,4
5213,看来,2,4
5214,观念,2,4
5215,船只,2,4
5216,了不起,2,4
5217,封王,2,4
5218,事实,2,4
5219,历经,2,4
5220,客机,2,4
5221,鸟兽,2,4
5222,水灾,2,4
5223,口吻,2,4
5224,勤劳,2,4
5225,辣椒粉,2,4
5226,明朝,2,4
5227,规划,2,4
5228,树梢,2,4
5229,就职,2,4
5230,躲开,2,4
5231,魂儿,2,4
5232,此,2,4
5233,限度,2,4
5234,夸口,2,4
5235,兴隆,2,4
5236,减轻,2,4
5237,集团,2,4
5238,纠正,2,4
5239,屋子,2,4
5240,摄氏,2,4
5241,户名,2,4
5242,维他命,2,4
5243,露营,2,4
5244,……吧,2,4
5245,触摸,2,4
5246,城外,2,4
5247,溪,2,4
5248,佛,2,4
5249,竖立,2,4
5250,兴盛,2,4
5251,潜在,2,4
5252,出版,2,4
5253,中意,2,4
5254,路边,2,4
5255,起先,2,4
5256,惊险,2,4
5257,全场,2,4
5258,显然,2,4
5259,泊,2,4
5260,进香,2,4
5261,打篮球,2,4
5262,捐钱,2,4
5263,简直,2,4
5264,衡量,2,4
5265,贴纸,2,4
5266,丑恶,2,4
5267,腻,2,4
5268,分担,2,4
5269,血液,2,4
5270,香槟酒,2,4
5271,注明,2,4
5272,火腿肉,2,4
5273,未婚妻,2,4
5274,流亡,2,4
5275,国宾,2,4
5276,领略,2,4
5277,头巾,2,4
5278,公馆,2,4
5279,香烟,2,4
5280,狗熊,2,4
5281,排练,2,4
5282,结论,2,4
5283,败仗,2,4
5284,联合,2,4
5285,参考书,2,4
5286,踩,2,4
5287,画图,2,4
5288,羊皮,2,4
5289,救生衣,2,4
5290,尽快,2,4
5291,猜忌,2,4
5292,五星级,2,4
5293,笔名,2,4
5294,心爱,2,4
5295,诗篇,2,4
5296,赏月,2,4
5297,自助,2,4
5298,买方,2,4
5299,行李箱,2,4
5300,为主,2,4
5301,哲学,2,4
5302,国民,2,4
5303,寄信,2,4
5304,专,2,4
5305,后备军,2,4
5306,减少,2,4
5307,谈天儿,2,4
5308,坦率,2,4
5309,畅销,2,4
5310,农业,2,4
5311,整个,2,4
5312,闲愁,2,4
5313,释出,2,4
5314,矿,2,4
5315,变迁,2,4
5316,优惠价,2,4
5317,绮窗,2,4
5318,嘴唇,2,4
5319,概念,2,4
5320,咖啡店,2,4
5321,军事,2,4
5322,挡箭牌,2,4
5323,云霄,2,4
5324,窝,2,4
5325,置身,2,4
5326,产,2,4
5327,主旨,2,4
5328,茫然,2,4
5329,放置,2,4
5330,上衣,2,4
5331,权力,2,4
5332,国花,2,4
5333,拉锯战,2,4
5334,在世,2,4
5335,色彩,2,4
5336,合影,2,4
5337,烦躁,2,4
5338,容量,2,4
5339,铅,2,4
5340,起程,2,4
5341,月份,2,4
5342,一连串,2,4
5343,夏季,2,4
5344,扯铃,2,4
5345,天鹅,2,4
5346,破产,2,4
5347,困惑,2,4
5348,维生素,2,4
5349,会意,2,4
5350,日本话,2,4
5351,酒席,2,4
5352,节俭,2,4
5353,缤纷,2,4
5354,友,2,4
5355,转账,2,4
5356,右翼,2,4
5357,划分,2,4
5358,白血病,2,4
5359,是否,2,4
5360,偷偷,2,4
5361,发送,2,4
5362,相关,2,4
5363,界,2,4
5364,右手,2,4
5365,非卖品,2,4
5366,雪茄,2,4
5367,管理费,2,4
5368,股市,2,4
5369,火柴,2,4
5370,密集,2,4
5371,姐妹,2,4
5372,外伤,2,4
5373,仰式,2,4
5374,短袖,2,4
5375,发给,2,4
5376,速度,2,4
5377,美称,2,4
5378,得意,2,4
5379,主菜,2,4
5380,修建,2,4
5381,参与,2,4
5382,强盛,2,4
5383,期中考,2,4
5384,菠菜,2,4
5385,外送,2,4
5386,制定,2,4
5387,要好,2,4
5388,渡,2,4
5389,寻找,2,4
5390,笔记,2,4
5391,跑到,2,4
5392,农家,2,4
5393,支出,2,4
5394,砍倒,2,4
5395,高低,2,4
5396,效忠,2,4
5397,棉,2,4
5398,骗子,2,4
5399,劳工,2,4
5400,趴,2,4
5401,豆制品,2,4
5402,政治家,2,4
5403,处境,2,4
5404,中国话,2,4
5405,栋梁,2,4
5406,桌,2,4
5407,点钟,2,4
5408,电铃,2,4
5409,女主角,2,4
5410,回升,2,4
5411,意志,2,4
5412,走弱,2,4
5413,社员,2,4
5414,任,2,4
5415,灯谜,2,4
5416,不小心,2,4
5417,外孙女,2,4
5418,专柜,2,4
5419,英俊,2,4
5420,饭菜,2,4
5421,微波炉,2,4
5422,驾驶员,2,4
5423,每当,2,4
5424,沉思,2,4
5425,汽油,2,4
5426,摄影师,2,4
5427,便捷,2,4
5428,涯,2,4
5429,洋葱汤,2,4
5430,坐车,2,4
5431,树上,2,4
5432,席,2,4
5433,阳明山,2,4
5434,长相,2,4
5435,路灯,2,4
5436,摘下,2,4
5437,大声,2,4
5438,乐透,2,4
5439,下跌,2,4
5440,欠,2,4
5441,吃亏,2,4
5442,片面,2,4
5443,更衣间,2,4
5444,仍然,2,4
5445,止血,2,4
5446,富,2,4
5447,众多,2,4
5448,温室效应,2,4
5449,流行性感冒,2,4
5450,他的,2,4
5451,在乎,2,4
5452,系住,2,4
5453,街上,2,4
5454,创造,2,4
5455,强势,2,4
5456,包水饺,2,4
5457,县,2,4
5458,补习,2,4
5459,庆祝会,2,4
5460,斜,2,4
5461,强占,2,4
5462,纽约,2,4
5463,学位,2,4
5464,调适,2,4
5465,恩怨,2,4
5466,脸庞,2,4
5467,痕迹,2,4
5468,缓缓,2,4
5469,尝试,2,4
5470,香菇菜心,2,4
5471,哎哟,2,4
5472,过期,2,4
5473,番茄酱,2,4
5474,女性,2,4
5475,洗头,2,4
5476,政变,2,4
5477,寂寞,2,4
5478,夸奖,2,4
5479,月球,2,4
5480,研治,2,4
5481,杂技,2,4
5482,后果,2,4
5483,公债,2,4
5484,开议,2,4
5485,袋子,2,4
5486,叮咛,2,4
5487,电脑室,2,4
5488,巨人,2,4
5489,一百,2,4
5490,交通规则,2,4
5491,缝,2,4
5492,地狱,2,4
5493,艰难,2,4
5494,行政区,2,4
5495,为难,2,4
5496,拍卖,2,4
5497,幅度,2,4
5498,任务,2,4
5499,摇晃,2,4
5500,疼爱,2,4
5501,筈,2,4
5502,画报,2,4
5503,轩,2,4
5504,平房,2,4
5505,臭骂,2,4
5506,前头,2,4
5507,母鸡,2,4
5508,沉默,2,4
5509,难受,2,4
5510,饥荒,2,4
5511,避,2,4
5512,大都市,2,4
5513,版,2,4
5514,且,2,4
5515,生长,2,4
5516,闭,2,4
5517,义气,2,4
5518,筹款,2,4
5519,狠,2,4
5520,代表作,2,4
5521,南边,2,4
5522,事后,2,4
5523,祖,2,4
5524,不当,2,4
5525,简朴,2,4
5526,美满,2,4
5527,腐,2,4
5528,纹路,2,4
5529,又……又,2,4
5530,天灯,2,4
5531,祭悼,2,4
5532,鸡汤,2,4
5533,局面,2,4
5534,不单,2,4
5535,菇,2,4
5536,当面,2,4
5537,表兄弟,2,4
5538,交代,2,4
5539,插头,2,4
5540,郁卒,2,4
5541,动词,2,4
5542,权利,2,4
5543,丁,2,4
5544,悠久,2,4
5545,洗脸台,2,4
5546,时期,2,4
5547,露,2,4
5548,功劳,2,4
5549,俱,2,4
5550,瞎,2,4
5551,挑剔,2,4
5552,月光,2,4
5553,机电,2,4
5554,菊花,2,4
5555,待遇,2,4
5556,中华文化,2,4
5557,火警,2,4
5558,道别,2,4
5559,跳高,2,4
5560,自来水,2,4
5561,养成,2,4
5562,再度,2,4
5563,尖利,2,4
5564,优雅,2,4
5565,执着,2,4
5566,濒临,2,4
5567,便饭,2,4
5568,枪,2,4
5569,四强,2,4
5570,义务教育,2,4
5571,高明,2,4
5572,池,2,4
5573,肋骨,2,4
5574,洗衣精,2,4
5575,怀疑,2,4
5576,骇客,2,4
5577,穷,2,4
5578,司,2,4
5579,硬,2,4
5580,运用,2,4
5581,有一点儿,2,4
5582,帝国主义,2,4
5583,气色,2,4
5584,饭馆儿,2,4
5585,力量,2,4
5586,平衡,2,4
5587,又……,2,4
5588,后退,2,4
5589,轻蔑,2,4
5590,夺目,2,4
5591,洋,2,4
5592,货色,2,4
5593,绅士,2,4
5594,身,2,4
5595,平手,2,4
5596,惠风,2,4
5597,节目单,2,4
5598,式,2,4
5599,软卧,2,4
5600,勤奋,2,4
5601,手提包,2,4
5602,阵风,2,4
5603,大好,2,4
5604,印刷,2,4
5605,省心,2,4
5606,盛事,2,4
5607,茶碗,2,4
5608,棉被,2,4
5609,够用,2,4
5610,出世,2,4
5611,诗歌,2,4
5612,升高,2,4
5613,提到,2,4
5614,打烊,2,4
5615,折腾,2,4
5616,绝不,2,4
5617,考卷,2,4
5618,战车,2,4
5619,资本家,2,4
5620,赛车,2,4
5621,回报,2,4
5622,上路,2,4
5623,爱心,2,4
5624,自动化,2,4
5625,外线,2,4
5626,申请书,2,4
5627,公众,2,4
5628,哪边,2,4
5629,麻油鸡,2,4
5630,口福,2,4
5631,深夜,2,4
5632,携手,2,4
5633,三百,2,4
5634,读音,2,4
5635,丰富多彩,2,4
5636,预赛,2,4
5637,销路,2,4
5638,罐头,2,4
5639,午后,2,4
5640,打发,2,4
5641,菜肴,2,4
5642,少妇,2,4
5643,春季,2,4
5644,禽兽,2,4
5645,葡萄酒,2,4
5646,削除,2,4
5647,皮革,2,4
5648,姑妈,2,4
5649,处世,2,4
5650,灯塔,2,4
5651,触顶,2,4
5652,影碟,2,4
5653,电话簿,2,4
5654,优秀,2,4
5655,拜倒,2,4
5656,平方米,2,4
5657,无端,2,4
5658,入境,2,4
5659,谜语,2,4
5660,先进,2,4
5661,滩,2,4
5662,何况,2,4
5663,东方人,2,4
5664,值,2,4
5665,二度就业,2,4
5666,鸟巢,2,4
5667,结冰,2,4
5668,赞叹,2,4
5669,开盘,2,4
5670,推荐,2,4
5671,大理石,2,4
5672,酹,2,4
5673,飙升,2,4
5674,饮茶,2,4
5675,真棒,2,4
5676,炸鸡,2,4
5677,过瘾,2,4
5678,男厕所,2,4
5679,育,2,4
5680,蛟,2,4
5681,毁损,2,4
5682,杀害,2,4
5683,女神,2,4
5684,笔记型电脑,2,4
5685,想法,2,4
5686,款,2,4
5687,西部,2,4
5688,隧道,2,4
5689,敏感,2,4
5690,摄,2,4
5691,迷失,2,4
5692,浪漫,2,4
5693,香槟,2,4
5694,邮递员,2,4
5695,屋主,2,4
5696,明明,2,4
5697,椒,2,4
5698,刻（钟）,2,4
5699,普及,2,4
5700,黄石公园,2,4
5701,叔,2,4
5702,红烧鱼,2,4
5703,车窗,2,4
5704,反复,2,4
5705,倾向,2,4
5706,课程表,2,4
5707,维,2,4
5708,应变,2,4
5709,大号,2,4
5710,穿着,2,4
5711,停车位,2,4
5712,级,2,4
5713,障碍,2,4
5714,吉他,2,4
5715,利害,2,4
5716,干活儿,2,4
5717,分配,2,4
5718,声称,2,4
5719,慎重,2,4
5720,闪电,2,4
5721,话柄,2,4
5722,迅即,2,4
5723,外泄,2,4
5724,证据,2,4
5725,搁,2,4
5726,上楼,2,4
5727,廉耻,2,4
5728,孝,2,4
5729,急救,2,4
5730,竞赛,2,4
5731,洋人,2,4
5732,天坛,2,4
5733,增进,2,4
5734,依照,2,4
5735,头脑,2,4
5736,报道,2,4
5737,正当,2,4
5738,利弊,2,4
5739,大众,2,4
5740,势力,2,4
5741,猩,2,4
5742,针灸,2,4
5743,耐力,2,4
5744,公主,2,4
5745,指纹,2,4
5746,大都,2,4
5747,花旦,2,4
5748,宁可,2,4
5749,父,2,4
5750,侧面,2,4
5751,贴心,2,4
5752,铭记,2,4
5753,温驯,2,4
5754,只能,2,4
5755,白酒,2,4
5756,核能,2,4
5757,受益,2,4
5758,替代,2,4
5759,格局,2,4
5760,庆,2,4
5761,崎岖,2,4
5762,巢,2,4
5763,告状,2,4
5764,委婉,2,4
5765,俗语,2,4
5766,阳性,2,4
5767,长寿,2,4
5768,电话费,2,4
5769,况且,2,4
5770,登记证,2,4
5771,余,2,4
5772,质问,2,4
5773,港币,2,4
5774,供给,2,4
5775,舔,2,4
5776,死机,2,4
5777,车轮,2,4
5778,懂得,2,4
5779,刷子,2,4
5780,垃圾袋,2,4
5781,名流,2,4
5782,对付,2,4
5783,迅速,2,4
5784,向导,2,4
5785,挺拔,2,4
5786,狐疑,2,4
5787,终年,2,4
5788,旅游札记,2,4
5789,防,2,4
5790,摊子,2,4
5791,搭绊,2,4
5792,相差,2,4
5793,猪排,2,4
5794,哀求,2,4
5795,民,2,4
5796,一遍,2,4
5797,带头,2,4
5798,直到,2,4
5799,排列,2,4
5800,细节,2,4
5801,鸟瞰,2,4
5802,站牌,2,4
5803,检验,2,4
5804,糖醋,2,4
5805,直觉,2,4
5806,终止,2,4
5807,各式各样,2,4
5808,经典,2,4
5809,无题,2,4
5810,马车,2,4
5811,尿,2,4
5812,甜美,2,4
5813,贷款,2,4
5814,包包,2,4
5815,窟窿,2,4
5816,削减,2,4
5817,便利商店,2,4
5818,纸盘,2,4
5819,府上,2,4
5820,架设,2,4
5821,姨夫,2,4
5822,批发,2,4
5823,格言,2,4
5824,大卖场,2,4
5825,出卖,2,4
5826,马拉松,2,4
5827,学生手册,2,4
5828,主编,2,4
5829,麦当劳,2,4
5830,走缓,2,4
5831,匹,2,4
5832,现任,2,4
5833,蝴蝶,2,4
5834,日后,2,4
5835,中断,2,4
5836,日语,2,4
5837,冷盘,2,4
5838,转告,2,4
5839,品味,2,4
5840,仿冒品,2,4
5841,挣扎,2,4
5842,秩序,2,4
5843,出院,2,4
5844,食欲,2,4
5845,动身,2,4
5846,现成,2,4
5847,地上,2,4
5848,还价,2,4
5849,陶醉,2,4
5850,鬼片,2,4
5851,松涛,2,4
5852,自助餐厅,2,4
5853,案子,2,4
5854,对立,2,4
5855,悔改,2,4
5856,喷泉,2,4
5857,买菜,2,4
5858,磅,2,4
5859,改造,2,4
5860,降生,2,4
5861,国定假日,2,4
5862,多头,2,4
5863,灌输,2,4
5864,冷饮,2,4
5865,不二价,2,4
5866,赌博,2,4
5867,引爆,2,4
5868,老鹰,2,4
5869,刊,2,4
5870,交界,2,4
5871,单价,2,4
5872,暖,2,4
5873,以致,2,4
5874,动机,2,4
5875,亚洲,2,4
5876,草药,2,4
5877,正餐,2,4
5878,充裕,2,4
5879,渣滓,2,4
5880,阴,2,4
5881,剥,2,4
5882,焦虑,2,4
5883,打击,2,4
5884,到期,2,4
5885,和气,2,4
5886,全称,2,4
5887,饭后,2,4
5888,防守,2,4
5889,许久,2,4
5890,交易员,2,4
5891,抵,2,4
5892,法案,2,4
5893,贪婪,2,4
5894,移动,2,4
5895,杂货,2,4
5896,纪律,2,4
5897,小商品,2,4
5898,家里,2,4
5899,祈求,2,4
5900,救火,2,4
5901,风化,2,4
5902,邮费,2,4
5903,贬值,2,4
5904,将军,2,4
5905,有利,2,4
5906,收成,2,4
5907,糖尿病,2,4
5908,庙宇,2,4
5909,初一,2,4
5910,贵贱,2,4
5911,画像,2,4
5912,流连,2,4
5913,菜场,2,4
5914,光芒,2,4
5915,稻,2,4
5916,识字,2,4
5917,当天,2,4
5918,闯,2,4
5919,欢,2,4
5920,奶粉,2,4
5921,女装,2,4
5922,握,2,4
5923,啼,2,4
5924,事前,2,4
5925,忍耐,2,4
5926,感恩,2,4
5927,即时,2,4
5928,平时,2,4
5929,花圈,2,4
5930,人力,2,4
5931,死亡率,2,4
5932,衫,2,4
5933,求救,2,4
5934,士兵,2,4
5935,然,2,4
5936,远道,2,4
5937,少云,2,4
5938,牢固,2,4
5939,咖啡厅,2,4
5940,眷顾,2,4
5941,搅,2,4
5942,英,2,4
5943,汇款,2,4
5944,瓜子,2,4
5945,良机,2,4
5946,信笺,2,4
5947,警卫,2,4
5948,正版,2,4
5949,按钮,2,4
5950,可观,2,4
5951,中暑,2,4
5952,公立,2,4
5953,陪伴,2,4
5954,增值,2,4
5955,白兰地,2,4
5956,变法,2,4
5957,录用,2,4
5958,犯规,2,4
5959,据,2,4
5960,点（钟）,2,4
5961,蛋饼,2,4
5962,恩人,2,4
5963,险恶,2,4
5964,申请表,2,4
5965,牛痘,2,4
5966,鹿角,2,4
5967,雨具,2,4
5968,手册,2,4
5969,没关系,2,4
5970,试着,2,4
5971,亮丽,2,4
5972,温习,2,4
5973,波折,2,4
5974,咒,2,4
5975,心急,2,4
5976,对峙,2,4
5977,税金,2,4
5978,事迹,2,4
5979,面食,2,4
5980,包办,2,4
5981,为止,2,4
5982,争相,2,4
5983,糯米,2,4
5984,大厅,2,4
5985,承载,2,4
5986,玲珑,2,4
5987,金牌,2,4
5988,稀奇,2,4
5989,洗脸,2,4
5990,香喷喷,2,4
5991,少数民族,2,4
5992,撑,2,4
5993,泉源,2,4
5994,交谈,2,4
5995,表兄,2,4
5996,会话,2,4
5997,黄线,2,4
5998,铺,2,4
5999,卷心菜,2,4
6000,展望,2,4
6001,痛苦,2,4
6002,请进,2,4
6003,面前,2,4
6004,疑难,2,4
6005,私事,2,4
6006,足球队,2,4
6007,修補,2,4
6008,主权,2,4
6009,永,2,4
6010,小山,2,4
6011,法官,2,4
6012,落,2,4
6013,体格,2,4
6014,缠斗,2,4
6015,展出,2,4
6016,现钱,2,4
6017,交给,2,4
6018,辛勤,2,4
6019,电风扇,2,4
6020,制造,2,4
6021,面子,2,4
6022,耳光,2,4
6023,配菜,2,4
6024,帝国,2,4
6025,插队,2,4
6026,放逐,2,4
6027,婆婆,2,4
6028,得罪,2,4
6029,回荡,2,4
6030,联系,2,4
6031,乌鸦,2,4
6032,脸色,2,4
6033,边境,2,4
6034,海盗船,2,4
6035,棘手,2,4
6036,就算,2,4
6037,午休,2,4
6038,有钱,2,4
6039,靴子,2,4
6040,隐士,2,4
6041,托福,2,4
6042,门楣,2,4
6043,喷嚏,2,4
6044,房地产,2,4
6045,一打,2,4
6046,气象,2,4
6047,银牌,2,4
6048,植入,2,4
6049,厨,2,4
6050,后代,2,4
6051,冰存,2,4
6052,打架,2,4
6053,留下,2,4
6054,愁,2,4
6055,自治区,2,4
6056,加持,2,4
6057,娃娃,2,4
6058,女王,2,4
6059,固体胶,2,4
6060,女皇,2,4
6061,明朗,2,4
6062,石榴,2,4
6063,所有,2,4
6064,酌,2,4
6065,总而言之,2,4
6066,漫,2,4
6067,离境,2,4
6068,一百多,2,4
6069,傻瓜,2,4
6070,探头,2,4
6071,寒梅,2,4
6072,预付,2,4
6073,牧童,2,4
6074,走进,2,4
6075,天安门,2,4
6076,枚,2,4
6077,飞盘,2,4
6078,做人,2,4
6079,介,2,4
6080,兰,2,4
6081,园,2,4
6082,内阁,2,4
6083,消防车,2,4
6084,奖项,2,4
6085,高烧,2,4
6086,雨水,2,4
6087,初三,2,4
6088,丢掉,2,4
6089,彩带舞,2,4
6090,聊天儿,2,4
6091,宝石,2,4
6092,击倒,2,4
6093,到头来,2,4
6094,失利,2,4
6095,法国人,2,4
6096,炸弹,2,4
6097,波纹,2,4
6098,永别,2,4
6099,出售,2,4
6100,轮替,2,4
6101,退场,2,4
6102,开胃菜,2,4
6103,发泄,2,4
6104,朴实,2,4
6105,轮胎,2,4
6106,折磨,2,4
6107,友好,2,4
6108,决裂,2,4
6109,伴侣,2,4
6110,天主教,2,4
6111,安定,2,4
6112,码头,2,4
6113,软件,2,4
6114,越来越,2,4
6115,日本人,2,4
6116,景致,2,4
6117,床单,2,4
6118,带动,2,4
6119,钓,2,4
6120,主妇,2,4
6121,仍旧,2,4
6122,温,2,4
6123,神话,2,4
6124,引诱,2,4
6125,煮开,2,4
6126,极点,2,4
6127,钢铁,2,4
6128,匆匆忙忙,2,4
6129,立法,2,4
6130,影本,2,4
6131,签订,2,4
6132,渡船,2,4
6133,相对,2,4
6134,设施,2,4
6135,爱人,2,4
6136,题字,2,4
6137,合身,2,4
6138,农人,2,4
6139,高跷,2,4
6140,凹陷,2,4
6141,白云,2,4
6142,名词,2,4
6143,亥,2,4
6144,欠伸,2,4
6145,音乐厅,2,4
6146,学识,2,4
6147,社,2,4
6148,天上,2,4
6149,解答,2,4
6150,办公,2,4
6151,几天,2,4
6152,睡莲,2,4
6153,欧元,2,4
6154,课室,2,4
6155,至,2,4
6156,冲浪板,2,4
6157,停车,2,4
6158,外资,2,4
6159,栽种,2,4
6160,许配,2,4
6161,修订,2,4
6162,影星,2,4
6163,通话,2,4
6164,吊桥,2,4
6165,开斋节,2,4
6166,打住,2,4
6167,皮夹,2,4
6168,医务室,2,4
6169,旗子,2,4
6170,树下,2,4
6171,热忱,2,4
6172,没（有）,2,4
6173,人才,2,4
6174,帐,2,4
6175,特别的,2,4
6176,生涯,2,4
6177,工艺,2,4
6178,图书,2,4
6179,面包店,2,4
6180,声乐,2,4
6181,毕竟,2,4
6182,闻到,2,4
6183,原子笔,2,4
6184,占据,2,4
6185,症状,2,4
6186,任凭,2,4
6187,晋级,2,4
6188,女婿,2,4
6189,素描,2,4
6190,茶座,2,4
6191,繁体字,2,4
6192,饱满,2,4
6193,上税,2,4
6194,荣获,2,4
6195,凝听,2,4
6196,连日,2,4
6197,声明,2,4
6198,字幕,2,4
6199,胜事,2,4
6200,全家福,2,4
6201,霜叶,2,4
6202,家谱,2,4
6203,遭受,2,4
6204,茶会,2,4
6205,肥料,2,4
6206,哪些,2,4
6207,搭乘,2,4
6208,敌,2,4
6209,鉴于,2,4
6210,选民,2,4
6211,租借,2,4
6212,犯法,2,4
6213,南瓜灯,2,4
6214,推销员,2,4
6215,分手,2,4
6216,液,2,4
6217,全球,2,4
6218,进出口,2,4
6219,遗体,2,4
6220,竹叶,2,4
6221,典雅,2,4
6222,贺,2,4
6223,狮子座,2,4
6224,道地的,2,4
6225,起居室,2,4
6226,水面,2,4
6227,须,2,4
6228,急切,2,4
6229,饮恨,2,4
6230,震撼,2,4
6231,侦探片,2,4
6232,融,2,4
6233,陵墓,2,4
6234,关上,2,4
6235,工夫,2,4
6236,朔望,2,4
6237,圣,2,4
6238,纳闷,2,4
6239,流鼻水,2,4
6240,煤气,2,4
6241,威风,2,4
6242,坐镇,2,4
6243,败,2,4
6244,相传,2,4
6245,田,2,4
6246,沾,2,4
6247,仙境,2,4
6248,惊慌,2,4
6249,匠心,2,4
6250,取笑,2,4
6251,砂糖,2,4
6252,运作,2,4
6253,地位,2,4
6254,栖身,2,4
6255,经,2,4
6256,软禁,2,4
6257,卧铺,2,4
6258,审查,2,4
6259,很久,2,4
6260,加以,2,4
6261,公认,2,4
6262,晚辈,2,4
6263,迷恋,2,4
6264,手指甲,2,4
6265,高层,2,4
6266,评选,2,4
6267,看起来,2,4
6268,晨练,2,4
6269,机智,2,4
6270,害虫,2,4
6271,贴现,2,4
6272,浪,2,4
6273,倒闭,2,4
6274,估价,2,4
6275,不会,2,4
6276,挥霍,2,4
6277,木,2,4
6278,档案,2,4
6279,斋,2,4
6280,弃,2,4
6281,贵国,2,4
6282,日夜,2,4
6283,甲骨文,2,4
6284,欲望,2,4
6285,远见,2,4
6286,形式,2,4
6287,跳远,2,4
6288,剪纸,2,4
6289,离别,2,4
6290,纤细,2,4
6291,陪葬,2,4
6292,原住民,2,4
6293,亲,2,4
6294,铺子,2,4
6295,山脉,2,4
6296,调料,2,4
6297,科长,2,4
6298,小卖部,2,4
6299,水泥,2,4
6300,一面,2,4
6301,年度,2,4
6302,卫生棉,2,4
6303,好评,2,4
6304,糗,2,4
6305,皮带,2,4
6306,导,2,4
6307,金字塔,2,4
6308,事（情）,2,4
6309,光彩,2,4
6310,谄媚,2,4
6311,伐,2,4
6312,省事,2,4
6313,号称,2,4
6314,荤菜,2,4
6315,侵略,2,4
6316,坚决,2,4
6317,友人,2,4
6318,毛毛雨,2,4
6319,上半场,2,4
6320,借重,2,4
6321,野心,2,4
6322,俯,2,4
6323,杨桃,2,4
6324,航线,2,4
6325,前院,2,4
6326,带走,2,4
6327,扫墓,2,4
6328,发臭,2,4
6329,泪痕,2,4
6330,两点半,2,4
6331,瞧,2,4
6332,自,2,4
6333,康复,2,4
6334,诚意,2,4
6335,全国,2,4
6336,察觉,2,4
6337,战马,2,4
6338,磅秤,2,4
6339,饱和,2,4
6340,弹琴,2,4
6341,丝毫,2,4
6342,炒米粉,2,4
6343,草丛,2,4
6344,高科技,2,4
6345,母,2,4
6346,吐气,2,4
6347,小声,2,4
6348,大街,2,4
6349,杰出,2,4
6350,拼音,2,4
6351,药物,2,4
6352,一口气,2,4
6353,梧桐,2,4
6354,冒烟,2,4
6355,午前,2,4
6356,做梦,2,4
6357,监控,2,4
6358,劲,2,4
6359,何必,2,4
6360,区域,2,4
6361,电灯,2,4
6362,色拉,2,4
6363,莲雾,2,4
6364,殿,2,4
6365,女衬衫,2,4
6366,懒,2,4
6367,锦绣,2,4
6368,老迈,2,4
6369,盯着,2,4
6370,优美,2,4
6371,赠,2,4
6372,欺骗,2,4
6373,缩小,2,4
6374,难吃,2,4
6375,讲座,2,4
6376,洋溢,2,4
6377,不可,2,4
6378,联手,2,4
6379,筷,2,4
6380,人工,2,4
6381,经费,2,4
6382,命名,2,4
6383,缆车,2,4
6384,受难,2,4
6385,西式,2,4
6386,依据,2,4
6387,只好,2,4
6388,脚步,2,4
6389,节省,2,4
6390,车辆,2,4
6391,鸡腿,2,4
6392,规则,2,4
6393,自卑,2,4
6394,礼服,2,4
6395,尖峭,2,4
6396,弦,2,4
6397,分外,2,4
6398,中华,2,4
6399,年初一,2,4
6400,斩,2,4
6401,回归,2,4
6402,唐朝,2,4
6403,伫立,2,4
6404,英勇,2,4
6405,粘,2,4
6406,称号,2,4
6407,鲜奶,2,4
6408,总结,2,4
6409,村,2,4
6410,看望,2,4
6411,谈谈,2,4
6412,灵敏,2,4
6413,彩绘,2,4
6414,晚班车,2,4
6415,不行,2,4
6416,小镇,2,4
6417,些微,2,4
6418,游览车,2,4
6419,困境,2,4
6420,饺,2,4
6421,大臣,2,4
6422,允许,2,4
6423,大宗,2,4
6424,长袜,2,4
6425,机关,2,4
6426,虔诚,2,4
6427,违反,2,4
6428,奖,2,4
6429,预感,2,4
6430,拖,2,4
6431,警,2,4
6432,拌,2,4
6433,葱油鸡,2,4
6434,胡椒,2,4
6435,老练,2,4
6436,口香糖,2,4
6437,天晴,2,4
6438,尼姑,2,4
6439,获奖,2,4
6440,古色古香,2,4
6441,传,2,4
6442,话旧,2,4
6443,扩散,2,4
6444,倘若,2,4
6445,竞争力,2,4
6446,边际,2,4
6447,编印,2,4
6448,礼品店,2,4
6449,甜头,2,4
6450,怎,2,4
6451,药方,2,4
6452,预期,2,4
6453,备注,2,4
6454,市政府,2,4
6455,用户,2,4
6456,宗旨,2,4
6457,信奉,2,4
6458,开户,2,4
6459,敝,2,4
6460,悠游卡,2,4
6461,电汇,2,4
6462,布景,2,4
6463,盛饭,2,4
6464,青少年,2,4
6465,鼓手,2,4
6466,会战,2,4
6467,亲爱的,2,4
6468,大猩猩,2,4
6469,太监,2,4
6470,抹,2,4
6471,小猫,2,4
6472,缺乏,2,4
6473,较,2,4
6474,菩萨,2,4
6475,建置,2,4
6476,议,2,4
6477,行业,2,4
6478,误解,2,4
6479,嘲笑,2,4
6480,工地,2,4
6481,肠胃,2,4
6482,敏捷,2,4
6483,数据,2,4
6484,床位,2,4
6485,演说,2,4
6486,二十三,2,4
6487,旺季,2,4
6488,比数,2,4
6489,诊断,2,4
6490,水桶,2,4
6491,划龙舟,2,4
6492,艰窘,2,4
6493,益,2,4
6494,放荡,2,4
6495,珍珠,2,4
6496,开启,2,4
6497,心思,2,4
6498,落寞,2,4
6499,其它,2,4
6500,伸,2,4
6501,近视,2,4
6502,调和,2,4
6503,算法,2,4
6504,星级,2,4
6505,马戏,2,4
6506,前锋,2,4
6507,频频,2,4
6508,犹豫,2,4
6509,宴会,2,4
6510,颜料,2,4
6511,票面,2,4
6512,冤家,2,4
6513,怀抱,2,4
6514,桌球,2,4
6515,皮肤癌,2,4
6516,驱逐,2,4
6517,世界语,2,4
6518,野狗,2,4
6519,利润,2,4
6520,躲,2,4
6521,本地,2,4
6522,搜寻,2,4
6523,永续,2,4
6524,承受,2,4
6525,日币,2,4
6526,桶,2,4
6527,构思,2,4
6528,工钱,2,4
6529,宠,2,4
6530,西南,2,4
6531,公元,2,4
6532,范围,2,4
6533,模式,2,4
6534,愚蠢,2,4
6535,小贩,2,4
6536,合掌,2,4
6537,滋事,2,4
6538,怪兽,2,4
6539,娘家,2,4
6540,放晴,2,4
6541,恐怖,2,4
6542,租赁,2,4
6543,笔法,2,4
6544,胖子,2,4
6545,试衣室,2,4
6546,危害,2,4
6547,值班,2,4
6548,欧洲,2,4
6549,牧师,2,4
6550,砌,2,4
6551,景观,2,4
6552,道喜,2,4
6553,审议,2,4
6554,大名,2,4
6555,抵消,2,4
6556,向来,2,4
6557,蜂蜜,2,4
6558,天河,2,4
6559,趋势,2,4
6560,眼界,2,4
6561,舞台,2,4
6562,写字台,2,4
6563,街灯,2,4
6564,计谋,2,4
6565,突击,2,4
6566,弓箭,2,4
6567,接近,2,4
6568,学生中心,2,4
6569,阳光,2,4
6570,中药,2,4
6571,客房,2,4
6572,爱慕,2,4
6573,肥皂,2,4
6574,发布,2,4
6575,优越,2,4
6576,租车,2,4
6577,哀悼,2,4
6578,礼,2,4
6579,升息,2,4
6580,比喻,2,4
6581,巧,2,4
6582,内涵,2,4
6583,静悄悄,2,4
6584,花钱,2,4
6585,卤味,2,4
6586,土豆,2,4
6587,背后,2,4
6588,反抗,2,4
6589,人体,2,4
6590,现货,2,4
6591,军车,2,4
6592,竟,2,4
6593,调高,2,4
6594,遐想,2,4
6595,主题曲,2,4
6596,喷水池,2,4
6597,际,2,4
6598,餐巾,2,4
6599,北方,2,4
6600,出丑,2,4
6601,女厕所,2,4
6602,套牢,2,4
6603,战火,2,4
6604,虾仁,2,4
6605,韧性,2,4
6606,苦心,2,4
6607,唐,2,4
6608,终点,2,4
6609,外遇,2,4
6610,故居,2,4
6611,注音符号,2,4
6612,暖气片,2,4
6613,器材,2,4
6614,撤回,2,4
6615,电工,2,4
6616,精华,2,4
6617,脆弱,2,4
6618,烧卖,2,4
6619,编号,2,4
6620,摧残,2,4
6621,多谢,2,4
6622,烧焦,2,4
6623,吵闹,2,4
6624,闪耀,2,4
6625,活期,2,4
6626,完毕,2,4
6627,年轻人,2,4
6628,吸烟,2,4
6629,奴隶,2,4
6630,交错,2,4
6631,顽皮,2,4
6632,乡土,2,4
6633,语调,2,4
6634,送行,2,4
6635,蛾眉,2,4
6636,路牌,2,4
6637,玩耍,2,4
6638,镇守,2,4
6639,邮政局,2,4
6640,览,2,4
6641,物价,2,4
6642,飞扬,2,4
6643,秃头,2,4
6644,茉莉花,2,4
6645,书柜,2,4
6646,局部,2,4
6647,旅程,2,4
6648,茶点,2,4
6649,窗外,2,4
6650,发火,2,4
6651,欢送,2,4
6652,堪,2,4
6653,借书,2,4
6654,院,2,4
6655,酒杯,2,4
6656,饲料,2,4
6657,浮云,2,4
6658,试办,2,4
6659,扬言,2,4
6660,凡,2,4
6661,把戏,2,4
6662,打仗,2,4
6663,动荡,2,4
6664,食谱,2,4
6665,雀跃,2,4
6666,金黄色,2,4
6667,辩论社,2,4
6668,恐吓,2,4
6669,枯死,2,4
6670,漫画书,2,4
6671,衣,2,4
6672,现款,2,4
6673,者,2,4
6674,伤亡,2,4
6675,人像,2,4
6676,媚,2,4
6677,有线电视,2,4
6678,延伸,2,4
6679,鱼刺,2,4
6680,决,2,4
6681,抬头,2,4
6682,接送,2,4
6683,依序,2,4
6684,灌溉,2,4
6685,遮住,2,4
6686,迎,2,4
6687,主题,2,4
6688,耕田,2,4
6689,等等,2,4
6690,有事,2,4
6691,奥运,2,4
6692,独有,2,4
6693,数码照相机,2,4
6694,小笼包,2,4
6695,肃清,2,4
6696,买主,2,4
6697,斑马线,2,4
6698,荣耀,2,4
6699,废墟,2,4
6700,电信局,2,4
6701,饭团,2,4
6702,儿女,2,4
6703,落泪,2,4
6704,仁,2,4
6705,谋,2,4
6706,湿度,2,4
6707,淋,2,4
6708,中文社,2,4
6709,手电筒,2,4
6710,寡人,2,4
6711,姊姊,2,4
6712,布幕,2,4
6713,光碟,2,4
6714,开夜车,2,4
6715,住户,2,4
6716,暖化,2,4
6717,船坞,2,4
6718,集,2,4
6719,恰好,2,4
6720,二十九,2,4
6721,汪,2,4
6722,车辙,2,4
6723,喇叭,2,4
6724,违规,2,4
6725,毛病,2,4
6726,比如,2,4
6727,宣告,2,4
6728,惊人,2,4
6729,顶替,2,4
6730,终点站,2,4
6731,和缓,2,4
6732,形态,2,4
6733,入出境,2,4
6734,辗转,2,4
6735,屠夫,2,4
6736,群岛,2,4
6737,自助旅行,2,4
6738,散,2,4
6739,裁军,2,4
6740,太后,2,4
6741,谈论,2,4
6742,影集,2,4
6743,萝,2,4
6744,聪,2,4
6745,但,2,4
6746,妙,2,4
6747,出汗,2,4
6748,原则,2,4
6749,知己,2,4
6750,并购,2,4
6751,类别,2,4
6752,尘,2,4
6753,姐夫,2,4
6754,高雄,2,4
6755,缸,2,4
6756,杂草,2,4
6757,足球迷,2,4
6758,丝线,2,4
6759,漏斗,2,4
6760,索取,2,4
6761,妳,2,4
6762,病历表,2,4
6763,川菜,2,4
6764,想到,2,4
6765,字母,2,4
6766,各界,2,4
6767,通用,2,4
6768,扇动,2,4
6769,风暴,2,4
6770,印刷品,2,4
6771,卫星,2,4
6772,闲暇,2,4
6773,板,2,4
6774,凯旋,2,4
6775,云霄飞车,2,4
6776,门槛,2,4
6777,害处,2,4
6778,信教,2,4
6779,道教,2,4
6780,口渴,2,4
6781,情感,2,4
6782,略,2,4
6783,孝顺,2,4
6784,物理,2,4
6785,不一样,2,4
6786,信息,2,4
6787,阅,2,4
6788,他乡,2,4
6789,滚,2,4
6790,做法,2,4
6791,成药,2,4
6792,还没,2,4
6793,翌日,2,4
6794,尼龙,2,4
6795,电视台,2,4
6796,照常,2,4
6797,浴,2,4
6798,代替,2,4
6799,暗示,2,4
6800,天资,2,4
6801,恐怖片,2,4
6802,忙活,2,4
6803,慢慢,2,4
6804,捉,2,4
6805,领航,2,4
6806,脸型,2,4
6807,辖,2,4
6808,判,2,4
6809,木工,2,4
6810,中年,2,4
6811,曲解,2,4
6812,炸药,2,4
6813,凋零,2,4
6814,行号,2,4
6815,午夜场,2,4
6816,铜钱,2,4
6817,凝视,2,4
6818,语,2,4
6819,机构,2,4
6820,绿化,2,4
6821,王妃,2,4
6822,白日梦,2,4
6823,牌子,2,4
6824,烘,2,4
6825,保险套,2,4
6826,自立,2,4
6827,大致,2,4
6828,炒面,2,4
6829,场所,2,4
6830,裤,2,4
6831,手脚,2,4
6832,殖民地,2,4
6833,美丽的,2,4
6834,芹,2,4
6835,托,2,4
6836,婵娟,2,4
6837,喷漆,2,4
6838,口号,2,4
6839,交往,2,4
6840,纳入,2,4
6841,吃力,2,4
6842,公,2,4
6843,全班,2,4
6844,雪花,2,4
6845,扮,2,4
6846,初中生,2,4
6847,割爱,2,4
6848,暨,2,4
6849,回收,2,4
6850,曲,2,4
6851,锄头,2,4
6852,卖国贼,2,4
6853,人士,2,4
6854,彘,2,4
6855,学院,2,4
6856,篇幅,2,4
6857,睡着,2,4
6858,重现,2,4
6859,烤鸡,2,4
6860,简陋,2,4
6861,掠夺,2,4
6862,仁爱,2,4
6863,传达,2,4
6864,擅长,2,4
6865,医治,2,4
6866,浸湿,2,4
6867,安全帽,2,4
6868,犹如,2,4
6869,月历,2,4
6870,狂想,2,4
6871,第二,2,4
6872,凤爪,2,4
6873,衣橱,2,4
6874,虐待,2,4
6875,番,2,4
6876,明细表,2,4
6877,歌词,2,4
6878,行礼,2,4
6879,以上,2,4
6880,而已,2,4
6881,清醒,2,4
6882,自修,2,4
6883,耐,2,4
6884,包厢,2,4
6885,学会,2,4
6886,反驳,2,4
6887,巷,2,4
6888,丑闻,2,4
6889,正规,2,4
6890,讲话,2,4
6891,农民,2,4
6892,多半儿,2,4
6893,宪法,2,4
6894,肉干,2,4
6895,萎黄,2,4
6896,首饰,2,4
6897,瓦砾,2,4
6898,虚拟,2,4
6899,遗址,2,4
6900,初估,2,4
6901,好喝,2,4
6902,载运,2,4
6903,海洋世界,2,4
6904,讨好,2,4
6905,朦胧,2,4
6906,消化,2,4
6907,省力,2,4
6908,华,2,4
6909,谨,2,4
6910,废止,2,4
6911,恶,2,4
6912,卡通影片,2,4
6913,银色,2,4
6914,余震,2,4
6915,盼望,2,4
6916,零食,2,4
6917,重要的,2,4
6918,短缺,2,4
6919,水牛,2,4
6920,订房,2,4
6921,优良,2,4
6922,设想,2,4
6923,福利,2,4
6924,等于,2,4
6925,哀怜,2,4
6926,坚强,2,4
6927,过年,2,4
6928,开演,2,4
6929,总数,2,4
6930,以及,2,4
6931,沙,2,4
6932,及,2,4
6933,哈,2,4
6934,征服,2,4
6935,目标,2,4
6936,未,2,4
6937,传染,2,4
6938,全家人,2,4
6939,体积,2,4
6940,大多数,2,4
6941,法子,2,4
6942,影子,2,4
6943,唤醒,2,4
6944,汉,2,4
6945,帮手,2,4
6946,任命,2,4
6947,校历,2,4
6948,言,2,4
6949,录像带,2,4
6950,王室,2,4
6951,推销,2,4
6952,洗发液,2,4
6953,召见,2,4
6954,基督教,2,4
6955,解剖,2,4
6956,毛毯,2,4
6957,柜,2,4
6958,道家,2,4
6959,惊,2,4
6960,吸毒,2,4
6961,医科,2,4
6962,型,2,4
6963,好笑,2,4
6964,工艺品,2,4
6965,山顶,2,4
6966,十万,2,4
6967,驾照,2,4
6968,沿海,2,4
6969,热爱,2,4
6970,传承,2,4
6971,拉肚子,2,4
6972,坚持,2,4
6973,诣,2,4
6974,竹林,2,4
6975,惶恐,2,4
6976,吉利,2,4
6977,假设,2,4
6978,悲愤,2,4
6979,于,2,4
6980,不止,2,4
6981,总共,2,4
6982,蹲,2,4
6983,留意,2,4
6984,以外,2,4
6985,彩虹,2,4
6986,尊严,2,4
6987,冲撞,2,4
6988,不宜,2,4
6989,喘,2,4
6990,迷惑,2,4
6991,菜花,2,4
6992,做菜,2,4
6993,雷同,2,4
6994,地下铁,2,4
6995,款待,2,4
6996,腐败,2,4
6997,篱笆,2,4
6998,爷,2,4
6999,机长,2,4
7000,洞穴,2,4
7001,赴,2,4
7002,结清,2,4
7003,号子,2,4
7004,公用,2,4
7005,竹篮,2,4
7006,痕,2,4
7007,当真,2,4
7008,梳妆台,2,4
7009,同业,2,4
7010,关照,2,4
7011,失传,2,4
7012,知名,2,4
7013,无疑,2,4
7014,冰蚕,2,4
7015,崩坠,2,4
7016,团员,2,4
7017,科系,2,4
7018,想家,2,4
7019,尖兵,2,4
7020,扳平,2,4
7021,赏花,2,4
7022,美梦,2,4
7023,武术,2,4
7024,透露,2,4
7025,能量,2,4
7026,孕妇,2,4
7027,终身,2,4
7028,神父,2,4
7029,布袋戏,2,4
7030,坏蛋,2,4
7031,别字,2,4
7032,公顷,2,4
7033,凶猛,2,4
7034,功,2,4
7035,弃权,2,4
7036,龟,2,4
7037,木刻,2,4
7038,连忙,2,4
7039,室外,2,4
7040,三读,2,4
7041,存货,2,4
7042,露天,2,4
7043,契约,2,4
7044,发胖,2,4
7045,皮蛋,2,4
7046,堕落,2,4
7047,后座,2,4
7048,位置,2,4
7049,股,2,4
7050,钢,2,4
7051,里程碑,2,4
7052,守岁,2,4
7053,全力,2,4
7054,封建,2,4
7055,汽水儿,2,4
7056,二十二,2,4
7057,扩建,2,4
7058,收视率,2,4
7059,做礼拜,2,4
7060,澳洲,2,4
7061,品茗,2,4
7062,光复,2,4
7063,强韧,2,4
7064,冰凉,2,4
7065,奔,2,4
7066,歌星,2,4
7067,管理员,2,4
7068,酒量,2,4
7069,良好,2,4
7070,医务所,2,4
7071,丢弃,2,4
7072,自在,2,4
7073,养生,2,4
7074,冤枉,2,4
7075,批定,2,4
7076,仰,2,4
7077,后院,2,4
7078,被单,2,4
7079,耳语,2,4
7080,动手,2,4
7081,服务费,2,4
7082,食品公司,2,4
7083,郁金香,2,4
7084,渔民,2,4
7085,青蛙,2,4
7086,下台,2,4
7087,起名,2,4
7088,橱窗,2,4
7089,建国,2,4
7090,山峰,2,4
7091,宽大,2,4
7092,师母,2,4
7093,太空,2,4
7094,全校,2,4
7095,作证,2,4
7096,线索,2,4
7097,保守,2,4
7098,探勘,2,4
7099,目光,2,4
7100,寄回去,2,4
7101,澡,2,4
7102,满腹狐疑,2,4
7103,待命,2,4
7104,郑重,2,4
7105,张开,2,4
7106,汉族,2,4
7107,致力,2,4
7108,哪个,2,4
7109,科幻片,2,4
7110,公吨,2,4
7111,同音词,2,4
7112,题材,2,4
7113,风浪,2,4
7114,希,2,4
7115,算术,2,4
7116,使劲,2,4
7117,樽,2,4
7118,奇妙,2,4
7119,龙井,2,4
7120,妒忌,2,4
7121,面颊,2,4
7122,烧香,2,4
7123,打火机,2,4
7124,姥爷,2,4
7125,老将,2,4
7126,指示,2,4
7127,降低,2,4
7128,见面礼,2,4
7129,高丽菜,2,4
7130,减缓,2,4
7131,哪国人,2,4
7132,奠定,2,4
7133,社交,2,4
7134,祭典,2,4
7135,步兵,2,4
7136,懒惰,2,4
7137,专精,2,4
7138,遗弃,2,4
7139,接受,2,4
7140,女演员,2,4
7141,血汗,2,4
7142,随和,2,4
7143,椽,2,4
7144,官司,2,4
7145,后头,2,4
7146,中文班,2,4
7147,厕,2,4
7148,年画,2,4
7149,招,2,4
7150,用意,2,4
7151,统治,2,4
7152,洗刷,2,4
7153,涨幅,2,4
7154,制服,2,4
7155,今后,2,4
7156,大峡谷,2,4
7157,甘心,2,4
7158,累累,2,4
7159,惊惶,2,4
7160,筒,2,4
7161,转机,2,4
7162,单程,2,4
7163,毛毛虫,2,4
7164,匆忙,2,4
7165,怎样,2,4
7166,几+M,2,4
7167,乳酪,2,4
7168,未婚,2,4
7169,牙医,2,4
7170,谦卑,2,4
7171,电炉,2,4
7172,不良,2,4
7173,情景,2,4
7174,会晤,2,4
7175,观点,2,4
7176,笑料,2,4
7177,黏合,2,4
7178,细,2,4
7179,仙丹,2,4
7180,话筒,2,4
7181,铅笔盒,2,4
7182,逼近,2,4
7183,吝啬,2,4
7184,重逢,2,4
7185,必需,2,4
7186,自私,2,4
7187,捕手,2,4
7188,专辑,2,4
7189,古人,2,4
7190,画廊,2,4
7191,部落格,2,4
7192,萎缩,2,4
7193,双亲,2,4
7194,观看,2,4
7195,当初,2,4