1,的,718789,1
2,一,357300,1
3,我,354593,1
4,是,342052,1
5,了,333453,1
6,不,293042,1
7,有,233478,1
8,人,207105,1
9,你,199747,1
10,在,198186,1
11,这,172238,1
12,个,148124,1
13,们,147636,1
14,他,145442,1
15,大,137643,1
16,来,137059,1
17,上,133444,1
18,中,126064,1
19,好,122872,1
20,么,116841,1
21,国,112568,1
22,说,110699,1
23,子,109878,1
24,天,109388,1
25,到,109351,1
26,就,109178,1
27,去,107870,1
28,要,105494,1
29,生,97406,1
30,学,97048,1
31,儿,94213,1
32,也,92654,1
33,以,91775,1
34,多,91775,1
35,小,91118,1
36,看,89502,1
37,家,88834,1
38,时,88528,1
39,得,87137,1
40,和,84120,1
41,可,81754,1
42,很,79360,1
43,那,78841,1
44,地,78749,1
45,年,76149,1
46,都,75627,1
47,为,74789,1
48,会,74307,1
49,下,72297,1
50,里,69869,1
51,还,69367,1
52,没,69029,1
53,过,64609,1
54,什,64605,1
55,老,62433,1
56,能,62347,1
57,着,61899,1
58,对,61667,1
59,出,60276,1
60,吗,59643,1
61,点,54360,1
62,想,54303,1
63,后,53823,1
64,自,52777,1
65,用,51833,1
66,起,51824,1
67,方,49960,1
68,样,48840,1
69,文,48262,1
70,她,47054,1
71,成,45770,1
72,作,45540,1
73,现,45381,1
74,吃,45332,1
75,事,44345,1
76,明,42742,1
77,语,42258,1
78,行,41451,1
79,十,41328,1
80,发,41057,1
81,把,40836,1
82,吧,40683,1
83,意,40224,1
84,面,39994,1
85,然,39586,1
86,经,39319,1
87,高,39103,1
88,心,38861,1
89,王,38843,1
90,开,38819,1
91,道,38766,1
92,太,37876,1
93,呢,37654,1
94,给,37637,1
95,动,37539,1
96,如,37493,1
97,同,37288,1
98,而,37103,1
99,问,37029,1
100,常,36921,1
101,三,36745,1
102,日,36403,1
103,车,35914,1
104,话,35600,1
105,最,35191,1
106,前,35020,1
107,只,34895,1
108,两,34705,1
109,几,34554,1
110,长,34516,1
111,些,34079,1
112,本,33967,1
113,怎,33905,1
114,种,33756,1
115,又,33735,1
116,间,33507,1
117,比,33490,1
118,做,33216,1
119,从,33205,1
120,工,32908,1
121,真,32646,1
122,于,32573,1
123,之,32462,1
124,打,32385,1
125,公,32231,1
126,回,32139,1
127,师,32089,1
128,分,31912,1
129,美,31662,1
130,所,31404,1
131,外,31279,1
132,妈,31088,1
133,请,30915,1
134,李,30845,1
135,二,30785,1
136,别,30672,1
137,见,30669,1
138,电,30598,1
139,您,30419,1
140,今,30410,1
141,定,30359,1
142,知,30353,1
143,听,30136,1
144,西,30097,1
145,张,29986,1
146,走,29714,1
147,等,29691,1
148,名,29686,1
149,山,29415,1
150,当,29150,1
151,候,28333,1
152,法,28268,1
153,水,27748,1
154,书,27664,1
155,先,27621,1
156,女,27579,1
157,北,27492,1
158,月,27445,1
159,己,27338,1
160,少,27253,1
161,再,27148,1
162,哪,27069,1
163,但,26938,1
164,边,26903,1
165,欢,26674,1
166,情,26485,1
167,因,26455,1
168,活,26454,1
169,进,26384,1
170,喜,26290,1
171,气,26283,1
172,字,26261,1
173,理,25867,1
174,买,25116,1
175,次,25074,1
176,头,24996,1
177,快,24797,1
178,东,24717,1
179,新,24502,1
180,京,24450,1
181,它,23922,1
182,表,23756,1
183,叫,23686,1
184,主,23610,1
185,口,23513,1
186,友,23449,1
187,民,23418,1
188,啊,23372,1
189,业,23368,1
190,期,23255,1
191,力,23178,1
192,机,23135,1
193,正,23132,1
194,教,23078,1
195,物,23037,1
196,果,22994,1
197,丽,22941,1
198,四,22859,1
199,手,22842,1
200,谢,22707,1
201,已,22656,1
202,五,22652,1
203,重,22630,1
204,第,22308,1
205,钱,22260,1
206,位,22197,1
207,代,21949,1
208,爸,21826,1
209,海,21820,1
210,者,21794,1
211,课,21596,1
212,实,21587,1
213,词,21487,1
214,员,21444,1
215,相,21402,1
216,习,21152,1
217,才,21053,1
218,服,21047,1
219,关,21037,1
220,马,20990,1
221,每,20860,1
222,汉,20602,1
223,孩,20455,1
224,爱,20423,1
225,加,20408,1
226,化,20295,1
227,全,20294,1
228,其,20234,1
229,路,20023,1
230,体,19978,1
231,写,19960,1
232,花,19843,1
233,朋,19770,1
234,门,19739,1
235,像,19607,1
236,平,19521,1
237,让,19336,1
238,觉,19318,1
239,身,19267,1
240,白,19241,1
241,饭,19096,1
242,跟,19049,1
243,感,18771,1
244,思,18566,1
245,住,18510,1
246,题,18449,1
247,放,18429,1
248,信,18394,1
249,安,18376,1
250,市,18325,1
251,节,18128,1
252,星,18102,1
253,特,17303,1
254,城,17242,1
255,世,17234,1
256,应,17193,1
257,晚,17020,1
258,早,16828,1
259,色,16811,1
260,音,16786,1
261,合,16773,1
262,无,16761,1
263,件,16640,1
264,金,16632,1
265,使,16533,1
266,亲,16488,1
267,房,16459,1
268,便,16321,1
269,带,16305,1
270,部,16286,1
271,林,16224,1
272,或,16223,1
273,找,16203,1
274,坐,16173,1
275,声,16034,1
276,客,16015,1
277,更,16015,1
278,难,16003,1
279,向,15959,1
280,游,15915,1
281,场,15854,1
282,非,15838,1
283,与,15816,1
284,通,15751,1
285,菜,15590,1
286,认,15582,1
287,母,15536,1
288,被,15333,1
289,结,15269,1
290,各,15235,1
291,英,15234,1
292,越,15224,1
293,完,14947,1
294,此,14777,1
295,句,14669,1
296,风,14482,1
297,受,14152,1
298,提,14142,1
299,告,14139,1
300,乐,14123,1
301,度,14112,1
302,原,13986,1
303,球,13979,1
304,该,13972,1
305,百,13926,1
306,解,13879,1
307,品,13827,1
308,由,13748,1
309,校,13693,1
310,干,13584,1
311,系,13569,1
312,姐,13469,1
313,影,13423,1
314,父,13406,1
315,条,13353,1
316,喝,13353,1
317,近,13344,1
318,性,13287,1
319,变,13277,1
320,夫,13266,1
321,数,13230,1
322,司,13128,1
323,兴,13126,1
324,保,13052,1
325,交,13042,1
326,总,13024,1
327,目,13017,1
328,建,13004,1
329,报,12952,1
330,眼,12924,1
331,办,12922,1
332,八,12910,1
333,量,12790,1
334,元,12780,1
335,号,12752,1
336,界,12745,1
337,包,12735,1
338,往,12732,1
339,远,12703,1
340,照,12699,1
341,接,12658,1
342,古,12640,1
343,光,12614,1
344,直,12604,1
345,望,12600,1
346,利,12587,1
347,形,12583,1
348,社,12567,1
349,谁,12502,1
350,红,12493,1
351,衣,12468,1
352,六,12451,1
353,内,12428,1
354,画,12392,1
355,华,12368,1
356,展,12367,1
357,万,12366,1
358,产,12365,1
359,记,12349,1
360,务,12347,1
361,南,12303,1
362,容,12259,1
363,笑,12142,1
364,考,12124,1
365,处,12080,1
366,店,12047,1
367,清,12045,1
368,并,11958,1
369,半,11921,1
370,商,11734,1
371,块,11733,1
372,田,11712,1
373,病,11660,1
374,男,11569,1
375,酒,11568,1
376,呀,11566,1
377,热,11541,1
378,始,11532,1
379,流,11471,1
380,象,11424,1
381,将,11341,1
382,台,11302,1
383,空,11221,1
384,读,11192,1
385,许,11151,1
386,院,11065,1
387,传,11041,1
388,式,11021,1
389,算,10990,1
390,拿,10989,1
391,午,10960,1
392,观,10940,1
393,忙,10871,1
394,甲,10862,1
395,亮,10843,1
396,入,10783,1
397,立,10779,1
398,运,10760,1
399,错,10757,1
400,刚,10755,1
401,单,10749,1
402,飞,10710,1
403,周,10691,1
404,示,10617,1
405,玩,10610,1
406,神,10547,1
407,克,10523,1
408,识,10476,1
409,言,10408,1
410,园,10389,1
411,岁,10348,1
412,达,10338,1
413,收,10319,1
414,视,10309,1
415,婚,10294,1
416,强,10281,1
417,送,10225,1
418,茶,10204,1
419,火,10184,1
420,留,10134,1
421,试,10092,1
422,班,9984,1
423,轻,9950,1
424,指,9937,1
425,死,9931,1
426,旅,9924,1
427,离,9904,1
428,哥,9901,1
429,雨,9892,1
430,制,9847,1
431,历,9838,1
432,弟,9811,1
433,例,9792,1
434,改,9779,1
435,片,9778,1
436,较,9773,1
437,共,9769,1
438,且,9758,1
439,千,9756,1
440,玛,9744,1
441,政,9707,1
442,七,9684,1
443,广,9632,1
444,九,9578,1
445,站,9536,1
446,满,9447,1
447,馆,9401,1
448,准,9374,1
449,牛,9362,1
450,医,9360,1
451,管,9357,1
452,却,9350,1
453,连,9333,1
454,乙,9329,1
455,求,9252,1
456,帮,9241,1
457,票,9209,1
458,步,9190,1
459,故,9139,1
460,义,9110,1
461,青,9073,1
462,参,9041,1
463,韩,9029,1
464,春,9019,1
465,区,9009,1
466,至,8983,1
467,息,8952,1
468,讲,8944,1
469,格,8909,1
470,香,8895,1
471,食,8880,1
472,卫,8877,1
473,论,8875,1
474,易,8855,1
475,网,8821,1
476,及,8821,1
477,反,8687,1
478,费,8664,1
479,类,8638,1
480,爷,8589,1
481,极,8562,1
482,何,8534,1
483,黄,8507,1
484,命,8440,1
485,必,8433,1
486,术,8432,1
487,科,8428,1
488,木,8426,1
489,谈,8352,1
490,史,8339,1
491,差,8314,1
492,选,8288,1
493,调,8278,1
494,楼,8268,1
495,树,8254,1
496,贵,8248,1
497,族,8231,1
498,妹,8198,1
499,济,8192,1
500,计,8107,1
501,深,8021,1
502,刘,7999,1
503,约,7995,1
504,决,7982,1
505,假,7938,1
506,河,7894,1
507,统,7881,1
508,石,7873,1
509,穿,7868,1
510,怕,7841,1
511,育,7801,1
512,念,7784,1
513,兰,7767,1
514,根,7758,1
515,歌,7739,1
516,造,7714,1
517,需,7684,1
518,景,7683,1
519,跑,7678,1
520,米,7665,1
521,任,7661,1
522,礼,7615,1
523,精,7584,1
524,程,7583,1
525,农,7560,1
526,阿,7549,1
527,价,7533,1
528,取,7491,1
529,诉,7478,1
530,资,7465,1
531,毛,7437,1
532,阳,7408,1
533,具,7407,1
534,拉,7399,1
535,称,7370,1
536,奶,7367,1
537,据,7328,1
538,消,7319,1
539,室,7303,1
540,般,7303,1
541,村,7297,1
542,答,7291,1
543,姓,7284,1
544,钟,7269,1
545,除,7263,1
546,整,7259,1
547,失,7255,1
548,慢,7225,1
549,咱,7167,1
550,睡,7161,1
551,图,7156,1
552,功,7140,1
553,持,7106,1
554,究,7105,1
555,苦,7098,1
556,笔,7049,1
557,足,7023,1
558,况,7018,1
559,江,7007,1
560,备,6998,1
561,演,6991,1
562,注,6970,1
563,希,6936,1
564,治,6908,1
565,雪,6876,1
566,久,6867,1
567,际,6847,1
568,复,6837,1
569,座,6823,1
570,随,6810,1
571,志,6798,1
572,味,6750,1
573,士,6734,1
574,首,6692,1
575,助,6689,1
576,货,6669,1
577,居,6636,1
578,龙,6628,1
579,休,6620,1
580,唱,6580,1
581,修,6574,1
582,虽,6565,1
583,德,6549,1
584,倒,6547,1
585,介,6534,1
586,布,6525,1
587,鱼,6508,1
588,汽,6500,1
589,云,6493,1
590,专,6484,1
591,响,6479,1
592,基,6478,1
593,料,6462,1
594,夜,6459,1
595,装,6445,1
596,福,6436,1
597,昨,6433,1
598,养,6432,1
599,斯,6430,1
600,换,6420,1
601,增,6397,1
602,双,6370,1
603,愿,6366,1
604,伟,6345,1
605,转,6330,1
606,丁,6330,1
607,境,6325,1
608,急,6316,1
609,脑,6276,1
610,够,6268,1
611,陈,6266,1
612,黑,6254,1
613,设,6237,1
614,卖,6219,1
615,确,6133,1
616,队,6123,1
617,练,6097,1
618,刻,6093,1
619,则,6081,1
620,药,6073,1
621,娘,6048,1
622,懂,6026,1
623,导,6022,1
624,冷,6017,1
625,切,6013,1
626,紧,6002,1
627,朝,6002,1
628,联,5993,1
629,州,5965,1
630,庭,5959,1
631,护,5936,1
632,领,5930,1
633,排,5893,1
634,另,5882,1
635,环,5856,1
636,组,5848,1
637,简,5832,1
638,技,5761,1
639,军,5718,1
640,研,5712,1
641,查,5689,1
642,举,5678,1
643,左,5635,1
644,纪,5632,1
645,漂,5629,1
646,富,5627,1
647,级,5592,1
648,规,5579,1
649,忘,5566,1
650,赛,5555,1
651,餐,5550,1
652,纸,5549,1
653,洗,5519,1
654,害,5515,1
655,肉,5513,1
656,草,5495,1
657,卡,5474,1
658,船,5466,1
659,右,5448,1
660,乎,5439,1
661,质,5437,1
662,尽,5437,1
663,街,5428,1
664,战,5398,1
665,绍,5397,1
666,售,5392,1
667,祝,5390,1
668,存,5390,1
669,脸,5388,1
670,土,5374,1
671,奇,5373,1
672,引,5357,1
673,屋,5345,1
674,尔,5339,1
675,段,5288,1
676,迎,5268,1
677,落,5241,1
678,楚,5207,1
679,标,5184,1
680,妻,5175,1
681,终,5172,1
682,断,5160,1
683,冬,5149,1
684,健,5143,1
685,跳,5140,1
686,静,5098,1
687,低,5084,1
688,职,5079,1
689,证,5079,1
690,府,5077,1
691,趣,5060,1
692,即,5049,1
693,厂,5044,1
694,续,5014,1
695,烟,4998,1
696,短,4994,1
697,争,4976,1
698,仅,4971,1
699,初,4931,1
700,似,4927,1
701,怪,4926,1
702,典,4918,1
703,适,4895,1
704,众,4877,1
705,底,4876,1
706,顾,4874,1
707,啦,4873,1
708,甚,4872,1
709,麻,4855,1
710,细,4813,1
711,佳,4798,1
712,支,4781,1
713,待,4781,1
714,剧,4772,1
715,艺,4762,1
716,按,4727,1
717,乡,4718,1
718,秋,4711,1
719,罗,4697,1
720,帝,4695,1
721,推,4694,1
722,温,4663,1
723,皮,4659,1
724,旁,4642,1
725,哈,4640,1
726,议,4622,1
727,坏,4603,1
728,停,4585,1
729,巴,4574,1
730,板,4573,1
731,夏,4569,1
732,幸,4568,1
733,独,4555,1
734,普,4551,1
735,围,4528,1
736,鸡,4528,1
737,诗,4521,1
738,惯,4521,1
739,未,4512,1
740,桌,4511,1
741,亚,4498,1
742,顺,4488,1
743,姑,4477,1
744,显,4467,1
745,松,4463,1
746,舍,4458,1
747,借,4457,1
748,堂,4444,1
749,态,4440,1
750,杯,4437,1
751,劳,4432,1
752,赵,4431,1
753,集,4427,1
754,赶,4412,1
755,局,4399,1
756,严,4375,1
757,圆,4368,1
758,省,4347,1
759,绿,4340,1
760,银,4339,1
761,叶,4323,1
762,舞,4322,1
763,康,4304,1
764,著,4295,1
765,器,4293,1
766,破,4276,1
767,脚,4267,1
768,毕,4264,1
769,孙,4261,1
770,线,4253,1
771,吸,4244,1
772,型,4242,1
773,户,4242,1
774,朴,4235,1
775,彩,4228,1
776,营,4221,1
777,铁,4210,1
778,呼,4204,1
779,哎,4203,1
780,既,4201,1
781,累,4199,1
782,皇,4175,1
783,床,4175,1
784,担,4133,1
785,印,4109,1
786,值,4104,1
787,曾,4104,1
788,妇,4103,1
789,洋,4101,1
790,某,4101,1
791,狗,4094,1
792,官,4092,1
793,验,4087,1
794,苏,4079,1
795,戏,4065,1
796,突,4051,1
797,掉,4030,1
798,互,4028,1
799,油,4024,1
800,速,4011,1
801,背,3987,2
802,须,3985,2
803,挺,3965,2
804,宜,3959,2
805,闻,3948,2
806,灯,3947,2
807,玉,3943,2
808,烦,3934,2
809,令,3929,2
810,敢,3926,2
811,层,3924,2
812,遇,3916,2
813,莉,3916,2
814,角,3870,2
815,胡,3869,2
816,章,3867,2
817,团,3862,2
818,末,3859,2
819,翻,3853,2
820,杂,3851,2
821,预,3833,2
822,源,3825,2
823,列,3822,2
824,虎,3799,2
825,构,3798,2
826,革,3798,2
827,杰,3789,2
828,群,3758,2
829,湖,3755,2
830,素,3751,2
831,划,3750,2
832,邮,3748,2
833,绝,3747,2
834,项,3742,2
835,超,3737,2
836,宝,3737,2
837,聊,3732,2
838,遍,3726,2
839,桥,3724,2
840,善,3717,2
841,骑,3717,2
842,鸟,3708,2
843,份,3696,2
844,武,3688,2
845,沙,3684,2
846,渐,3671,2
847,充,3668,2
848,律,3661,2
849,鲜,3659,2
850,靠,3631,2
851,封,3628,2
852,积,3626,2
853,肯,3618,2
854,概,3598,2
855,努,3581,2
856,困,3580,2
857,否,3579,2
858,译,3576,2
859,创,3574,2
860,睛,3570,2
861,佛,3570,2
862,权,3566,2
863,闹,3566,2
864,致,3549,2
865,尝,3546,2
866,优,3543,2
867,投,3526,2
868,套,3523,2
869,鞋,3506,2
870,胜,3504,2
871,藏,3504,2
872,密,3492,2
873,伤,3490,2
874,舒,3486,2
875,宫,3486,2
876,状,3475,2
877,唐,3458,2
878,牌,3453,2
879,宿,3443,2
880,竟,3436,2
881,厅,3434,2
882,蛋,3401,2
883,租,3399,2
884,熟,3391,2
885,冰,3388,2
886,兵,3386,2
887,猫,3379,2
888,惊,3372,2
889,效,3367,2
890,秀,3356,2
891,俗,3351,2
892,占,3346,2
893,洲,3339,2
894,芳,3339,2
895,责,3338,2
896,孔,3338,2
897,杨,3337,2
898,招,3335,2
899,丈,3332,2
900,峰,3325,2
901,寄,3323,2
902,险,3322,2
903,企,3321,2
904,择,3304,2
905,羊,3304,2
906,旧,3300,2
907,港,3285,2
908,珍,3282,2
909,烧,3281,2
910,永,3267,2
911,录,3252,2
912,散,3251,2
913,依,3248,2
914,供,3245,2
915,察,3244,2
916,伯,3235,2
917,采,3234,2
918,副,3220,2
919,窗,3207,2
920,季,3192,2
921,祖,3168,2
922,嘴,3167,2
923,铃,3167,2
924,波,3159,2
925,野,3152,2
926,痛,3150,2
927,补,3149,2
928,疼,3143,2
929,良,3138,2
930,露,3115,2
931,曲,3114,2
932,坚,3111,2
933,智,3107,2
934,叔,3105,2
935,势,3097,2
936,属,3095,2
937,嘛,3086,2
938,仍,3083,2
939,负,3078,2
940,筑,3069,2
941,减,3069,2
942,止,3064,2
943,婆,3056,2
944,斤,3055,2
945,微,3043,2
946,织,3037,2
947,模,3036,2
948,继,3031,2
949,梦,3024,2
950,退,3014,2
951,免,3011,2
952,批,3010,2
953,率,3010,2
954,後,3004,2
955,付,3004,2
956,陆,2998,2
957,丰,2993,2
958,齐,2992,2
959,升,2975,2
960,鲁,2969,2
961,爬,2959,2
962,款,2958,2
963,挂,2954,2
964,附,2949,2
965,汤,2947,2
966,颜,2925,2
967,拜,2921,2
968,临,2919,2
969,登,2915,2
970,派,2911,2
971,材,2911,2
972,敬,2909,2
973,益,2906,2
974,案,2903,2
975,忽,2902,2
976,谓,2898,2
977,尼,2896,2
978,追,2890,2
979,丝,2877,2
980,获,2873,2
981,讨,2864,2
982,净,2851,2
983,博,2843,2
984,岛,2833,2
985,范,2827,2
986,激,2823,2
987,零,2819,2
988,哭,2808,2
989,亿,2805,2
990,墙,2802,2
991,宋,2792,2
992,警,2786,2
993,竹,2785,2
994,救,2784,2
995,码,2781,2
996,迷,2761,2
997,压,2757,2
998,宾,2756,2
999,缺,2752,2
1000,耳,2739,2
1001,疑,2730,2
1002,伙,2721,2
1003,折,2719,2
1004,乱,2713,2
1005,架,2712,2
1006,饮,2711,2
1007,承,2711,2
1008,瓶,2695,2
1009,盘,2692,2
1010,曰,2673,2
1011,抽,2672,2
1012,泳,2669,2
1013,施,2659,2
1014,授,2655,2
1015,偷,2646,2
1016,余,2642,2
1017,豆,2637,2
1018,抱,2633,2
1019,鸭,2625,2
1020,财,2621,2
1021,冲,2620,2
1022,限,2609,2
1023,评,2609,2
1024,访,2602,2
1025,顶,2601,2
1026,冒,2600,2
1027,订,2593,2
1028,误,2585,2
1029,辆,2585,2
1030,麦,2583,2
1031,篇,2568,2
1032,尚,2563,2
1033,维,2557,2
1034,顿,2557,2
1035,释,2556,2
1036,烈,2554,2
1037,均,2548,2
1038,血,2539,2
1039,拍,2535,2
1040,弄,2524,2
1041,遗,2517,2
1042,奖,2515,2
1043,托,2514,2
1044,蓝,2505,2
1045,喂,2504,2
1046,川,2495,2
1047,配,2483,2
1048,尊,2482,2
1049,搬,2482,2
1050,牙,2479,2
1051,怀,2479,2
1052,饺,2476,2
1053,替,2474,2
1054,庆,2460,2
1055,灵,2457,2
1056,於,2454,2
1057,掌,2446,2
1058,危,2445,2
1059,俩,2445,2
1060,童,2442,2
1061,吴,2440,2
1062,甜,2432,2
1063,操,2431,2
1064,欧,2423,2
1065,君,2421,2
1066,含,2421,2
1067,览,2410,2
1068,箱,2409,2
1069,哦,2400,2
1070,置,2394,2
1071,赏,2386,2
1072,咖,2385,2
1073,束,2369,2
1074,乘,2366,2
1075,征,2363,2
1076,括,2361,2
1077,降,2350,2
1078,秦,2346,2
1079,巧,2339,2
1080,摇,2332,2
1081,醒,2328,2
1082,鼓,2327,2
1083,端,2325,2
1084,染,2324,2
1085,泰,2316,2
1086,异,2315,2
1087,播,2310,2
1088,销,2309,2
1089,塔,2307,2
1090,购,2305,2
1091,井,2303,2
1092,防,2297,2
1093,虑,2296,2
1094,沉,2296,2
1095,委,2293,2
1096,聪,2289,2
1097,若,2287,2
1098,杀,2274,2
1099,啡,2272,2
1100,碗,2270,2
1101,毒,2261,2
1102,针,2254,2
1103,梅,2253,2
1104,暖,2251,2
1105,聚,2249,2
1106,握,2245,2
1107,恐,2242,2
1108,浪,2226,2
1109,阅,2221,2
1110,寒,2220,2
1111,盛,2218,2
1112,伦,2218,2
1113,凉,2217,2
1114,欣,2214,2
1115,龄,2214,2
1116,绩,2209,2
1117,植,2200,2
1118,袋,2188,2
1119,陪,2186,2
1120,抓,2178,2
1121,挑,2171,2
1122,吹,2170,2
1123,宁,2163,2
1124,珠,2162,2
1125,寺,2162,2
1126,湾,2155,2
1127,邻,2149,2
1128,哲,2148,2
1129,圣,2145,2
1130,斗,2140,2
1131,币,2122,2
1132,守,2121,2
1133,威,2111,2
1134,宗,2103,2
1135,镜,2102,2
1136,辛,2100,2
1137,策,2100,2
1138,航,2098,2
1139,骨,2098,2
1140,戴,2098,2
1141,胖,2095,2
1142,摆,2095,2
1143,腿,2094,2
1144,喊,2090,2
1145,惠,2088,2
1146,版,2078,2
1147,略,2077,2
1148,秘,2073,2
1149,烤,2071,2
1150,丢,2060,2
1151,猜,2058,2
1152,阶,2057,2
1153,勇,2055,2
1154,犯,2053,2
1155,朵,2052,2
1156,享,2050,2
1157,迹,2049,2
1158,宣,2048,2
1159,检,2048,2
1160,述,2043,2
1161,逐,2042,2
1162,赞,2039,2
1163,填,2036,2
1164,傅,2035,2
1165,洞,2028,2
1166,镇,2011,2
1167,盖,2009,2
1168,贴,2008,2
1169,贸,2006,2
1170,偏,2004,2
1171,雄,1999,2
1172,辣,1997,2
1173,宽,1978,2
1174,默,1974,2
1175,络,1972,2
1176,糖,1971,2
1177,浩,1966,2
1178,巨,1964,2
1179,固,1963,2
1180,训,1952,2
1181,闲,1952,2
1182,私,1951,2
1183,刀,1951,2
1184,尾,1935,2
1185,穷,1931,2
1186,彼,1930,2
1187,编,1927,2
1188,搞,1925,2
1189,碰,1924,2
1190,郎,1923,2
1191,朗,1915,2
1192,炼,1912,2
1193,晨,1909,2
1194,禁,1905,2
1195,瓜,1899,2
1196,归,1897,2
1197,庄,1896,2
1198,击,1896,2
1199,泪,1895,2
1200,琴,1890,2
1201,繁,1890,2
1202,肥,1885,2
1203,败,1885,2
1204,党,1880,2
1205,鼠,1877,2
1206,幅,1876,2
1207,途,1873,2
1208,吉,1871,2
1209,藤,1870,2
1210,逛,1867,2
1211,席,1865,2
1212,凡,1861,2
1213,寻,1859,2
1214,辈,1859,2
1215,判,1858,2
1216,雅,1857,2
1217,淡,1852,2
1218,索,1850,2
1219,肚,1848,2
1220,饿,1847,2
1221,惜,1841,2
1222,恶,1839,2
1223,卷,1838,2
1224,协,1835,2
1225,罪,1833,2
1226,鼻,1829,2
1227,乌,1828,2
1228,姨,1827,2
1229,玲,1817,2
1230,拳,1808,2
1231,燕,1804,2
1232,伴,1802,2
1233,鬼,1799,2
1234,枝,1797,2
1235,兔,1797,2
1236,朱,1796,2
1237,纷,1792,2
1238,忍,1791,2
1239,恋,1787,2
1240,糕,1786,2
1241,阵,1783,2
1242,股,1781,2
1243,蒙,1778,2
1244,迅,1776,2
1245,硬,1770,2
1246,射,1768,2
1247,熊,1764,2
1248,兄,1761,2
1249,纳,1746,2
1250,拥,1741,2
1251,滑,1740,2
1252,阴,1739,2
1253,仁,1738,2
1254,献,1736,2
1255,尤,1732,2
1256,厚,1726,2
1257,仙,1721,2
1258,蛇,1716,2
1259,培,1716,2
1260,貌,1713,2
1261,申,1707,2
1262,透,1705,2
1263,移,1704,2
1264,县,1702,2
1265,输,1701,2
1266,丹,1694,2
1267,荣,1692,2
1268,映,1688,2
1269,苹,1686,2
1270,篮,1684,2
1271,森,1682,2
1272,岸,1682,2
1273,序,1675,2
1274,诚,1674,2
1275,签,1673,2
1276,慧,1673,2
1277,仿,1671,2
1278,暗,1669,2
1279,壮,1659,2
1280,诸,1657,2
1281,拼,1655,2
1282,贫,1649,2
1283,避,1640,2
1284,汇,1636,2
1285,椅,1633,2
1286,贝,1632,2
1287,伸,1622,2
1288,域,1617,2
1289,扫,1617,2
1290,仔,1616,2
1291,奋,1612,2
1292,弹,1611,2
1293,恩,1609,2
1294,灰,1608,2
1295,炒,1602,2
1296,载,1600,2
1297,轮,1600,2
1298,贤,1597,2
1299,亡,1597,2
1300,脱,1596,2
1301,扬,1592,2
1302,酸,1589,2
1303,嗯,1587,2
1304,污,1581,2
1305,啤,1581,2
1306,庙,1578,2
1307,虚,1577,2
1308,挤,1577,2
1309,悲,1575,2
1310,敏,1571,2
1311,迟,1570,2
1312,呆,1569,2
1313,锻,1568,2
1314,饼,1568,2
1315,钢,1567,2
1316,祥,1566,2
1317,疗,1561,2
1318,雷,1560,2
1319,厉,1556,2
1320,愉,1555,2
1321,摸,1551,2
1322,姻,1547,2
1323,旗,1545,2
1324,奥,1545,2
1325,棒,1544,2
1326,梁,1540,2
1327,池,1536,2
1328,猴,1533,2
1329,谷,1530,2
1330,软,1520,2
1331,泥,1514,2
1332,踢,1512,2
1333,腐,1511,2
1334,探,1508,2
1335,测,1502,2
1336,伊,1500,2
1337,稳,1499,2
1338,础,1498,2
1339,贺,1496,2
1340,漫,1495,2
1341,隆,1494,2
1342,挥,1493,2
1343,暑,1489,2
1344,劝,1489,2
1345,剪,1488,2
1346,杭,1486,2
1347,竞,1483,2
1348,厨,1482,2
1349,描,1480,2
1350,寿,1478,2
1351,辞,1478,2
1352,吵,1476,2
1353,桂,1472,2
1354,坡,1466,2
1355,灾,1465,2
1356,锅,1461,2
1357,弱,1459,2
1358,虫,1459,2
1359,铺,1453,2
1360,融,1451,2
1361,稍,1450,2
1362,偶,1445,2
1363,逃,1442,2
1364,盒,1441,2
1365,猪,1439,2
1366,倍,1439,2
1367,劲,1433,2
1368,帽,1430,2
1369,刺,1429,2
1370,疾,1420,2
1371,洁,1412,2
1372,诞,1412,2
1373,拾,1408,2
1374,瞧,1405,2
1375,闪,1404,2
1376,塞,1402,2
1377,擦,1399,2
1378,骂,1382,2
1379,棵,1380,2
1380,灭,1377,2
1381,潮,1377,2
1382,裤,1375,2
1383,欲,1373,2
1384,刮,1370,2
1385,瘦,1367,2
1386,泉,1355,2
1387,饰,1354,2
1388,莫,1354,2
1389,抬,1353,2
1390,狼,1348,2
1391,拔,1348,2
1392,盾,1347,2
1393,臣,1347,2
1394,柜,1343,2
1395,促,1343,2
1396,磨,1337,2
1397,毫,1337,2
1398,粉,1336,2
1399,址,1335,2
1400,壁,1335,2
1401,亭,1334,2
1402,圈,1332,2
1403,饱,1331,2
1404,扩,1325,2
1405,横,1324,2
1406,悄,1323,2
1407,妙,1322,2
1408,额,1321,2
1409,纯,1320,2
1410,筷,1319,2
1411,控,1318,2
1412,吓,1314,2
1413,唉,1313,2
1414,符,1312,2
1415,津,1311,2
1416,央,1310,2
1417,损,1309,2
1418,弯,1308,2
1419,隔,1299,2
1420,勤,1298,2
1421,殿,1298,2
1422,叹,1290,2
1423,伞,1288,2
1424,悉,1287,2
1425,奔,1284,2
1426,郑,1282,2
1427,析,1282,2
1428,晴,1280,2
1429,洛,1278,2
1430,旦,1276,2
1431,孝,1274,2
1432,敌,1273,2
1433,暴,1273,2
1434,脏,1272,2
1435,卧,1271,2
1436,晓,1268,2
1437,距,1266,2
1438,抗,1261,2
1439,拐,1260,2
1440,躺,1253,2
1441,桃,1250,2
1442,残,1248,2
1443,弃,1243,2
1444,戒,1240,2
1445,糊,1239,2
1446,沿,1238,2
1447,滋,1237,2
1448,堆,1237,2
1449,延,1236,2
1450,剩,1235,2
1451,隐,1234,2
1452,哇,1234,2
1453,佐,1223,2
1454,矛,1222,2
1455,曹,1222,2
1456,雕,1210,2
1457,徒,1197,2
1458,裙,1196,2
1459,递,1194,2
1460,徐,1193,2
1461,孟,1188,2
1462,攻,1184,2
1463,刷,1182,2
1464,挣,1181,2
1465,粮,1181,2
1466,沟,1176,2
1467,娃,1170,2
1468,废,1165,2
1469,震,1163,2
1470,舌,1162,2
1471,抢,1162,2
1472,泡,1161,2
1473,棋,1159,2
1474,耐,1157,2
1475,屈,1152,2
1476,添,1149,2
1477,墨,1149,2
1478,尖,1149,2
1479,撞,1147,2
1480,缘,1142,2
1481,醉,1141,2
1482,汗,1141,2
1483,颗,1135,2
1484,仪,1134,2
1485,殊,1133,2
1486,幼,1132,2
1487,启,1132,2
1488,执,1130,2
1489,励,1126,2
1490,喻,1125,2
1491,盆,1125,2
1492,噢,1124,2
1493,患,1124,2
1494,敲,1122,2
1495,腰,1116,2
1496,氏,1115,2
1497,薄,1113,2
1498,墓,1111,2
1499,孤,1108,2
1500,泛,1108,2
1501,搭,1106,2
1502,摩,1105,2
1503,裹,1103,2
1504,菲,1102,2
1505,衫,1099,2
1506,奏,1097,2
1507,恨,1095,2
1508,幕,1094,2
1509,罢,1094,2
1510,恭,1091,2
1511,粗,1089,2
1512,税,1088,2
1513,谊,1087,2
1514,夕,1084,2
1515,帕,1084,2
1516,赢,1080,2
1517,冠,1080,2
1518,缩,1078,2
1519,堵,1076,2
1520,辅,1074,2
1521,驾,1073,2
1522,混,1073,2
1523,枪,1072,2
1524,凭,1071,2
1525,浓,1071,2
1526,忆,1069,2
1527,姥,1069,2
1528,亦,1068,2
1529,眉,1068,2
1530,迈,1067,2
1531,陵,1066,2
1532,遭,1064,2
1533,予,1064,2
1534,仰,1063,2
1535,箭,1061,2
1536,愁,1059,2
1537,慕,1058,2
1538,匹,1057,2
1539,厌,1056,2
1540,悟,1056,2
1541,夹,1055,2
1542,扔,1053,2
1543,炸,1050,2
1544,嫁,1048,2
1545,核,1046,2
1546,忧,1043,2
1547,趟,1043,2
1548,丙,1042,2
1549,糟,1040,2
1550,坛,1039,2
1551,吾,1036,2
1552,飘,1035,2
1553,咳,1030,2
1554,涛,1029,2
1555,苗,1026,2
1556,番,1023,2
1557,触,1022,2
1558,摔,1021,2
1559,障,1018,2
1560,羽,1018,2
1561,陶,1017,2
1562,籍,1017,2
1563,夸,1012,2
1564,杜,1012,2
1565,骗,1011,2
1566,监,1011,2
1567,郊,1009,2
1568,渴,1008,2
1569,尺,1006,2
1570,吐,1005,2
1571,摊,1002,2
1572,扮,1000,2
1573,怨,997,2
1574,柳,997,2
1575,豪,997,2
1576,舅,996,2
1577,乏,995,2
1578,扇,994,2
1579,册,994,2
1580,碎,993,2
1581,歉,989,2
1582,埋,988,2
1583,俄,986,2
1584,闭,986,2
1585,怒,985,2
1586,嫂,983,2
1587,韵,980,2
1588,狮,979,2
1589,躲,979,2
1590,滚,975,2
1591,聘,974,2
1592,迫,973,2
1593,插,970,2
1594,亏,967,2
1595,炎,965,2
1596,悠,964,2
1597,趋,962,2
1598,莲,960,2
1599,宴,956,2
1600,衬,954,2
1601,绕,952,2
1602,忌,952,2
1603,幽,951,2
1604,艰,950,2
1605,萄,949,3
1606,笼,949,3
1607,哟,947,3
1608,坦,947,3
1609,葡,945,3
1610,爆,945,3
1611,阔,943,3
1612,圾,943,3
1613,媒,941,3
1614,扎,940,3
1615,恰,938,3
1616,贡,936,3
1617,涉,935,3
1618,猛,933,3
1619,姬,933,3
1620,甘,930,3
1621,咬,927,3
1622,炮,927,3
1623,缓,927,3
1624,姜,926,3
1625,蔬,925,3
1626,罚,925,3
1627,湿,924,3
1628,匆,923,3
1629,煮,921,3
1630,摄,921,3
1631,戚,921,3
1632,蜜,921,3
1633,澡,919,3
1634,剑,919,3
1635,漠,917,3
1636,垃,917,3
1637,慌,916,3
1638,荷,910,3
1639,烂,908,3
1640,刊,908,3
1641,拖,905,3
1642,邀,904,3
1643,霞,903,3
1644,届,902,3
1645,塑,901,3
1646,闷,900,3
1647,忠,899,3
1648,铜,897,3
1649,串,893,3
1650,捉,891,3
1651,浅,889,3
1652,洪,889,3
1653,犹,887,3
1654,匙,887,3
1655,胆,885,3
1656,柔,882,3
1657,梯,881,3
1658,袍,881,3
1659,侵,880,3
1660,紫,879,3
1661,踏,878,3
1662,傲,878,3
1663,郭,877,3
1664,昏,876,3
1665,赚,869,3
1666,悔,869,3
1667,浮,868,3
1668,尘,864,3
1669,裁,864,3
1670,汁,862,3
1671,慰,859,3
1672,疆,859,3
1673,泽,858,3
1674,祭,857,3
1675,涂,856,3
1676,壶,854,3
1677,缝,853,3
1678,唯,849,3
1679,憾,849,3
1680,鞭,849,3
1681,寸,846,3
1682,岩,844,3
1683,扑,842,3
1684,巾,842,3
1685,肃,841,3
1686,昆,841,3
1687,氛,841,3
1688,柴,841,3
1689,乃,840,3
1690,碑,838,3
1691,恼,836,3
1692,乔,835,3
1693,璃,833,3
1694,扰,831,3
1695,狂,829,3
1696,宇,824,3
1697,夺,824,3
1698,丧,823,3
1699,账,822,3
1700,猎,821,3
1701,肩,821,3
1702,症,820,3
1703,键,820,3
1704,页,819,3
1705,皆,819,3
1706,寓,817,3
1707,胸,816,3
1708,咸,816,3
1709,绪,815,3
1710,牧,814,3
1711,狐,813,3
1712,矣,812,3
1713,翁,812,3
1714,愈,810,3
1715,钻,807,3
1716,迁,807,3
1717,谋,806,3
1718,绳,805,3
1719,醋,805,3
1720,怜,804,3
1721,舟,803,3
1722,黎,801,3
1723,估,795,3
1724,扶,795,3
1725,荒,792,3
1726,询,791,3
1727,返,789,3
1728,兼,788,3
1729,奉,788,3
1730,崇,788,3
1731,倾,787,3
1732,衡,786,3
1733,综,784,3
1734,岳,784,3
1735,绸,784,3
1736,铅,783,3
1737,宵,777,3
1738,盼,776,3
1739,脆,775,3
1740,眠,774,3
1741,滴,774,3
1742,瓷,772,3
1743,腾,771,3
1744,懒,770,3
1745,钥,767,3
1746,荡,767,3
1747,萍,766,3
1748,频,765,3
1749,辉,765,3
1750,凤,765,3
1751,抵,765,3
1752,库,763,3
1753,羡,762,3
1754,扣,760,3
1755,拒,759,3
1756,审,757,3
1757,葛,757,3
1758,丑,757,3
1759,盐,755,3
1760,媳,755,3
1761,厕,754,3
1762,酱,753,3
1763,阻,751,3
1764,讯,750,3
1765,谐,750,3
1766,扭,750,3
1767,挖,749,3
1768,叙,747,3
1769,肖,747,3
1770,佩,747,3
1771,措,747,3
1772,蒂,742,3
1773,鸣,741,3
1774,跃,740,3
1775,盲,740,3
1776,颐,739,3
1777,详,739,3
1778,诺,737,3
1779,瓦,733,3
1780,锁,732,3
1781,胃,730,3
1782,恢,730,3
1783,窝,729,3
1784,儒,725,3
1785,俊,725,3
1786,寂,724,3
1787,渡,724,3
1788,滨,723,3
1789,芹,720,3
1790,刑,718,3
1791,凯,717,3
1792,矮,717,3
1793,振,716,3
1794,伍,716,3
1795,赔,716,3
1796,棉,714,3
1797,魏,713,3
1798,岗,713,3
1799,趁,710,3
1800,稀,709,3
1801,慈,709,3
1802,摘,708,3
1803,桑,708,3
1804,燃,706,3
1805,豫,704,3
1806,蕉,703,3
1807,滩,701,3
1808,赖,701,3
1809,宅,699,3
1810,娱,698,3
1811,谅,698,3
1812,叠,698,3
1813,遥,692,3
1814,峡,692,3
1815,矿,692,3
1816,挨,689,3
1817,侯,687,3
1818,傻,686,3
1819,纽,686,3
1820,仲,684,3
1821,泼,684,3
1822,仗,682,3
1823,蝶,682,3
1824,旺,681,3
1825,乒,681,3
1826,稿,680,3
1827,愚,678,3
1828,狸,677,3
1829,侧,677,3
1830,敦,676,3
1831,捕,675,3
1832,晒,674,3
1833,梨,674,3
1834,辨,674,3
1835,炉,673,3
1836,砍,673,3
1837,誉,671,3
1838,跨,670,3
1839,乓,669,3
1840,姿,668,3
1841,允,667,3
1842,贩,666,3
1843,疲,665,3
1844,勒,665,3
1845,呵,665,3
1846,淋,664,3
1847,焦,663,3
1848,苍,661,3
1849,逢,660,3
1850,膀,657,3
1851,骄,657,3
1852,拨,654,3
1853,俱,653,3
1854,违,652,3
1855,澳,652,3
1856,陷,651,3
1857,魔,651,3
1858,瑞,650,3
1859,哀,650,3
1860,谦,649,3
1861,帅,648,3
1862,溜,648,3
1863,臭,648,3
1864,雾,647,3
1865,愤,646,3
1866,驼,645,3
1867,龟,645,3
1868,妆,644,3
1869,菊,644,3
1870,润,643,3
1871,嗓,642,3
1872,绘,641,3
1873,兽,637,3
1874,嗽,635,3
1875,捐,635,3
1876,督,635,3
1877,卜,635,3
1878,厦,634,3
1879,葬,633,3
1880,齿,633,3
1881,肤,631,3
1882,晋,630,3
1883,践,630,3
1884,牢,629,3
1885,暂,628,3
1886,曼,628,3
1887,崔,628,3
1888,艾,627,3
1889,牵,625,3
1890,伏,625,3
1891,胞,625,3
1892,召,624,3
1893,玻,624,3
1894,芬,623,3
1895,袖,622,3
1896,奈,622,3
1897,淘,620,3
1898,蛙,619,3
1899,径,619,3
1900,辩,618,3
1901,遵,617,3
1902,幻,617,3
1903,蜂,617,3
1904,倡,615,3
1905,毁,612,3
1906,脾,611,3
1907,筋,611,3
1908,钓,607,3
1909,笨,606,3
1910,艳,605,3
1911,嘉,605,3
1912,涨,604,3
1913,耗,604,3
1914,凑,603,3
1915,鸦,602,3
1916,鹅,602,3
1917,捡,601,3
1918,腊,596,3
1919,诊,594,3
1920,帐,594,3
1921,柱,593,3
1922,驶,593,3
1923,祸,593,3
1924,盗,593,3
1925,颇,591,3
1926,虾,590,3
1927,碧,589,3
1928,掏,588,3
1929,辑,588,3
1930,潜,587,3
1931,拆,587,3
1932,碍,587,3
1933,裂,584,3
1934,郁,583,3
1935,薪,583,3
1936,冻,583,3
1937,循,581,3
1938,瞎,580,3
1939,锦,578,3
1940,贯,578,3
1941,堡,578,3
1942,歇,577,3
1943,岭,577,3
1944,液,576,3
1945,雀,576,3
1946,惑,574,3
1947,蒸,573,3
1948,撒,573,3
1949,晃,573,3
1950,驴,568,3
1951,逼,568,3
1952,嫌,567,3
1953,瑰,565,3
1954,董,565,3
1955,彻,565,3
1956,衰,561,3
1957,蓄,560,3
1958,喷,560,3
1959,涌,558,3
1960,渔,556,3
1961,哼,556,3
1962,氧,555,3
1963,煤,555,3
1964,椒,554,3
1965,偿,554,3
1966,烛,551,3
1967,筝,551,3
1968,骆,551,3
1969,廊,551,3
1970,溪,548,3
1971,欠,546,3
1972,粽,544,3
1973,惟,544,3
1974,鹿,544,3
1975,截,544,3
1976,割,543,3
1977,欺,542,3
1978,秒,540,3
1979,狠,540,3
1980,脉,539,3
1981,贷,539,3
1982,浴,538,3
1983,稻,538,3
1984,宠,538,3
1985,罐,537,3
1986,旋,536,3
1987,魂,535,3
1988,耕,535,3
1989,磁,535,3
1990,爽,534,3
1991,筒,532,3
1992,羞,531,3
1993,爹,530,3
1994,嘿,528,3
1995,橘,527,3
1996,霉,526,3
1997,栏,526,3
1998,谱,525,3
1999,茫,525,3
2000,债,523,3
2001,斜,521,3
2002,畅,521,3
2003,鉴,520,3
2004,叉,518,3
2005,邦,518,3
2006,棍,516,3
2007,匠,515,3
2008,垂,515,3
2009,腻,514,3
2010,兑,514,3
2011,萝,513,3
2012,玫,511,3
2013,圳,509,3
2014,窄,509,3
2015,襄,508,3
2016,娶,508,3
2017,唤,508,3
2018,僧,506,3
2019,翅,506,3
2020,壳,504,3
2021,捷,504,3
2022,呈,504,3
2023,宙,502,3
2024,粒,502,3
2025,俑,500,3
2026,茂,500,3
2027,廉,500,3
2028,嫩,499,3
2029,葱,499,3
2030,矗,499,3
2031,鹰,498,3
2032,抹,497,3
2033,乾,496,3
2034,跌,496,3
2035,牲,495,3
2036,悦,494,3
2037,蜡,494,3
2038,镐,494,3
2039,沈,492,3
2040,抖,492,3
2041,霸,492,3
2042,竖,491,3
2043,凶,490,3
2044,吞,490,3
2045,袁,489,3
2046,浑,488,3
2047,茅,487,3
2048,傍,487,3
2049,焉,486,3
2050,挡,486,3
2051,裕,485,3
2052,乖,485,3
2053,泊,485,3
2054,悬,484,3
2055,汪,484,3
2056,狱,483,3
2057,疯,483,3
2058,轿,482,3
2059,荐,482,3
2060,酷,481,3
2061,坑,481,3
2062,旱,481,3
2063,侍,480,3
2064,乳,480,3
2065,缸,479,3
2066,雁,478,3
2067,弥,478,3
2068,胶,478,3
2069,廷,477,3
2070,浙,475,3
2071,丛,475,3
2072,砖,474,3
2073,枯,474,3
2074,谜,473,3
2075,哗,473,3
2076,洒,472,3
2077,愧,472,3
2078,吨,472,3
2079,纲,471,3
2080,勃,471,3
2081,贪,470,3
2082,蹈,470,3
2083,凌,469,3
2084,吊,466,3
2085,脖,466,3
2086,徽,465,3
2087,烫,464,3
2088,柿,464,3
2089,轨,464,3
2090,陌,463,3
2091,恒,463,3
2092,捧,461,3
2093,搜,459,3
2094,逗,459,3
2095,晕,457,3
2096,婴,457,3
2097,慎,457,3
2098,链,457,3
2099,档,456,3
2100,栽,453,3
2101,毅,452,3
2102,袜,452,3
2103,浦,451,3
2104,寞,451,3
2105,赤,451,3
2106,役,450,3
2107,丘,450,3
2108,肠,450,3
2109,奴,449,3
2110,妨,449,3
2111,伐,449,3
2112,唇,449,3
2113,巷,448,3
2114,纹,447,3
2115,疏,447,3
2116,轰,447,3
2117,冈,447,3
2118,援,446,3
2119,盟,445,3
2120,催,445,3
2121,祈,443,3
2122,揭,443,3
2123,灌,443,3
2124,披,441,3
2125,凝,441,3
2126,卢,441,3
2127,储,440,3
2128,杆,438,3
2129,抛,437,3
2130,虹,437,3
2131,瘾,435,3
2132,翼,434,3
2133,撑,434,3
2134,怡,433,3
2135,歧,433,3
2136,勉,432,3
2137,翠,432,3
2138,埃,432,3
2139,碟,431,3
2140,煌,430,3
2141,厢,429,3
2142,潭,429,3
2143,豹,429,3
2144,皱,428,3
2145,睁,428,3
2146,桶,428,3
2147,邓,427,3
2148,押,426,3
2149,癌,426,3
2150,芝,425,3
2151,覆,425,3
2152,寨,424,3
2153,嚷,424,3
2154,攀,424,3
2155,馅,423,3
2156,茉,423,3
2157,赫,422,3
2158,赠,421,3
2159,宰,421,3
2160,孕,421,3
2161,钉,421,3
2162,矩,420,3
2163,惨,420,3
2164,坟,418,3
2165,塘,417,3
2166,臂,417,3
2167,纵,416,3
2168,胎,415,3
2169,鹤,415,3
2170,屏,414,3
2171,劣,414,3
2172,弓,414,3
2173,酬,414,3
2174,绣,413,3
2175,瀑,413,3
2176,抚,412,3
2177,锋,411,3
2178,殖,410,3
2179,蝴,409,3
2180,蔡,409,3
2181,肺,408,3
2182,髦,406,3
2183,碌,406,3
2184,衷,405,3
2185,嘻,405,3
2186,婶,404,3
2187,蚁,400,3
2188,纱,399,3
2189,淮,399,3
2190,粥,396,3
2191,晶,396,3
2192,逆,394,3
2193,掩,392,3
2194,辱,391,3
2195,郝,390,3
2196,寡,390,3
2197,燥,389,3
2198,署,389,3
2199,漏,388,3
2200,杏,386,3
2201,窟,386,3
2202,凳,386,3
2203,灶,385,3
2204,玄,385,3
2205,逝,385,4
2206,岂,385,4
2207,堪,385,4
2208,遮,384,4
2209,胁,384,4
2210,巫,383,4
2211,谎,383,4
2212,舱,382,4
2213,吻,381,4
2214,惧,381,4
2215,嗨,381,4
2216,咕,381,4
2217,樱,380,4
2218,婷,380,4
2219,腔,380,4
2220,菇,380,4
2221,芦,379,4
2222,涵,378,4
2223,阁,378,4
2224,袭,377,4
2225,壤,377,4
2226,穆,377,4
2227,浇,377,4
2228,庸,376,4
2229,吕,376,4
2230,仇,376,4
2231,御,375,4
2232,惹,374,4
2233,烹,374,4
2234,歪,373,4
2235,耍,373,4
2236,拟,373,4
2237,剂,373,4
2238,斧,373,4
2239,昂,373,4
2240,诱,372,4
2241,删,372,4
2242,痕,372,4
2243,榜,372,4
2244,辽,371,4
2245,捞,371,4
2246,踩,370,4
2247,坊,369,4
2248,芽,368,4
2249,牺,368,4
2250,晏,367,4
2251,仓,367,4
2252,遂,365,4
2253,尸,365,4
2254,漆,365,4
2255,瞪,365,4
2256,扯,364,4
2257,雇,363,4
2258,唔,361,4
2259,顽,361,4
2260,庞,361,4
2261,履,361,4
2262,娇,361,4
2263,抑,360,4
2264,贾,360,4
2265,喘,360,4
2266,馒,359,4
2267,绵,358,4
2268,柏,357,4
2269,株,356,4
2270,蚂,354,4
2271,讳,353,4
2272,卑,353,4
2273,帆,352,4
2274,弦,349,4
2275,牡,349,4
2276,谨,349,4
2277,倦,348,4
2278,妥,347,4
2279,咐,346,4
2280,驻,345,4
2281,赋,344,4
2282,嘱,343,4
2283,乞,341,4
2284,勿,340,4
2285,畏,340,4
2286,甫,340,4
2287,赌,340,4
2288,扁,340,4
2289,闯,339,4
2290,遣,338,4
2291,慨,338,4
2292,梳,337,4
2293,熬,337,4
2294,蚊,336,4
2295,抄,336,4
2296,脂,334,4
2297,饥,334,4
2298,宏,334,4
2299,怖,334,4
2300,纠,333,4
2301,兜,333,4
2302,灿,333,4
2303,削,332,4
2304,券,332,4
2305,钩,331,4
2306,爪,330,4
2307,侨,330,4
2308,恳,330,4
2309,跪,330,4
2310,膏,329,4
2311,厘,328,4
2312,沾,326,4
2313,框,326,4
2314,捏,325,4
2315,姆,325,4
2316,愣,325,4
2317,弊,325,4
2318,砸,324,4
2319,邪,324,4
2320,膊,324,4
2321,霜,323,4
2322,鸿,323,4
2323,盯,322,4
2324,讶,321,4
2325,毯,321,4
2326,哑,320,4
2327,锡,320,4
2328,呜,319,4
2329,蒜,319,4
2330,啥,319,4
2331,屁,319,4
2332,贼,318,4
2333,塌,317,4
2334,勺,317,4
2335,泄,315,4
2336,芒,315,4
2337,肌,315,4
2338,斥,315,4
2339,蒋,314,4
2340,煎,314,4
2341,枕,313,4
2342,驱,313,4
2343,踪,312,4
2344,罩,312,4
2345,诵,312,4
2346,蓬,312,4
2347,浆,312,4
2348,筹,312,4
2349,斑,312,4
2350,萨,311,4
2351,胳,311,4
2352,魅,309,4
2353,携,308,4
2354,挽,308,4
2355,肝,308,4
2356,辟,307,4
2357,颤,307,4
2358,巡,306,4
2359,茄,306,4
2360,纺,306,4
2361,秩,305,4
2362,械,305,4
2363,伪,305,4
2364,耀,304,4
2365,洽,304,4
2366,挫,304,4
2367,赴,302,4
2368,惩,302,4
2369,吁,301,4
2370,拱,301,4
2371,仆,300,4
2372,勾,300,4
2373,狭,299,4
2374,帖,299,4
2375,祀,299,4
2376,崎,299,4
2377,腹,299,4
2378,蹦,298,4
2379,鸽,297,4
2380,竿,296,4
2381,娥,296,4
2382,辰,296,4
2383,嫦,296,4
2384,棚,295,4
2385,耻,295,4
2386,巢,294,4
2387,盈,293,4
2388,瞒,293,4
2389,翔,292,4
2390,誓,292,4
2391,炭,291,4
2392,笛,291,4
2393,眨,290,4
2394,婉,289,4
2395,隶,289,4
2396,耽,289,4
2397,驰,289,4
2398,拌,289,4
2399,亩,288,4
2400,枣,287,4
2401,绒,287,4
2402,咨,284,4
2403,皂,284,4
2404,枚,283,4
2405,螺,283,4
2406,峻,283,4
2407,堤,283,4
2408,哉,282,4
2409,旬,282,4
2410,屠,282,4
2411,弗,282,4
2412,剥,282,4
2413,咽,281,4
2414,颈,281,4
2415,蹲,281,4
2416,椰,280,4
2417,撇,280,4
2418,敞,280,4
2419,耶,279,4
2420,橡,279,4
2421,啼,279,4
2422,喉,279,4
2423,吟,278,4
2424,薯,278,4
2425,捆,278,4
2426,轩,276,4
2427,劫,276,4
2428,俭,276,4
2429,哄,276,4
2430,嘲,276,4
2431,尿,275,4
2432,搁,274,4
2433,鹊,273,4
2434,搏,273,4
2435,哩,272,4
2436,灸,272,4
2437,硕,271,4
2438,蘑,271,4
2439,帘,271,4
2440,迪,271,4
2441,饶,270,4
2442,葫,270,4
2443,躁,269,4
2444,呐,269,4
2445,榴,267,4
2446,菌,267,4
2447,戈,267,4
2448,喇,266,4
2449,缠,266,4
2450,滥,265,4
2451,叮,265,4
2452,妖,264,4
2453,暇,264,4
2454,倘,264,4
2455,鼎,264,4
2456,渊,263,4
2457,猩,263,4
2458,侠,263,4
2459,稼,263,4
2460,扒,263,4
2461,侄,262,4
2462,禽,262,4
2463,冤,261,4
2464,夷,261,4
2465,犬,260,4
2466,浸,260,4
2467,蚕,260,4
2468,蟹,259,4
2469,昭,258,4
2470,淹,258,4
2471,哨,258,4
2472,枫,258,4
2473,渠,257,4
2474,赐,256,4
2475,橙,256,4
2476,奢,255,4
2477,骤,254,4
2478,甩,254,4
2479,贬,254,4
2480,咦,253,4
2481,拓,252,4
2482,绑,252,4
2483,穴,251,4
2484,楷,251,4
2485,掘,250,4
2486,刹,250,4
2487,攒,249,4
2488,罕,249,4
2489,谚,247,4
2490,泣,247,4
2491,讽,247,4
2492,甭,247,4
2493,杖,245,4
2494,暮,245,4
2495,鹏,244,4
2496,喽,244,4
2497,畜,244,4
2498,拦,243,4
2499,黛,243,4
2500,肿,242,4
2501,粘,242,4
2502,颂,242,4
2503,聋,242,4
2504,叨,242,4
2505,辫,242,4
2506,舆,241,4
2507,痒,241,4
2508,涮,241,4
2509,锐,241,4
2510,娟,241,4
2511,妃,241,4
2512,檐,240,4
2513,喔,240,4
2514,搅,240,4
2515,卿,239,4
2516,蠢,239,4
2517,旨,237,4
2518,丸,237,4
2519,酿,237,4
2520,竭,237,4
2521,颠,237,4
2522,叭,237,4
2523,肴,236,4
2524,苟,236,4
2525,崖,235,4
2526,屉,235,4
2527,巳,235,4
2528,栋,235,4
2529,咪,234,4
2530,呗,234,4
2531,轴,233,4
2532,禾,233,4
2533,逸,232,4
2534,逊,232,4
2535,囊,232,4
2536,沫,232,4
2537,惭,232,4
2538,顷,231,4
2539,疫,229,4
2540,擅,229,4
2541,幢,228,4
2542,匀,228,4
2543,砚,228,4
2544,掀,228,4
2545,祠,228,4
2546,漓,227,4
2547,霍,227,4
2548,蕴,226,4
2549,酥,226,4
2550,庐,226,4
2551,脊,226,4
2552,噪,224,4
2553,譬,224,4
2554,畔,224,4
2555,逻,224,4
2556,躬,224,4
2557,虞,223,4
2558,纤,223,4
2559,妒,223,4
2560,撤,223,4
2561,朽,222,4
2562,窃,222,4
2563,凄,222,4
2564,凰,221,4
2565,膝,219,4
2566,琢,218,4
2567,涯,218,4
2568,吏,217,4
2569,耸,216,4
2570,槽,216,4
2571,焰,215,4
2572,琉,215,4
2573,垫,215,4
2574,姊,214,4
2575,昧,214,4
2576,缴,214,4
2577,穗,213,4
2578,蝇,212,4
2579,舀,212,4
2580,撕,212,4
2581,裳,212,4
2582,趴,212,4
2583,艇,211,4
2584,贱,211,4
2585,旷,210,4
2586,钞,210,4
2587,窑,209,4
2588,吼,208,4
2589,拙,207,4
2590,谣,207,4
2591,昔,207,4
2592,斋,206,4
2593,晰,206,4
2594,睦,206,4
2595,眯,206,4
2596,胀,205,4
2597,姚,205,4
2598,陋,205,4
2599,芭,205,4
2600,桩,204,4
2601,凿,204,4
2602,艘,204,4
2603,瓣,204,4
2604,衍,203,4
2605,拘,203,4
2606,奸,203,4
2607,吱,202,4
2608,枉,202,4
2609,桔,201,4
2610,棺,201,4
2611,蚌,201,4
2612,颁,201,4
2613,萧,200,4
2614,宪,200,4
2615,蜀,200,4
2616,柯,200,4
2617,嚼,200,4
2618,咚,200,4
2619,卒,199,4
2620,淇,199,4
2621,橱,199,4
2622,恤,198,4
2623,桓,198,4
2624,痴,198,4
2625,粤,196,4
2626,佣,196,4
2627,隋,196,4
2628,缀,195,4
2629,妞,195,4
2630,诀,195,4
2631,秧,194,4
2632,邑,193,4
2633,尴,193,4
2634,尬,193,4
2635,沃,192,4
2636,汰,192,4
2637,挪,192,4
2638,奠,192,4
2639,崩,192,4
2640,阪,192,4
2641,妄,191,4
2642,渗,191,4
2643,蕾,191,4
2644,唠,191,4
2645,盏,190,4
2646,揉,190,4
2647,砌,189,4
2648,扛,189,4
2649,坪,188,4
2650,衔,187,4
2651,淀,187,4
2652,喳,186,4
2653,朔,186,4
2654,羚,186,4
2655,睹,186,4
2656,鄙,186,4
2657,魄,185,4
2658,藉,185,4
2659,丐,185,4
2660,匪,185,4
2661,肢,184,4
2662,僻,184,4
2663,卵,184,4
2664,莱,184,4
2665,磕,184,4
2666,函,184,4
2667,莓,183,4
2668,呱,183,4
2669,粹,183,4
2670,溢,182,4
2671,瞬,182,4
2672,拢,182,4
2673,辖,181,4
2674,滔,180,4
2675,嗦,180,4
2676,叛,180,4
2677,荆,180,4
2678,逮,180,4
2679,歹,180,4
2680,啄,179,4
2681,兆,178,4
2682,呦,178,4
2683,拣,178,4
2684,俯,178,4
2685,骚,177,4
2686,菩,177,4
2687,蛮,177,4
2688,啪,176,4
2689,屡,176,4
2690,屑,175,4
2691,怯,175,4
2692,契,175,4
2693,闺,175,4
2694,坠,174,4
2695,嗡,174,4
2696,傣,174,4
2697,驳,174,4
2698,稚,173,4
2699,涩,172,4
2700,劈,172,4
2701,侣,172,4
2702,掠,172,4
2703,筐,172,4
2704,喀,172,4
2705,祷,171,4
2706,丞,171,4
2707,丫,170,4
2708,侮,170,4
2709,膜,170,4
2710,媚,170,4
2711,沸,170,4
2712,蝉,170,4
2713,簿,170,4
2714,锣,169,4
2715,浏,169,4
2716,坎,169,4
2717,郡,169,4
2718,婿,167,4
2719,栖,167,4
2720,蔓,167,4
2721,襟,167,4
2722,凸,166,4
2723,抒,164,4
2724,斩,163,4
2725,滞,162,4
2726,缕,162,4
2727,陡,162,4
2728,蛛,161,4
2729,剃,161,4
2730,吩,161,4
2731,嘟,161,4
2732,侈,161,4
2733,蹄,160,4
2734,庚,160,4
2735,馋,160,4
2736,妾,159,4
2737,恍,159,4
2738,嗬,159,4
2739,菠,159,4
2740,兹,158,4
2741,蜘,157,4
2742,笋,157,4
2743,砂,157,4
2744,撮,157,4
2745,禅,157,4
2746,磅,157,4
2747,靴,156,4
2748,喧,156,4
2749,秃,156,4
2750,侃,156,4
2751,搓,156,4
2752,匈,155,4
2753,溶,155,4
2754,昼,154,4
2755,殷,154,4
2756,拇,154,4
2757,遛,154,4
2758,狡,154,4
2759,惶,154,4
2760,沪,154,4
2761,巩,154,4
2762,肪,154,4
2763,熏,153,4
2764,碳,153,4
2765,膳,153,4
2766,嘎,153,4
2767,锯,152,4
2768,叽,152,4
2769,烘,152,4
2770,峨,152,4
2771,肆,151,4
2772,汝,151,4
2773,沛,151,4
2774,犁,151,4
2775,辜,151,4
2776,邹,150,4
2777,倚,150,4
2778,鲨,150,4
2779,禄,150,4
2780,磊,150,4
2781,釜,150,4
2782,蔽,150,4
2783,镑,150,4
2784,颖,149,4
2785,瑶,149,4
2786,搀,149,4
2787,粪,148,4
2788,炖,148,4
2789,鲍,148,4
2790,屿,147,4
2791,墟,147,4
2792,琵,147,4
2793,琶,147,4
2794,挚,146,4
2795,澜,146,4
2796,贿,146,4
2797,篆,145,4
2798,隙,145,4
2799,羲,145,4
2800,嗜,145,4
2801,卸,144,4
2802,饲,144,4
2803,铭,144,4
2804,僵,144,4
2805,雌,144,4
2806,诈,143,4
2807,囚,143,4
2808,溺,143,4
2809,懈,142,4
2810,杉,142,4
2811,窍,142,4
2812,噜,141,4
2813,馨,140,4
2814,潇,140,4
2815,喵,140,4
2816,胧,140,4
2817,亥,140,4
2818,缚,140,4
2819,惦,140,4
2820,钮,139,4
2821,跤,139,4
2822,浒,139,4
2823,捣,139,4
2824,棕,138,4
2825,浊,138,4
2826,辙,138,4
2827,蓉,138,4
2828,翘,138,4
2829,缆,138,4
2830,炕,138,4
2831,焚,138,4
2832,锤,138,4
2833,荫,137,4
2834,泻,137,4
2835,豚,137,4
2836,彭,137,4
2837,徊,137,4
2838,捂,136,4
2839,桐,136,4
2840,瑟,136,4
2841,寝,136,4
2842,沏,136,4
2843,豁,136,4
2844,褒,136,4
2845,朦,135,4
2846,镶,134,4
2847,琐,134,4
2848,咒,133,4
2849,啸,133,4
2850,蹬,133,4
2851,撰,132,4
2852,涕,132,4
2853,徘,132,4
2854,鸥,132,4
2855,葵,132,4
2856,驮,131,4
2857,墅,131,4
2858,躯,131,4
2859,勋,130,4
2860,恕,130,4
2861,峭,130,4
2862,搂,130,4
2863,篱,130,4
2864,垒,130,4
2865,杠,129,4
2866,栩,128,4
2867,徙,128,4
2868,烁,128,4
2869,麟,128,4
2870,爵,128,4
2871,绢,128,4
2872,柬,128,4
2873,庵,128,4
2874,伶,127,4
2875,揪,127,4
2876,袱,127,4
2877,敷,127,4
2878,俺,127,4
2879,咧,126,4
2880,鞠,126,4
2881,蹭,126,4
2882,裸,125,4
2883,柄,125,4
2884,蘸,124,4
2885,炫,124,4
2886,剔,124,4
2887,晾,124,4
2888,荔,124,4
2889,弘,124,4
2890,竽,123,4
2891,冶,123,4
2892,饨,123,4
2893,刃,123,4
2894,俏,123,4
2895,咙,123,4
2896,馄,123,4
2897,褂,123,4
2898,侦,122,4
2899,髓,122,4
2900,梢,122,4
2901,唧,122,4
2902,秤,122,4
2903,摧,121,4
2904,鱿,120,4