1,子,3213,1,
2,人,1979,1,
3,儿,1716,1,
4,一,1637,1,
5,大,1605,1,
6,天,1599,1,
7,学,1594,1,
8,生,1579,1,
9,上,1388,1,
10,车,1311,1,
11,不,1297,1,
12,电,1220,1,
13,机,1100,1,
14,心,1087,1,
15,好,1058,1,
16,行,1057,1,
17,家,1054,1,
18,小,1024,1,
19,发,1021,1,
20,中,1014,1,
21,下,1000,1,
22,会,996,1,
23,地,989,1,
24,年,963,1,
25,公,929,1,
26,开,917,1,
27,面,913,1,
28,时,896,1,
29,意,888,1,
30,有,872,1,
31,气,871,1,
32,出,871,1,
33,文,860,1,
34,动,859,1,
35,国,858,1,
36,打,852,1,
37,水,851,1,
38,头,837,1,
39,来,830,1,
40,手,806,1,
41,外,799,1,
42,书,788,1,
43,口,779,1,
44,期,778,1,
45,明,770,1,
46,方,743,1,
47,工,719,1,
48,话,716,1,
49,饭,712,1,
50,得,711,1,
51,老,709,1,
52,分,699,1,
53,是,699,1,
54,色,697,1,
55,理,696,1,
56,点,694,1,
57,事,691,1,
58,长,686,1,
59,后,685,1,
60,可,672,1,
61,用,666,1,
62,语,663,1,
63,球,655,1,
64,边,654,1,
65,道,652,1,
66,信,647,1,
67,要,644,1,
68,教,644,1,
69,过,643,1,
70,名,643,1,
71,自,643,1,
72,日,630,1,
73,表,625,1,
74,的,624,1,
75,法,623,1,
76,作,621,1,
77,高,614,1,
78,然,614,1,
79,物,610,1,
80,月,604,1,
81,服,602,1,
82,衣,596,1,
83,体,593,1,
84,菜,593,1,
85,星,592,1,
86,成,592,1,
87,经,588,1,
88,场,586,1,
89,多,584,1,
90,以,577,1,
91,定,573,1,
92,间,566,1,
93,字,562,1,
94,到,561,1,
95,游,558,1,
96,么,557,1,
97,力,554,1,
98,员,553,1,
99,包,548,1,
100,合,548,1,
101,本,540,1,
102,说,538,1,
103,前,538,1,
104,乐,537,1,
105,路,536,1,
106,业,536,1,
107,节,535,1,
108,花,533,1,
109,看,529,1,
110,起,523,1,
111,同,514,1,
112,房,513,1,
113,果,504,1,
114,重,504,1,
115,常,502,1,
116,情,502,1,
117,女,501,1,
118,西,500,1,
119,音,498,1,
120,风,497,1,
121,客,491,1,
122,报,491,1,
123,对,485,1,
124,品,485,1,
125,店,484,1,
126,相,484,1,
127,实,481,1,
128,主,481,1,
129,在,476,1,
130,师,476,1,
131,见,475,1,
132,单,475,1,
133,回,473,1,
134,爱,472,1,
135,别,472,1,
136,通,470,1,
137,们,463,1,
138,火,463,1,
139,门,462,1,
140,馆,462,1,
141,照,462,1,
142,白,459,1,
143,新,457,1,
144,平,451,1,
145,现,449,1,
146,感,448,1,
147,为,447,1,
148,正,446,1,
149,票,445,1,
150,片,444,1,
151,美,443,1,
152,快,440,1,
153,课,440,1,
154,习,438,1,
155,太,436,1,
156,收,436,1,
157,干,435,1,
158,当,434,1,
159,运,432,1,
160,进,431,1,
161,了,429,1,
162,问,428,1,
163,里,427,1,
164,身,426,1,
165,样,426,1,
166,关,424,1,
167,保,424,1,
168,比,421,1,
169,晚,418,1,
170,便,416,1,
171,想,414,1,
172,酒,414,1,
173,十,413,1,
174,请,411,1,
175,热,407,1,
176,部,407,1,
177,红,406,1,
178,商,405,1,
179,特,404,1,
180,去,403,1,
181,早,403,1,
182,难,403,1,
183,民,402,1,
184,交,396,1,
185,画,395,1,
186,病,394,1,
187,亲,393,1,
188,院,392,1,
189,海,392,1,
190,号,390,1,
191,放,390,1,
192,安,389,1,
193,马,388,1,
194,市,380,1,
195,空,380,1,
196,代,379,1,
197,吃,378,1,
198,能,378,1,
199,这,377,1,
200,室,377,1,
201,于,376,1,
202,记,376,1,
203,听,375,1,
204,餐,373,1,
205,提,373,1,
206,钱,372,1,
207,度,372,1,
208,化,372,1,
209,结,372,1,
210,金,371,1,
211,流,369,1,
212,笔,368,1,
213,毛,366,1,
214,午,362,1,
215,茶,361,1,
216,计,361,1,
217,友,359,1,
218,光,358,1,
219,肉,357,1,
220,班,355,1,
221,先,354,1,
222,数,354,1,
223,少,353,1,
224,带,353,1,
225,礼,353,1,
226,假,353,1,
227,位,352,1,
228,接,352,1,
229,那,351,1,
230,近,350,1,
231,和,349,1,
232,活,349,1,
233,务,349,1,
234,医,348,1,
235,加,347,1,
236,着,347,1,
237,影,346,1,
238,夫,346,1,
239,处,345,1,
240,象,342,1,
241,东,340,1,
242,药,340,1,
243,姐,335,1,
244,装,334,1,
245,真,333,1,
246,所,327,1,
247,利,327,1,
248,网,325,1,
249,台,325,1,
250,山,323,1,
251,旅,322,1,
252,件,322,1,
253,眼,320,1,
254,性,319,1,
255,还,315,1,
256,飞,315,1,
257,视,315,1,
258,料,315,1,
259,费,314,1,
260,算,313,1,
261,弟,312,1,
262,觉,312,1,
263,量,312,1,
264,鱼,311,1,
265,差,310,1,
266,解,310,1,
267,价,309,1,
268,三,308,1,
269,目,308,1,
270,站,307,1,
271,全,307,1,
272,哪,304,1,
273,望,304,1,
274,认,303,1,
275,告,303,1,
276,住,302,1,
277,传,301,1,
278,牛,301,1,
279,图,300,1,
280,建,300,1,
281,条,299,1,
282,办,299,1,
283,个,297,1,
284,二,297,1,
285,观,296,1,
286,洗,295,1,
287,管,295,1,
288,只,294,1,
289,考,294,1,
290,货,294,1,
291,欢,293,1,
292,从,293,1,
293,原,292,1,
294,步,292,1,
295,楼,291,1,
296,清,290,1,
297,食,290,1,
298,油,290,1,
299,演,289,1,
300,最,288,1,
301,历,288,1,
302,排,288,1,
303,母,287,1,
304,香,286,1,
305,者,282,1,
306,喜,281,1,
307,等,279,1,
308,妹,278,1,
309,知,277,1,
310,产,276,1,
311,调,273,1,
312,剧,272,1,
313,做,271,1,
314,雨,271,1,
315,准,269,1,
316,味,269,1,
317,器,268,1,
318,息,267,1,
319,四,267,1,
320,今,266,1,
321,园,266,1,
322,奶,266,1,
323,神,265,1,
324,邮,265,1,
325,士,263,1,
326,贵,262,1,
327,试,262,1,
328,系,262,1,
329,共,260,1,
330,纸,260,1,
331,候,258,1,
332,汉,258,1,
333,古,258,1,
334,入,258,1,
335,他,257,1,
336,兴,256,1,
337,受,255,1,
338,哥,254,1,
339,应,254,1,
340,直,254,1,
341,鸡,254,1,
342,如,254,1,
343,程,254,1,
344,汽,252,1,
345,精,252,1,
346,舞,252,1,
347,术,252,1,
348,立,252,1,
349,思,251,1,
350,百,251,1,
351,声,251,1,
352,转,250,1,
353,词,248,1,
354,具,248,1,
355,男,247,1,
356,像,247,1,
357,就,246,1,
358,我,244,1,
359,走,244,1,
360,皮,243,1,
361,妈,242,1,
362,五,242,1,
363,功,242,1,
364,歌,241,1,
365,证,240,1,
366,反,240,1,
367,式,240,1,
368,其,239,1,
369,复,238,1,
370,格,238,1,
371,论,238,1,
372,无,238,1,
373,失,237,1,
374,种,236,1,
375,谢,236,1,
376,护,236,1,
377,预,236,1,
378,司,234,1,
379,念,233,1,
380,总,233,1,
381,制,233,1,
382,张,232,1,
383,米,232,1,
384,养,232,1,
385,指,232,1,
386,再,231,1,
387,婚,231,1,
388,内,231,1,
389,参,230,1,
390,没,230,1,
391,议,230,1,
392,休,229,1,
393,识,229,1,
394,校,229,1,
395,专,229,1,
396,才,228,1,
397,春,228,1,
398,英,228,1,
399,满,228,1,
400,黄,228,1,
401,留,227,1,
402,典,226,1,
403,灯,226,1,
404,错,225,1,
405,容,225,1,
406,夜,225,1,
407,钟,224,1,
408,领,223,1,
409,半,222,1,
410,题,222,1,
411,城,222,1,
412,资,222,1,
413,科,222,1,
414,孩,220,1,
415,次,220,1,
416,草,219,1,
417,轻,218,1,
418,冰,217,1,
419,区,217,1,
420,离,216,1,
421,朋,215,1,
422,广,215,1,
423,形,215,1,
424,什,214,1,
425,你,214,1,
426,忙,214,1,
427,约,214,1,
428,鞋,214,1,
429,叫,213,1,
430,周,213,1,
431,远,212,1,
432,都,211,1,
433,亮,211,1,
434,北,210,1,
435,父,210,1,
436,急,210,1,
437,几,208,1,
438,足,208,1,
439,取,208,1,
440,景,207,1,
441,苦,207,1,
442,写,206,1,
443,床,206,1,
444,厅,206,1,
445,堂,206,1,
446,温,206,1,
447,设,205,1,
448,玩,205,1,
449,布,205,1,
450,爸,204,1,
451,统,204,1,
452,备,203,1,
453,南,203,1,
454,决,202,1,
455,往,202,1,
456,向,202,1,
457,求,201,1,
458,待,201,1,
459,买,200,1,
460,脑,199,1,
461,练,199,1,
462,万,199,1,
463,选,199,1,
464,首,199,1,
465,级,199,1,
466,使,199,1,
467,修,199,1,
468,牙,199,1,
469,元,198,1,
470,育,197,1,
471,姓,196,1,
472,刻,196,1,
473,世,196,1,
474,命,196,1,
475,因,195,1,
476,消,195,1,
477,谈,195,1,
478,造,195,1,
479,绿,194,1,
480,变,194,1,
481,任,194,1,
482,爷,193,1,
483,导,193,1,
484,言,193,1,
485,录,193,1,
486,麻,192,1,
487,送,192,1,
488,睡,191,1,
489,怎,191,1,
490,祝,191,1,
491,款,191,1,
492,局,190,1,
493,线,190,1,
494,杯,189,1,
495,队,189,1,
496,短,188,1,
497,烟,188,1,
498,集,188,1,
499,六,187,1,
500,非,187,1,
501,座,187,1,
502,也,186,1,
503,左,186,1,
504,害,186,1,
505,笑,185,1,
506,强,185,1,
507,推,185,1,
508,改,185,1,
509,赛,184,1,
510,唱,184,1,
511,黑,183,1,
512,怪,183,1,
513,简,183,1,
514,标,183,1,
515,箱,183,1,
516,右,182,1,
517,故,182,1,
518,船,182,1,
519,易,181,1,
520,倒,181,1,
521,展,181,1,
522,顺,181,1,
523,政,181,1,
524,达,181,1,
525,季,180,1,
526,板,179,1,
527,卡,179,1,
528,伤,179,1,
529,租,178,1,
530,治,178,1,
531,招,178,1,
532,拜,178,1,
533,八,177,1,
534,随,177,1,
535,树,177,1,
536,街,176,1,
537,讲,176,1,
538,连,176,1,
539,义,176,1,
540,适,175,1,
541,豆,175,1,
542,盘,175,1,
543,彩,175,1,
544,联,174,1,
545,愿,174,1,
546,卖,173,1,
547,换,173,1,
548,农,173,1,
549,码,172,1,
550,帮,172,1,
551,而,172,1,
552,完,171,1,
553,助,171,1,
554,戏,171,1,
555,健,170,1,
556,险,170,1,
557,极,170,1,
558,居,170,1,
559,整,170,1,
560,坐,169,1,
561,木,169,1,
562,给,168,1,
563,岁,168,1,
564,双,168,1,
565,奇,167,1,
566,停,166,1,
567,龙,166,1,
568,订,166,1,
569,战,166,1,
570,冷,165,1,
571,烧,165,1,
572,铁,165,1,
573,蛋,165,1,
574,营,165,1,
575,零,163,1,
576,烦,162,1,
577,吧,162,1,
578,背,162,1,
579,志,162,1,
580,究,162,1,
581,超,162,1,
582,泳,161,1,
583,注,161,1,
584,裤,161,1,
585,刚,161,1,
586,杂,161,1,
587,纪,161,1,
588,呼,161,1,
589,团,161,1,
590,必,160,1,
591,拉,160,1,
592,示,160,1,
593,艺,160,1,
594,迷,160,1,
595,牌,160,1,
596,银,159,1,
597,疼,159,1,
598,查,159,1,
599,续,159,1,
600,落,159,1,
601,确,159,1,
602,深,158,1,
603,验,158,1,
604,很,157,1,
605,两,157,1,
606,严,157,1,
607,称,157,1,
608,咖,156,1,
609,怕,156,1,
610,秋,156,1,
611,汤,156,1,
612,跳,156,1,
613,顾,156,1,
614,许,156,1,
615,规,156,1,
616,争,156,1,
617,除,156,1,
618,慢,155,1,
619,跑,155,1,
620,沙,155,1,
621,桌,154,1,
622,答,154,1,
623,质,154,1,
624,退,154,1,
625,喝,153,1,
626,始,153,1,
627,块,153,1,
628,坏,153,1,
629,幸,153,1,
630,优,153,1,
631,鲜,152,1,
632,担,152,1,
633,由,152,1,
634,脸,152,1,
635,王,151,1,
636,吸,151,1,
637,青,151,1,
638,跟,150,1,
639,细,150,1,
640,套,149,1,
641,阳,149,1,
642,架,149,1,
643,职,149,1,
644,类,149,1,
645,销,149,1,
646,石,149,1,
647,冒,148,1,
648,尽,148,1,
649,破,148,1,
650,刀,148,1,
651,让,147,1,
652,印,147,1,
653,雪,147,1,
654,紧,147,1,
655,独,147,1,
656,军,147,1,
657,迎,146,1,
658,啡,146,1,
659,该,146,1,
660,糖,146,1,
661,久,146,1,
662,富,146,1,
663,凉,146,1,
664,持,146,1,
665,千,145,1,
666,找,144,1,
667,划,144,1,
668,临,144,1,
669,把,143,1,
670,售,143,1,
671,辣,141,1,
672,切,141,1,
673,七,140,1,
674,底,140,1,
675,素,140,1,
676,冬,139,1,
677,窗,139,1,
678,支,139,1,
679,卫,139,1,
680,已,138,1,
681,些,138,1,
682,户,138,1,
683,克,138,1,
684,防,138,1,
685,响,137,1,
686,熟,137,1,
687,九,136,1,
688,至,136,1,
689,据,136,1,
690,土,136,1,
691,华,136,1,
692,羊,135,1,
693,引,135,1,
694,初,135,1,
695,炒,134,1,
696,币,134,1,
697,及,134,1,
698,将,133,1,
699,投,133,1,
700,存,133,1,
701,翻,132,1,
702,河,132,1,
703,宝,132,1,
704,借,131,1,
705,举,131,1,
706,围,131,1,
707,兵,131,1,
708,界,130,1,
709,际,130,1,
710,终,130,1,
711,林,130,1,
712,拿,129,1,
713,夏,129,1,
714,压,129,1,
715,圆,129,1,
716,效,129,1,
717,累,128,1,
718,穿,128,1,
719,福,128,1,
720,静,128,1,
721,激,128,1,
722,签,127,1,
723,之,127,1,
724,介,126,1,
725,她,126,1,
726,趣,126,1,
727,巾,126,1,
728,免,126,1,
729,角,126,1,
730,型,126,1,
731,但,125,1,
732,闹,125,1,
733,环,125,1,
734,付,125,1,
735,惊,125,1,
736,宜,124,1,
737,旁,124,1,
738,闻,124,1,
739,创,124,1,
740,此,124,1,
741,止,124,1,
742,祖,124,1,
743,境,123,1,
744,值,123,1,
745,镜,123,1,
746,负,122,1,
747,密,122,1,
748,托,122,1,
749,登,122,1,
750,断,122,1,
751,善,122,1,
752,奖,122,1,
753,每,121,1,
754,更,121,1,
755,读,121,1,
756,松,121,1,
757,率,121,1,
758,第,120,1,
759,研,120,1,
760,姑,120,1,
761,讨,120,1,
762,操,120,1,
763,糕,119,1,
764,死,119,1,
765,普,119,1,
766,令,119,1,
767,末,118,1,
768,暖,118,1,
769,律,118,1,
770,按,118,1,
771,览,118,1,
772,族,118,1,
773,基,118,1,
774,曲,118,1,
775,察,117,1,
776,责,117,1,
777,阴,117,1,
778,肥,117,1,
779,斗,117,1,
780,官,117,1,
781,舒,116,1,
782,酸,116,1,
783,封,116,1,
784,散,116,1,
785,巧,116,1,
786,针,116,1,
787,血,116,1,
788,粉,116,1,
789,狗,115,1,
790,甜,115,1,
791,猫,115,1,
792,胡,115,1,
793,概,114,1,
794,蓝,114,1,
795,社,114,1,
796,技,114,1,
797,购,114,1,
798,痛,114,1,
799,权,114,1,
800,呢,113,2,
801,谁,113,2,
802,惯,113,2,
803,需,113,2,
804,附,113,2,
805,忘,113,2,
806,瓶,113,2,
807,各,113,2,
808,脚,113,2,
809,根,113,2,
810,醒,113,2,
811,财,113,2,
812,吗,112,2,
813,漂,112,2,
814,昨,112,2,
815,播,112,2,
816,朝,112,2,
817,博,112,2,
818,众,112,2,
819,灵,112,2,
820,较,111,2,
821,衫,111,2,
822,篮,111,2,
823,烤,111,2,
824,减,111,2,
825,尝,110,2,
826,舍,110,2,
827,警,110,2,
828,敬,110,2,
829,乡,110,2,
830,救,110,2,
831,派,109,2,
832,抽,109,2,
833,材,109,2,
834,航,109,2,
835,袋,109,2,
836,折,109,2,
837,列,109,2,
838,李,108,2,
839,省,108,2,
840,挂,108,2,
841,娘,108,2,
842,饼,108,2,
843,柜,108,2,
844,误,108,2,
845,补,108,2,
846,己,107,2,
847,秘,107,2,
848,赶,107,2,
849,滑,107,2,
850,颜,106,2,
851,诉,106,2,
852,史,106,2,
853,或,106,2,
854,叔,106,2,
855,尊,106,2,
856,饮,105,2,
857,份,105,2,
858,乎,105,2,
859,抱,105,2,
860,圣,105,2,
861,劳,105,2,
862,骑,104,2,
863,征,104,2,
864,址,104,2,
865,检,104,2,
866,虚,104,2,
867,碗,103,2,
868,济,103,2,
869,案,103,2,
870,巴,103,2,
871,洋,103,2,
872,宫,103,2,
873,绍,102,2,
874,饺,102,2,
875,又,102,2,
876,顶,102,2,
877,瓜,102,2,
878,组,102,2,
879,途,102,2,
880,您,101,2,
881,康,101,2,
882,低,101,2,
883,虎,101,2,
884,配,101,2,
885,盛,101,2,
886,耳,100,2,
887,嘴,100,2,
888,限,100,2,
889,吹,99,2,
890,被,99,2,
891,鼻,99,2,
892,聊,99,2,
893,译,98,2,
894,云,98,2,
895,赏,98,2,
896,鼓,98,2,
897,聚,98,2,
898,源,98,2,
899,微,98,2,
900,希,97,2,
901,腐,97,2,
902,句,97,2,
903,孙,97,2,
904,卷,97,2,
905,厂,96,2,
906,挑,96,2,
907,软,96,2,
908,显,96,2,
909,丝,96,2,
910,妇,96,2,
911,椅,95,2,
912,厨,95,2,
913,够,95,2,
914,且,95,2,
915,鸟,95,2,
916,武,95,2,
917,升,95,2,
918,胜,95,2,
919,偏,95,2,
920,迟,94,2,
921,庆,94,2,
922,刺,94,2,
923,项,94,2,
924,访,94,2,
925,速,94,2,
926,俗,94,2,
927,绝,94,2,
928,净,93,2,
929,斤,93,2,
930,丽,93,2,
931,屋,93,2,
932,伯,93,2,
933,壮,93,2,
934,喂,92,2,
935,毕,92,2,
936,惜,92,2,
937,宿,92,2,
938,腿,92,2,
939,筑,92,2,
940,增,92,2,
941,积,92,2,
942,鸭,92,2,
943,梦,92,2,
944,批,92,2,
945,充,92,2,
946,婆,92,2,
947,旧,91,2,
948,贴,91,2,
949,猪,91,2,
950,刷,91,2,
951,何,91,2,
952,琴,91,2,
953,德,91,2,
954,肚,90,2,
955,端,90,2,
956,属,90,2,
957,冲,90,2,
958,田,90,2,
959,浪,89,2,
960,掉,89,2,
961,恶,89,2,
962,私,89,2,
963,轮,89,2,
964,炎,89,2,
965,裙,88,2,
966,卧,88,2,
967,供,88,2,
968,汁,88,2,
969,村,88,2,
970,犯,88,2,
971,采,88,2,
972,藏,88,2,
973,越,88,2,
974,骨,88,2,
975,势,88,2,
976,饿,87,2,
977,懂,87,2,
978,衬,87,2,
979,胖,87,2,
980,替,87,2,
981,乱,87,2,
982,偷,87,2,
983,余,87,2,
984,依,87,2,
985,野,87,2,
986,筷,86,2,
987,葡,86,2,
988,萄,86,2,
989,拳,86,2,
990,妻,86,2,
991,恐,86,2,
992,评,86,2,
993,迹,86,2,
994,缺,86,2,
995,啊,85,2,
996,束,85,2,
997,鼠,85,2,
998,钢,85,2,
999,硬,85,2,
1000,辈,85,2,
1001,困,84,2,
1002,副,84,2,
1003,账,84,2,
1004,暗,84,2,
1005,掌,84,2,
1006,摇,84,2,
1007,啤,83,2,
1008,肯,83,2,
1009,寄,83,2,
1010,京,83,2,
1011,扫,83,2,
1012,池,83,2,
1013,怀,83,2,
1014,灰,83,2,
1015,遇,83,2,
1016,守,83,2,
1017,遍,82,2,
1018,况,82,2,
1019,竹,82,2,
1020,荣,82,2,
1021,佛,82,2,
1022,席,82,2,
1023,楚,81,2,
1024,继,81,2,
1025,突,81,2,
1026,梯,81,2,
1027,锅,81,2,
1028,诗,81,2,
1029,占,81,2,
1030,则,81,2,
1031,击,81,2,
1032,须,80,2,
1033,丢,80,2,
1034,遗,80,2,
1035,桥,80,2,
1036,承,80,2,
1037,例,80,2,
1038,烈,80,2,
1039,互,79,2,
1040,厕,79,2,
1041,另,79,2,
1042,丰,79,2,
1043,奋,79,2,
1044,判,79,2,
1045,苹,78,2,
1046,般,78,2,
1047,瘦,78,2,
1048,庭,78,2,
1049,脏,78,2,
1050,姨,78,2,
1051,尺,78,2,
1052,亏,78,2,
1053,叶,78,2,
1054,诚,78,2,
1055,编,78,2,
1056,悲,78,2,
1057,探,78,2,
1058,它,77,2,
1059,棒,77,2,
1060,摆,77,2,
1061,仔,77,2,
1062,危,77,2,
1063,段,77,2,
1064,靠,77,2,
1065,坚,77,2,
1066,尾,77,2,
1067,赞,77,2,
1068,输,76,2,
1069,枝,76,2,
1070,浴,76,2,
1071,固,76,2,
1072,模,76,2,
1073,致,76,2,
1074,搬,75,2,
1075,态,75,2,
1076,宽,75,2,
1077,熊,75,2,
1078,盖,75,2,
1079,拍,75,2,
1080,疑,75,2,
1081,盒,75,2,
1082,似,75,2,
1083,吉,75,2,
1084,伴,75,2,
1085,申,74,2,
1086,著,74,2,
1087,良,74,2,
1088,兄,74,2,
1089,威,74,2,
1090,帽,73,2,
1091,层,73,2,
1092,弄,73,2,
1093,获,73,2,
1094,即,73,2,
1095,露,73,2,
1096,毒,73,2,
1097,呀,72,2,
1098,贺,72,2,
1099,乘,72,2,
1100,吵,72,2,
1101,损,72,2,
1102,穷,72,2,
1103,献,72,2,
1104,陆,72,2,
1105,税,72,2,
1106,珠,71,2,
1107,伙,71,2,
1108,拖,71,2,
1109,齐,71,2,
1110,群,71,2,
1111,淡,71,2,
1112,汇,71,2,
1113,罪,71,2,
1114,墙,70,2,
1115,歉,70,2,
1116,府,70,2,
1117,皇,70,2,
1118,矿,70,2,
1119,寿,70,2,
1120,饰,70,2,
1121,酱,70,2,
1122,洁,70,2,
1123,咱,69,2,
1124,帝,69,2,
1125,碰,69,2,
1126,施,69,2,
1127,未,69,2,
1128,脱,69,2,
1129,弱,69,2,
1130,股,69,2,
1131,虾,68,2,
1132,厚,68,2,
1133,禁,68,2,
1134,织,68,2,
1135,疗,68,2,
1136,童,68,2,
1137,桃,68,2,
1138,哈,68,2,
1139,隔,68,2,
1140,甲,68,2,
1141,尚,68,2,
1142,废,68,2,
1143,拐,67,2,
1144,挺,67,2,
1145,敢,67,2,
1146,醋,67,2,
1147,追,67,2,
1148,寒,67,2,
1149,降,67,2,
1150,摄,67,2,
1151,繁,67,2,
1152,辞,67,2,
1153,铺,67,2,
1154,睛,66,2,
1155,与,66,2,
1156,闷,66,2,
1157,填,66,2,
1158,晴,66,2,
1159,否,66,2,
1160,范,66,2,
1161,勤,66,2,
1162,灾,66,2,
1163,玉,66,2,
1164,弹,66,2,
1165,沉,66,2,
1166,踢,65,2,
1167,戴,65,2,
1168,澡,65,2,
1169,顿,65,2,
1170,释,65,2,
1171,稳,65,2,
1172,染,65,2,
1173,泡,65,2,
1174,委,65,2,
1175,择,64,2,
1176,挤,64,2,
1177,刮,64,2,
1178,剪,64,2,
1179,忍,64,2,
1180,索,64,2,
1181,虽,63,2,
1182,邻,63,2,
1183,聘,63,2,
1184,浅,63,2,
1185,拼,63,2,
1186,竟,63,2,
1187,湿,63,2,
1188,诊,63,2,
1189,咳,62,2,
1190,铅,62,2,
1191,饱,62,2,
1192,丈,62,2,
1193,授,62,2,
1194,章,62,2,
1195,凭,62,2,
1196,泉,62,2,
1197,舅,62,2,
1198,叉,62,2,
1199,壁,62,2,
1200,塑,62,2,
1201,暑,61,2,
1202,袜,61,2,
1203,猜,61,2,
1204,湖,61,2,
1205,哎,61,2,
1206,版,61,2,
1207,貌,61,2,
1208,革,61,2,
1209,逐,61,2,
1210,拥,61,2,
1211,宣,61,2,
1212,状,61,2,
1213,潮,61,2,
1214,幕,61,2,
1215,射,61,2,
1216,忽,60,2,
1217,移,60,2,
1218,夹,60,2,
1219,旗,60,2,
1220,败,60,2,
1221,载,60,2,
1222,棉,60,2,
1223,丁,60,2,
1224,匙,59,2,
1225,辆,59,2,
1226,橘,59,2,
1227,亡,59,2,
1228,杀,59,2,
1229,朵,58,2,
1230,陪,58,2,
1231,贸,58,2,
1232,龄,58,2,
1233,并,58,2,
1234,诞,58,2,
1235,胃,58,2,
1236,棋,58,2,
1237,智,58,2,
1238,益,58,2,
1239,贫,58,2,
1240,维,58,2,
1241,虫,58,2,
1242,聪,57,2,
1243,炼,57,2,
1244,咸,57,2,
1245,伞,57,2,
1246,插,57,2,
1247,置,57,2,
1248,透,57,2,
1249,含,57,2,
1250,残,57,2,
1251,逛,56,2,
1252,薄,56,2,
1253,异,56,2,
1254,训,56,2,
1255,闲,56,2,
1256,略,56,2,
1257,渴,55,2,
1258,纷,55,2,
1259,渐,55,2,
1260,炸,55,2,
1261,雄,55,2,
1262,勇,55,2,
1263,抗,55,2,
1264,纳,55,2,
1265,嗽,54,2,
1266,呆,54,2,
1267,椒,54,2,
1268,驾,54,2,
1269,序,54,2,
1270,蕉,53,2,
1271,蔬,53,2,
1272,辛,53,2,
1273,爬,53,2,
1274,糟,53,2,
1275,兔,53,2,
1276,扰,53,2,
1277,企,53,2,
1278,均,53,2,
1279,递,53,2,
1280,炉,53,2,
1281,融,53,2,
1282,延,53,2,
1283,泰,53,2,
1284,厉,52,2,
1285,蛇,52,2,
1286,伟,52,2,
1287,污,52,2,
1288,盆,52,2,
1289,混,52,2,
1290,仿,52,2,
1291,波,52,2,
1292,协,52,2,
1293,谋,52,2,
1294,默,52,2,
1295,暴,52,2,
1296,测,52,2,
1297,绩,51,2,
1298,虑,51,2,
1299,拾,51,2,
1300,励,51,2,
1301,膏,51,2,
1302,曾,51,2,
1303,懒,51,2,
1304,岛,51,2,
1305,珍,51,2,
1306,奉,51,2,
1307,鬼,51,2,
1308,纯,51,2,
1309,雷,51,2,
1310,奔,51,2,
1311,甚,50,2,
1312,悔,50,2,
1313,宗,50,2,
1314,既,50,2,
1315,汗,50,2,
1316,兑,50,2,
1317,肠,50,2,
1318,避,50,2,
1319,述,50,2,
1320,恋,50,2,
1321,阅,50,2,
1322,漫,50,2,
1323,罚,50,2,
1324,裁,50,2,
1325,塞,50,2,
1326,雕,50,2,
1327,胶,50,2,
1328,君,50,2,
1329,党,50,2,
1330,戚,49,2,
1331,恭,49,2,
1332,萝,49,2,
1333,粮,49,2,
1334,徒,49,2,
1335,拔,49,2,
1336,仁,49,2,
1337,港,49,2,
1338,扇,49,2,
1339,灭,49,2,
1340,劲,49,2,
1341,剂,49,2,
1342,钥,48,2,
1343,傅,48,2,
1344,谅,48,2,
1345,享,48,2,
1346,挥,48,2,
1347,戒,48,2,
1348,仪,48,2,
1349,淋,48,2,
1350,构,48,2,
1351,震,48,2,
1352,岸,48,2,
1353,闭,48,2,
1354,逃,48,2,
1355,扬,48,2,
1356,努,47,2,
1357,锻,47,2,
1358,谦,47,2,
1359,亿,47,2,
1360,哭,47,2,
1361,泼,47,2,
1362,摩,47,2,
1363,宴,47,2,
1364,策,47,2,
1365,堡,47,2,
1366,奏,47,2,
1367,攻,47,2,
1368,乌,47,2,
1369,兰,47,2,
1370,搞,46,2,
1371,擦,46,2,
1372,滩,46,2,
1373,稍,46,2,
1374,怨,46,2,
1375,握,46,2,
1376,描,46,2,
1377,伸,46,2,
1378,陈,46,2,
1379,阵,46,2,
1380,胸,46,2,
1381,宁,46,2,
1382,迫,46,2,
1383,核,46,2,
1384,庄,46,2,
1385,邀,45,2,
1386,阿,45,2,
1387,厌,45,2,
1388,络,45,2,
1389,抓,45,2,
1390,培,45,2,
1391,旦,45,2,
1392,寻,45,2,
1393,惠,45,2,
1394,秀,45,2,
1395,姥,45,2,
1396,腰,45,2,
1397,植,45,2,
1398,眉,45,2,
1399,蜜,45,2,
1400,悉,44,2,
1401,醉,44,2,
1402,壶,44,2,
1403,孤,44,2,
1404,讯,44,2,
1405,麦,44,2,
1406,愉,43,2,
1407,盐,43,2,
1408,尤,43,2,
1409,弃,43,2,
1410,骂,43,2,
1411,页,43,2,
1412,郊,43,2,
1413,寸,43,2,
1414,毯,43,2,
1415,铃,43,2,
1416,促,43,2,
1417,幼,43,2,
1418,宾,43,2,
1419,归,43,2,
1420,粗,43,2,
1421,镇,43,2,
1422,执,43,2,
1423,叹,43,2,
1424,赢,42,2,
1425,乓,42,2,
1426,娱,42,2,
1427,却,42,2,
1428,肺,42,2,
1429,羽,42,2,
1430,控,42,2,
1431,频,42,2,
1432,堵,42,2,
1433,唯,42,2,
1434,笼,42,2,
1435,偶,42,2,
1436,监,42,2,
1437,爆,42,2,
1438,泥,42,2,
1439,孔,42,2,
1440,嗓,41,2,
1441,乒,41,2,
1442,猴,41,2,
1443,晨,41,2,
1444,皂,41,2,
1445,寺,41,2,
1446,恨,41,2,
1447,赚,41,2,
1448,磁,41,2,
1449,阔,41,2,
1450,忧,41,2,
1451,欣,40,2,
1452,盾,40,2,
1453,幅,40,2,
1454,某,40,2,
1455,梨,40,2,
1456,括,40,2,
1457,仰,40,2,
1458,猛,40,2,
1459,凡,40,2,
1460,仅,40,2,
1461,孝,40,2,
1462,紫,40,2,
1463,尔,40,2,
1464,夸,40,2,
1465,籍,40,2,
1466,柔,40,2,
1467,塔,40,2,
1468,阶,40,2,
1469,沿,40,2,
1470,枪,40,2,
1471,墓,40,2,
1472,斯,40,2,
1473,额,40,2,
1474,谊,39,2,
1475,劝,39,2,
1476,竞,39,2,
1477,恼,39,2,
1478,垃,39,2,
1479,扮,39,2,
1480,菠,39,2,
1481,庙,39,2,
1482,氏,39,2,
1483,键,39,2,
1484,疾,39,2,
1485,忆,39,2,
1486,巨,39,2,
1487,映,39,2,
1488,江,39,2,
1489,朗,39,2,
1490,辑,39,2,
1491,召,39,2,
1492,割,39,2,
1493,橙,39,2,
1494,敏,39,2,
1495,侵,39,2,
1496,慌,39,2,
1497,雅,39,2,
1498,憾,38,2,
1499,煮,38,2,
1500,永,38,2,
1501,脆,38,2,
1502,圾,38,2,
1503,鞭,38,2,
1504,距,38,2,
1505,障,38,2,
1506,链,38,2,
1507,询,38,2,
1508,埋,38,2,
1509,册,38,2,
1510,蒙,38,2,
1511,督,38,2,
1512,敌,38,2,
1513,豪,38,2,
1514,碟,38,2,
1515,煤,38,2,
1516,扣,38,2,
1517,篇,37,2,
1518,矛,37,2,
1519,帅,37,2,
1520,若,37,2,
1521,衡,37,2,
1522,串,37,2,
1523,祥,37,2,
1524,挣,37,2,
1525,洞,37,2,
1526,愁,37,2,
1527,域,37,2,
1528,耐,37,2,
1529,番,37,2,
1530,恰,37,2,
1531,剩,37,2,
1532,铜,37,2,
1533,宵,37,2,
1534,牧,37,2,
1535,锁,36,2,
1536,撞,36,2,
1537,炮,36,2,
1538,央,36,2,
1539,狮,36,2,
1540,郎,36,2,
1541,橡,36,2,
1542,葱,36,2,
1543,桶,36,2,
1544,糊,36,2,
1545,摊,36,2,
1546,梳,36,2,
1547,碎,36,2,
1548,蒸,36,2,
1549,驶,36,2,
1550,箭,36,2,
1551,罢,36,2,
1552,忠,36,2,
1553,筒,36,2,
1554,兽,36,2,
1555,仙,36,2,
1556,哦,35,2,
1557,俩,35,2,
1558,矮,35,2,
1559,嘛,35,2,
1560,寓,35,2,
1561,倍,35,2,
1562,璃,35,2,
1563,敲,35,2,
1564,骗,35,2,
1565,拨,35,2,
1566,符,35,2,
1567,触,35,2,
1568,贝,35,2,
1569,涨,35,2,
1570,俱,35,2,
1571,抢,35,2,
1572,弯,35,2,
1573,疲,35,2,
1574,浓,35,2,
1575,涉,35,2,
1576,乳,35,2,
1577,库,35,2,
1578,荐,34,2,
1579,裹,34,2,
1580,烫,34,2,
1581,吐,34,2,
1582,谐,34,2,
1583,肤,34,2,
1584,夕,34,2,
1585,晒,34,2,
1586,旱,34,2,
1587,圈,34,2,
1588,井,34,2,
1589,闪,34,2,
1590,症,34,2,
1591,抵,34,2,
1592,誉,34,2,
1593,滚,34,2,
1594,尘,34,2,
1595,忌,34,2,
1596,刊,34,2,
1597,允,33,2,
1598,趟,33,2,
1599,躺,33,2,
1600,添,33,2,
1601,绸,33,2,
1602,玻,33,2,
1603,凶,33,2,
1604,雾,33,2,
1605,肩,33,2,
1606,鹿,33,2,
1607,喊,33,2,
1608,蜂,33,2,
1609,茄,33,2,
1610,奥,33,2,
1611,扩,33,2,
1612,苗,33,2,
1613,耕,33,2,
1614,稀,33,2,
1615,陶,33,2,
1616,审,33,2,
1617,洲,33,2,
1618,腾,33,2,
1619,荒,33,2,
1620,慕,32,3,
1621,舌,32,3,
1622,丑,32,3,
1623,详,32,3,
1624,菇,32,3,
1625,润,32,3,
1626,摔,32,3,
1627,勺,32,3,
1628,萨,32,3,
1629,屈,32,3,
1630,赔,32,3,
1631,龟,32,3,
1632,妆,32,3,
1633,液,32,3,
1634,缸,32,3,
1635,耀,32,3,
1636,峰,32,3,
1637,磨,32,3,
1638,栏,32,3,
1639,胆,32,3,
1640,笨,31,3,
1641,宠,31,3,
1642,跃,31,3,
1643,吓,31,3,
1644,钓,31,3,
1645,患,31,3,
1646,崇,31,3,
1647,筝,31,3,
1648,祸,31,3,
1649,朴,31,3,
1650,滋,31,3,
1651,董,31,3,
1652,缓,31,3,
1653,莓,30,3,
1654,柿,30,3,
1655,傲,30,3,
1656,枕,30,3,
1657,啦,30,3,
1658,扶,30,3,
1659,喉,30,3,
1660,艳,30,3,
1661,煎,30,3,
1662,膀,30,3,
1663,佳,30,3,
1664,涂,30,3,
1665,挡,30,3,
1666,柴,30,3,
1667,卜,30,3,
1668,恤,30,3,
1669,遥,30,3,
1670,毫,30,3,
1671,薪,30,3,
1672,阻,30,3,
1673,坦,30,3,
1674,甘,30,3,
1675,贪,30,3,
1676,唐,30,3,
1677,扔,29,3,
1678,骄,29,3,
1679,怜,29,3,
1680,霉,29,3,
1681,烛,29,3,
1682,乏,29,3,
1683,佩,29,3,
1684,瞧,29,3,
1685,趁,29,3,
1686,剑,29,3,
1687,径,29,3,
1688,欠,29,3,
1689,烂,29,3,
1690,臣,29,3,
1691,缝,29,3,
1692,罐,29,3,
1693,钻,29,3,
1694,畅,29,3,
1695,悄,29,3,
1696,怒,29,3,
1697,隆,29,3,
1698,启,29,3,
1699,踏,29,3,
1700,盲,29,3,
1701,喷,29,3,
1702,亚,29,3,
1703,髦,28,3,
1704,馒,28,3,
1705,唉,28,3,
1706,础,28,3,
1707,贡,28,3,
1708,齿,28,3,
1709,蜡,28,3,
1710,摸,28,3,
1711,耗,28,3,
1712,嫂,28,3,
1713,捉,28,3,
1714,冻,28,3,
1715,迁,28,3,
1716,袖,28,3,
1717,壳,28,3,
1718,橱,28,3,
1719,扑,28,3,
1720,横,28,3,
1721,妙,28,3,
1722,鹅,28,3,
1723,昏,28,3,
1724,莲,28,3,
1725,惑,28,3,
1726,荔,27,3,
1727,喻,27,3,
1728,蟹,27,3,
1729,袍,27,3,
1730,哲,27,3,
1731,匹,27,3,
1732,沟,27,3,
1733,瓷,27,3,
1734,酷,27,3,
1735,谎,27,3,
1736,洽,27,3,
1737,屏,27,3,
1738,愚,27,3,
1739,薯,27,3,
1740,瞎,27,3,
1741,缘,27,3,
1742,丧,27,3,
1743,予,27,3,
1744,脉,27,3,
1745,娃,27,3,
1746,钉,27,3,
1747,渡,27,3,
1748,舱,27,3,
1749,羡,26,3,
1750,傍,26,3,
1751,殊,26,3,
1752,帘,26,3,
1753,贷,26,3,
1754,森,26,3,
1755,粥,26,3,
1756,欧,26,3,
1757,淇,26,3,
1758,暂,26,3,
1759,浆,26,3,
1760,跌,26,3,
1761,嫁,26,3,
1762,倾,26,3,
1763,返,26,3,
1764,愧,26,3,
1765,晕,26,3,
1766,媒,26,3,
1767,帐,26,3,
1768,削,26,3,
1769,裂,26,3,
1770,恩,26,3,
1771,荡,26,3,
1772,谷,26,3,
1773,谓,26,3,
1774,潜,26,3,
1775,狂,26,3,
1776,隐,26,3,
1777,捕,26,3,
1778,蹈,25,3,
1779,厢,25,3,
1780,仍,25,3,
1781,漠,25,3,
1782,盼,25,3,
1783,绳,25,3,
1784,偿,25,3,
1785,牵,25,3,
1786,缩,25,3,
1787,幽,25,3,
1788,羞,25,3,
1789,狱,25,3,
1790,癌,25,3,
1791,伏,25,3,
1792,俄,25,3,
1793,匠,25,3,
1794,川,25,3,
1795,辨,25,3,
1796,谜,25,3,
1797,雇,25,3,
1798,尼,25,3,
1799,稿,25,3,
1800,颗,24,3,
1801,氛,24,3,
1802,慰,24,3,
1803,咬,24,3,
1804,估,24,3,
1805,牲,24,3,
1806,辅,24,3,
1807,敞,24,3,
1808,旺,24,3,
1809,殿,24,3,
1810,泛,24,3,
1811,绘,24,3,
1812,跨,24,3,
1813,涌,24,3,
1814,逼,24,3,
1815,烹,24,3,
1816,幻,24,3,
1817,悠,24,3,
1818,媳,24,3,
1819,亭,24,3,
1820,慈,24,3,
1821,艇,24,3,
1822,捐,24,3,
1823,飘,24,3,
1824,蓄,24,3,
1825,纹,24,3,
1826,蒜,24,3,
1827,焦,24,3,
1828,侄,24,3,
1829,储,24,3,
1830,渔,24,3,
1831,陷,24,3,
1832,茫,24,3,
1833,纱,24,3,
1834,谱,24,3,
1835,墨,24,3,
1836,毁,24,3,
1837,寂,23,3,
1838,拒,23,3,
1839,肃,23,3,
1840,窄,23,3,
1841,堆,23,3,
1842,摘,23,3,
1843,惩,23,3,
1844,冠,23,3,
1845,欲,23,3,
1846,颈,23,3,
1847,艰,23,3,
1848,尿,23,3,
1849,抬,23,3,
1850,岗,23,3,
1851,舟,23,3,
1852,夺,23,3,
1853,婶,23,3,
1854,寡,23,3,
1855,轰,23,3,
1856,鹰,23,3,
1857,档,23,3,
1858,雀,23,3,
1859,押,23,3,
1860,扎,23,3,
1861,腹,23,3,
1862,辩,23,3,
1863,丸,23,3,
1864,违,23,3,
1865,御,23,3,
1866,绕,23,3,
1867,遭,23,3,
1868,尖,23,3,
1869,僧,23,3,
1870,浮,23,3,
1871,寞,22,3,
1872,灸,22,3,
1873,哇,22,3,
1874,酪,22,3,
1875,棕,22,3,
1876,倡,22,3,
1877,狼,22,3,
1878,蚊,22,3,
1879,逝,22,3,
1880,熨,22,3,
1881,宅,22,3,
1882,翁,22,3,
1883,颁,22,3,
1884,吻,22,3,
1885,爽,22,3,
1886,孕,22,3,
1887,逆,22,3,
1888,瘾,22,3,
1889,肝,22,3,
1890,愤,22,3,
1891,斧,22,3,
1892,仇,22,3,
1893,溜,22,3,
1894,搭,22,3,
1895,砍,22,3,
1896,燃,22,3,
1897,牢,22,3,
1898,稻,22,3,
1899,罩,22,3,
1900,绵,22,3,
1901,丹,22,3,
1902,簿,22,3,
1903,硕,21,3,
1904,棵,21,3,
1905,蚁,21,3,
1906,鳄,21,3,
1907,侨,21,3,
1908,综,21,3,
1909,咙,21,3,
1910,逗,21,3,
1911,翅,21,3,
1912,馅,21,3,
1913,狐,21,3,
1914,撒,21,3,
1915,躲,21,3,
1916,莉,21,3,
1917,苍,21,3,
1918,抹,21,3,
1919,犹,21,3,
1920,县,21,3,
1921,胞,21,3,
1922,皱,21,3,
1923,欺,21,3,
1924,谨,21,3,
1925,霜,21,3,
1926,赖,21,3,
1927,衰,21,3,
1928,扭,21,3,
1929,迪,21,3,
1930,诱,21,3,
1931,淘,21,3,
1932,棍,21,3,
1933,绣,21,3,
1934,婴,21,3,
1935,诸,21,3,
1936,刑,21,3,
1937,匆,21,3,
1938,葬,21,3,
1939,哀,21,3,
1940,魔,21,3,
1941,嗯,20,3,
1942,耽,20,3,
1943,粽,20,3,
1944,蘑,20,3,
1945,粒,20,3,
1946,秒,20,3,
1947,胳,20,3,
1948,肖,20,3,
1949,魂,20,3,
1950,彼,20,3,
1951,蝶,20,3,
1952,菊,20,3,
1953,芒,20,3,
1954,乖,20,3,
1955,茉,20,3,
1956,姜,20,3,
1957,彻,20,3,
1958,唇,20,3,
1959,帖,20,3,
1960,咐,20,3,
1961,臂,20,3,
1962,廊,20,3,
1963,腻,20,3,
1964,伍,20,3,
1965,宇,20,3,
1966,捷,20,3,
1967,慎,20,3,
1968,慨,20,3,
1969,抖,20,3,
1970,仗,20,3,
1971,赠,20,3,
1972,梁,20,3,
1973,漆,20,3,
1974,眠,20,3,
1975,笛,20,3,
1976,灌,20,3,
1977,弊,20,3,
1978,纵,20,3,
1979,振,20,3,
1980,丛,20,3,
1981,拌,20,3,
1982,券,20,3,
1983,桂,20,3,
1984,悬,20,3,
1985,蚂,19,3,
1986,迅,19,3,
1987,橄,19,3,
1988,榄,19,3,
1989,陌,19,3,
1990,践,19,3,
1991,弓,19,3,
1992,遵,19,3,
1993,脾,19,3,
1994,滴,19,3,
1995,哟,19,3,
1996,泪,19,3,
1997,窝,19,3,
1998,截,19,3,
1999,洒,19,3,
2000,茅,19,3,
2001,祈,19,3,
2002,惨,19,3,
2003,臭,19,3,
2004,州,19,3,
2005,傻,19,3,
2006,轨,19,3,
2007,祭,19,3,
2008,猎,19,3,
2009,窃,19,3,
2010,筹,19,3,
2011,盗,19,3,
2012,罗,19,3,
2013,驱,19,3,
2014,螃,18,3,
2015,恢,18,3,
2016,牺,18,3,
2017,析,18,3,
2018,膊,18,3,
2019,嫌,18,3,
2020,挨,18,3,
2021,蛙,18,3,
2022,慧,18,3,
2023,浇,18,3,
2024,酬,18,3,
2025,届,18,3,
2026,膝,18,3,
2027,陵,18,3,
2028,鸣,18,3,
2029,竖,18,3,
2030,纠,18,3,
2031,搏,18,3,
2032,遣,18,3,
2033,揭,18,3,
2034,锐,18,3,
2035,仓,18,3,
2036,悟,18,3,
2037,拟,18,3,
2038,旋,18,3,
2039,绒,18,3,
2040,垫,18,3,
2041,杆,18,3,
2042,械,18,3,
2043,姆,17,3,
2044,燥,17,3,
2045,娶,17,3,
2046,屉,17,3,
2047,俊,17,3,
2048,肴,17,3,
2049,廷,17,3,
2050,怖,17,3,
2051,饶,17,3,
2052,歇,17,3,
2053,樱,17,3,
2054,兼,17,3,
2055,拦,17,3,
2056,肿,17,3,
2057,凌,17,3,
2058,碍,17,3,
2059,侯,17,3,
2060,侧,17,3,
2061,攀,17,3,
2062,锋,17,3,
2063,巷,17,3,
2064,瑰,17,3,
2065,帆,17,3,
2066,榴,17,3,
2067,鉴,17,3,
2068,斑,17,3,
2069,搜,17,3,
2070,桑,17,3,
2071,侠,17,3,
2072,纺,17,3,
2073,妄,17,3,
2074,氧,17,3,
2075,芽,17,3,
2076,履,17,3,
2077,剔,16,3,
2078,蝴,16,3,
2079,惦,16,3,
2080,裕,16,3,
2081,狸,16,3,
2082,尸,16,3,
2083,矩,16,3,
2084,镑,16,3,
2085,蝇,16,3,
2086,炖,16,3,
2087,嫩,16,3,
2088,洪,16,3,
2089,叠,16,3,
2090,梅,16,3,
2091,坡,16,3,
2092,驻,16,3,
2093,覆,16,3,
2094,乙,16,3,
2095,芭,16,3,
2096,饲,16,3,
2097,侣,16,3,
2098,卑,16,3,
2099,邪,16,3,
2100,泻,16,3,
2101,妒,16,3,
2102,芦,16,3,
2103,岳,16,3,
2104,贩,16,3,
2105,滞,16,3,
2106,惟,16,3,
2107,凤,16,3,
2108,胎,16,3,
2109,剃,16,3,
2110,劣,16,3,
2111,钩,16,3,
2112,枣,16,3,
2113,妥,16,3,
2114,恳,16,3,
2115,晶,16,3,
2116,哗,16,3,
2117,噢,15,3,
2118,措,15,3,
2119,惰,15,3,
2120,倦,15,3,
2121,卒,15,3,
2122,擅,15,3,
2123,悦,15,3,
2124,俑,15,3,
2125,蠢,15,3,
2126,泊,15,3,
2127,厘,15,3,
2128,丙,15,3,
2129,凑,15,3,
2130,援,15,3,
2131,颊,15,3,
2132,玫,15,3,
2133,茂,15,3,
2134,爪,15,3,
2135,侦,15,3,
2136,撤,15,3,
2137,赋,15,3,
2138,轿,15,3,
2139,吊,15,3,
2140,冤,15,3,
2141,赌,15,3,
2142,诵,15,3,
2143,疯,15,3,
2144,抛,15,3,
2145,杖,15,3,
2146,坛,15,3,
2147,喘,15,3,
2148,债,15,3,
2149,疏,15,3,
2150,拘,15,3,
2151,儒,15,3,
2152,螺,15,3,
2153,磅,14,3,
2154,咦,14,3,
2155,讶,14,3,
2156,隧,14,3,
2157,蟑,14,3,
2158,螂,14,3,
2159,勉,14,3,
2160,匀,14,3,
2161,豫,14,3,
2162,虹,14,3,
2163,逢,14,3,
2164,恕,14,3,
2165,镯,14,3,
2166,馋,14,3,
2167,熬,14,3,
2168,贼,14,3,
2169,嘱,14,3,
2170,涕,14,3,
2171,坟,14,3,
2172,椰,14,3,
2173,赴,14,3,
2174,鸦,14,3,
2175,燕,14,3,
2176,荷,14,3,
2177,秤,14,3,
2178,辱,14,3,
2179,抑,14,3,
2180,奸,14,3,
2181,柳,14,3,
2182,巡,14,3,
2183,伪,14,3,
2184,烘,14,3,
2185,湾,14,3,
2186,畜,14,3,
2187,膜,14,3,
2188,奴,14,3,
2189,晃,14,3,
2190,棚,14,3,
2191,腔,14,3,
2192,咨,13,4,
2193,滨,13,4,
2194,脖,13,4,
2195,跪,13,4,
2196,哼,13,4,
2197,捆,13,4,
2198,砸,13,4,
2199,妨,13,4,
2200,庞,13,4,
2201,厦,13,4,
2202,乃,13,4,
2203,遂,13,4,
2204,蕾,13,4,
2205,裔,13,4,
2206,趋,13,4,
2207,颇,13,4,
2208,肌,13,4,
2209,顽,13,4,
2210,剥,13,4,
2211,辉,13,4,
2212,腕,13,4,
2213,绑,13,4,
2214,垒,13,4,
2215,挖,13,4,
2216,鸽,13,4,
2217,耍,13,4,
2218,淹,13,4,
2219,甥,13,4,
2220,狠,13,4,
2221,佣,13,4,
2222,殖,13,4,
2223,锤,13,4,
2224,昧,13,4,
2225,乞,13,4,
2226,呵,13,4,
2227,酥,13,4,
2228,疫,13,4,
2229,掩,13,4,
2230,疆,13,4,
2231,劫,13,4,
2232,柱,13,4,
2233,熄,13,4,
2234,贿,13,4,
2235,禽,13,4,
2236,苏,13,4,
2237,钳,13,4,
2238,庸,13,4,
2239,勿,12,4,
2240,魅,12,4,
2241,崭,12,4,
2242,栋,12,4,
2243,皆,12,4,
2244,衷,12,4,
2245,颖,12,4,
2246,靴,12,4,
2247,宙,12,4,
2248,拣,12,4,
2249,躬,12,4,
2250,诀,12,4,
2251,糯,12,4,
2252,绢,12,4,
2253,钞,12,4,
2254,坑,12,4,
2255,宏,12,4,
2256,莫,12,4,
2257,聋,12,4,
2258,柠,12,4,
2259,檬,12,4,
2260,逻,12,4,
2261,抚,12,4,
2262,伊,12,4,
2263,捏,12,4,
2264,呈,12,4,
2265,旬,12,4,
2266,垂,12,4,
2267,娇,12,4,
2268,刹,12,4,
2269,踪,12,4,
2270,悼,12,4,
2271,兜,12,4,
2272,妖,12,4,
2273,岩,12,4,
2274,循,12,4,
2275,酿,12,4,
2276,伐,12,4,
2277,溶,12,4,
2278,狭,12,4,
2279,驰,12,4,
2280,唤,12,4,
2281,扯,12,4,
2282,跷,12,4,
2283,伦,12,4,
2284,诬,12,4,
2285,晋,12,4,
2286,耻,12,4,
2287,漏,12,4,
2288,堪,12,4,
2289,秃,12,4,
2290,霸,12,4,
2291,筋,12,4,
2292,竿,12,4,
2293,猩,12,4,
2294,瓦,12,4,
2295,韵,12,4,
2296,灿,11,4,
2297,蝙,11,4,
2298,蝠,11,4,
2299,趾,11,4,
2300,吩,11,4,
2301,墅,11,4,
2302,柬,11,4,
2303,瘫,11,4,
2304,驼,11,4,
2305,惭,11,4,
2306,艘,11,4,
2307,惧,11,4,
2308,碌,11,4,
2309,惹,11,4,
2310,昔,11,4,
2311,琢,11,4,
2312,杰,11,4,
2313,曰,11,4,
2314,槟,11,4,
2315,葫,11,4,
2316,仲,11,4,
2317,浑,11,4,
2318,携,11,4,
2319,歧,11,4,
2320,撑,11,4,
2321,抄,11,4,
2322,荤,11,4,
2323,枯,11,4,
2324,昼,11,4,
2325,槽,11,4,
2326,姿,11,4,
2327,巢,11,4,
2328,勾,11,4,
2329,晓,11,4,
2330,榜,11,4,
2331,丘,11,4,
2332,毅,11,4,
2333,肆,11,4,
2334,婿,11,4,
2335,桔,11,4,
2336,弥,11,4,
2337,屠,11,4,
2338,巫,11,4,
2339,咕,11,4,
2340,倘,11,4,
2341,碧,11,4,
2342,纲,11,4,
2343,宰,11,4,
2344,怯,11,4,
2345,脊,11,4,
2346,痕,11,4,
2347,弦,11,4,
2348,拆,11,4,
2349,宋,11,4,
2350,痪,10,4,
2351,愣,10,4,
2352,沃,10,4,
2353,睁,10,4,
2354,骆,10,4,
2355,饪,10,4,
2356,鲸,10,4,
2357,浏,10,4,
2358,鸥,10,4,
2359,芹,10,4,
2360,跤,10,4,
2361,掏,10,4,
2362,姻,10,4,
2363,喇,10,4,
2364,叭,10,4,
2365,绪,10,4,
2366,帚,10,4,
2367,凳,10,4,
2368,沮,10,4,
2369,珊,10,4,
2370,瑚,10,4,
2371,绷,10,4,
2372,晾,10,4,
2373,贱,10,4,
2374,披,10,4,
2375,稼,10,4,
2376,叙,10,4,
2377,屁,10,4,
2378,纽,10,4,
2379,暮,10,4,
2380,顷,10,4,
2381,肘,10,4,
2382,掘,10,4,
2383,俭,10,4,
2384,豚,10,4,
2385,熏,10,4,
2386,塘,10,4,
2387,哑,10,4,
2388,颂,10,4,
2389,痒,10,4,
2390,嚷,10,4,
2391,爹,10,4,
2392,迈,10,4,
2393,贯,10,4,
2394,妾,10,4,
2395,穴,10,4,
2396,殷,10,4,
2397,逮,10,4,
2398,芝,10,4,
2399,锣,10,4,
2400,噜,10,4,
2401,饥,10,4,
2402,锈,10,4,
2403,铲,10,4,
2404,汪,10,4,
2405,豹,10,4,
2406,黎,10,4,
2407,捣,10,4,
2408,募,10,4,
2409,缠,10,4,
2410,犬,10,4,
2411,庶,10,4,
2412,腊,10,4,
2413,恒,10,4,
2414,廉,10,4,
2415,學,10,4,
2416,菌,10,4,
2417,笋,10,4,
2418,诺,10,4,
2419,鄙,10,4,
2420,韩,10,4,
2421,泄,10,4,
2422,框,10,4,
2423,侍,10,4,
2424,徽,10,4,
2425,凝,10,4,
2426,呗,9,4,
2427,譬,9,4,
2428,捡,9,4,
2429,讽,9,4,
2430,睦,9,4,
2431,囱,9,4,
2432,慷,9,4,
2433,篷,9,4,
2434,琵,9,4,
2435,琶,9,4,
2436,攒,9,4,
2437,蜘,9,4,
2438,蛛,9,4,
2439,煌,9,4,
2440,呕,9,4,
2441,舆,9,4,
2442,痰,9,4,
2443,吨,9,4,
2444,搀,9,4,
2445,篓,9,4,
2446,沫,9,4,
2447,塌,9,4,
2448,馄,9,4,
2449,饨,9,4,
2450,喔,9,4,
2451,愈,9,4,
2452,侈,9,4,
2453,铢,9,4,
2454,芳,9,4,
2455,肾,9,4,
2456,枉,9,4,
2457,翼,9,4,
2458,栽,9,4,
2459,捞,9,4,
2460,昂,9,4,
2461,纤,9,4,
2462,搅,9,4,
2463,禾,9,4,
2464,眨,9,4,
2465,誓,9,4,
2466,盈,9,4,
2467,隘,9,4,
2468,缴,9,4,
2469,翠,9,4,
2470,辰,9,4,
2471,崩,9,4,
2472,斥,9,4,
2473,刨,9,4,
2474,屑,9,4,
2475,僵,9,4,
2476,涤,9,4,
2477,爵,9,4,
2478,奠,9,4,
2479,役,9,4,
2480,辟,9,4,
2481,袭,9,4,
2482,谣,9,4,
2483,贬,9,4,
2484,岂,9,4,
2485,茸,9,4,
2486,琐,9,4,
2487,赤,9,4,
2488,妃,9,4,
2489,會,9,4,
2490,署,9,4,
2491,溪,9,4,
2492,嘟,9,4,
2493,碑,9,4,
2494,锦,9,4,
2495,炭,9,4,
2496,函,9,4,
2497,寇,9,4,
2498,嘿,8,4,
2499,鞠,8,4,
2500,狡,8,4,
2501,猾,8,4,
2502,鲨,8,4,
2503,尴,8,4,
2504,尬,8,4,
2505,挫,8,4,
2506,潇,8,4,
2507,瀑,8,4,
2508,殆,8,4,
2509,哄,8,4,
2510,胁,8,4,
2511,撇,8,4,
2512,鹦,8,4,
2513,辽,8,4,
2514,沏,8,4,
2515,汰,8,4,
2516,宪,8,4,
2517,吁,8,4,
2518,仆,8,4,
2519,噪,8,4,
2520,拇,8,4,
2521,涮,8,4,
2522,颐,8,4,
2523,锄,8,4,
2524,辜,8,4,
2525,锯,8,4,
2526,奢,8,4,
2527,磕,8,4,
2528,犀,8,4,
2529,栗,8,4,
2530,菩,8,4,
2531,缆,8,4,
2532,催,8,4,
2533,亩,8,4,
2534,堕,8,4,
2535,刃,8,4,
2536,瓣,8,4,
2537,隙,8,4,
2538,寨,8,4,
2539,睹,8,4,
2540,泽,8,4,
2541,滥,8,4,
2542,雁,8,4,
2543,溃,8,4,
2544,旨,8,4,
2545,脐,8,4,
2546,壤,8,4,
2547,敦,8,4,
2548,舰,8,4,
2549,颠,8,4,
2550,哨,8,4,
2551,挽,8,4,
2552,掷,8,4,
2553,勃,8,4,
2554,吼,8,4,
2555,焰,8,4,
2556,簇,8,4,
2557,峡,8,4,
2558,吏,8,4,
2559,禄,8,4,
2560,遮,8,4,
2561,邦,8,4,
2562,杏,8,4,
2563,澄,8,4,
2564,砖,8,4,
2565,蹦,8,4,
2566,醇,8,4,
2567,挚,8,4,
2568,扒,8,4,
2569,浸,8,4,
2570,嗒,8,4,
2571,轴,8,4,
2572,囊,8,4,
2573,罕,8,4,
2574,鲁,8,4,
2575,胀,8,4,
2576,闸,8,4,
2577,浊,8,4,
2578,阁,8,4,
2579,扁,8,4,
2580,郁,8,4,
2581,坊,8,4,
2582,咪,8,4,
2583,卸,8,4,
2584,虐,8,4,
2585,杠,8,4,
2586,脂,8,4,
2587,踩,7,4,
2588,幢,7,4,
2589,踌,7,4,
2590,躇,7,4,
2591,拴,7,4,
2592,艾,7,4,
2593,嫉,7,4,
2594,栅,7,4,
2595,汹,7,4,
2596,鹉,7,4,
2597,溉,7,4,
2598,屿,7,4,
2599,蔼,7,4,
2600,峻,7,4,
2601,沐,7,4,
2602,吾,7,4,
2603,辖,7,4,
2604,盏,7,4,
2605,蹲,7,4,
2606,侮,7,4,
2607,丞,7,4,
2608,陋,7,4,
2609,溅,7,4,
2610,蹭,7,4,
2611,〇,7,4,
2612,韭,7,4,
2613,躁,7,4,
2614,讳,7,4,
2615,阑,7,4,
2616,吴,7,4,
2617,涛,7,4,
2618,雹,7,4,
2619,勒,7,4,
2620,虔,7,4,
2621,潭,7,4,
2622,砰,7,4,
2623,贰,7,4,
2624,袄,7,4,
2625,丐,7,4,
2626,邑,7,4,
2627,泣,7,4,
2628,媚,7,4,
2629,婉,7,4,
2630,哺,7,4,
2631,疤,7,4,
2632,镶,7,4,
2633,铭,7,4,
2634,凿,7,4,
2635,岭,7,4,
2636,叨,7,4,
2637,杜,7,4,
2638,豌,7,4,
2639,驴,7,4,
2640,颤,7,4,
2641,柚,7,4,
2642,碳,7,4,
2643,僻,7,4,
2644,搁,7,4,
2645,捧,7,4,
2646,啄,7,4,
2647,畏,7,4,
2648,蓬,7,4,
2649,奈,7,4,
2650,摧,7,4,
2651,涵,7,4,
2652,澳,7,4,
2653,契,7,4,
2654,遛,7,4,
2655,沾,7,4,
2656,渊,7,4,
2657,嘻,7,4,
2658,堤,7,4,
2659,盟,7,4,
2660,阐,7,4,
2661,芥,7,4,
2662,腮,7,4,
2663,坎,7,4,
2664,渗,7,4,
2665,羹,7,4,
2666,暇,7,4,
2667,纫,7,4,
2668,驯,7,4,
2669,垮,7,4,
2670,砂,7,4,
2671,贤,7,4,
2672,鹤,7,4,
2673,羔,7,4,
2674,溢,7,4,
2675,膳,7,4,
2676,叛,7,4,
2677,沥,7,4,
2678,肢,6,4,
2679,蜗,6,4,
2680,蹬,6,4,
2681,砌,6,4,
2682,蘸,6,4,
2683,啃,6,4,
2684,惕,6,4,
2685,锡,6,4,
2686,谚,6,4,
2687,惫,6,4,
2688,拄,6,4,
2689,株,6,4,
2690,喱,6,4,
2691,晰,6,4,
2692,亦,6,4,
2693,芬,6,4,
2694,沛,6,4,
2695,绅,6,4,
2696,甭,6,4,
2697,嚼,6,4,
2698,矣,6,4,
2699,撕,6,4,
2700,驮,6,4,
2701,渺,6,4,
2702,秩,6,4,
2703,敝,6,4,
2704,拢,6,4,
2705,翔,6,4,
2706,夷,6,4,
2707,蚤,6,4,
2708,撼,6,4,
2709,饯,6,4,
2710,赦,6,4,
2711,赂,6,4,
2712,哉,6,4,
2713,唠,6,4,
2714,畔,6,4,
2715,昆,6,4,
2716,刘,6,4,
2717,俯,6,4,
2718,烽,6,4,
2719,赐,6,4,
2720,臀,6,4,
2721,谏,6,4,
2722,冈,6,4,
2723,鳞,6,4,
2724,蕴,6,4,
2725,诈,6,4,
2726,篱,6,4,
2727,後,6,4,
2728,眷,6,4,
2729,苛,6,4,
2730,萧,6,4,
2731,轧,6,4,
2732,稚,6,4,
2733,粤,6,4,
2734,疹,6,4,
2735,踝,6,4,
2736,歹,6,4,
2737,仕,6,4,
2738,拱,6,4,
2739,竭,6,4,
2740,啸,6,4,
2741,甸,6,4,
2742,溺,6,4,
2743,磋,6,4,
2744,陛,6,4,
2745,窟,6,4,
2746,淙,6,4,
2747,叮,6,4,
2748,褂,6,4,
2749,瘤,6,4,
2750,鲤,6,4,
2751,粪,6,4,
2752,拓,6,4,
2753,咽,6,4,
2754,斜,6,4,
2755,闯,6,4,
2756,柏,6,4,
2757,柄,6,4,
2758,徐,6,4,
2759,衍,6,4,
2760,禅,6,4,
2761,扳,6,4,
2762,蔓,6,4,
2763,啪,6,4,
2764,尉,6,4,
2765,蜕,6,4,
2766,瑞,6,4,
2767,旷,6,4,
2768,卿,6,4,
2769,津,6,4,
2770,睫,6,4,
2771,氯,6,4,
2772,冶,6,4,
2773,姊,6,4,
2774,啼,6,4,
2775,拙,6,4,
2776,腺,6,4,
2777,锥,6,4,
2778,翩,6,4,
2779,伺,5,4,
2780,幺,5,4,
2781,瞩,5,4,
2782,罔,5,4,
2783,飓,5,4,
2784,揍,5,4,
2785,瞌,5,4,
2786,蜻,5,4,
2787,蜓,5,4,
2788,呦,5,4,
2789,捎,5,4,
2790,嘈,5,4,
2791,噩,5,4,
2792,缀,5,4,
2793,拽,5,4,
2794,辐,5,4,
2795,稽,5,4,
2796,腼,5,4,
2797,腆,5,4,
2798,嗨,5,4,
2799,枚,5,4,
2800,扛,5,4,
2801,婪,5,4,
2802,盯,5,4,
2803,惡,5,4,
2804,倔,5,4,
2805,祷,5,4,
2806,瘟,5,4,
2807,劈,5,4,
2808,鸳,5,4,
2809,鸯,5,4,
2810,吞,5,4,
2811,眺,5,4,
2812,嚏,5,4,
2813,趴,5,4,
2814,歪,5,4,
2815,裳,5,4,
2816,瞒,5,4,
2817,骤,5,4,
2818,瓢,5,4,
2819,蚕,5,4,
2820,呜,5,4,
2821,嘉,5,4,
2822,凰,5,4,
2823,呛,5,4,
2824,眯,5,4,
2825,掀,5,4,
2826,铸,5,4,
2827,虏,5,4,
2828,蛾,5,4,
2829,骡,5,4,
2830,钙,5,4,
2831,帛,5,4,
2832,耸,5,4,
2833,梢,5,4,
2834,缔,5,4,
2835,牡,5,4,
2836,貴,5,4,
2837,荫,5,4,
2838,時,5,4,
2839,崖,5,4,
2840,帕,5,4,
2841,卵,5,4,
2842,瞬,5,4,
2843,犁,5,4,
2844,苟,5,4,
2845,盥,5,4,
2846,烙,5,4,
2847,渍,5,4,
2848,粘,5,4,
2849,妓,5,4,
2850,鄂,5,4,
2851,戈,5,4,
2852,腥,5,4,
2853,嬉,5,4,
2854,嗦,5,4,
2855,宦,5,4,
2856,淀,5,4,
2857,痹,5,4,
2858,斩,5,4,
2859,栓,5,4,
2860,蛤,5,4,
2861,鼎,5,4,
2862,蔑,5,4,
2863,佐,5,4,
2864,馈,5,4,
2865,枫,5,4,
2866,唾,5,4,
2867,逸,5,4,
2868,兹,5,4,
2869,懦,5,4,
2870,桨,5,4,
2871,涯,5,4,
2872,诏,5,4,
2873,磷,5,4,
2874,玄,5,4,
2875,骚,5,4,
2876,嗅,5,4,
2877,隶,5,4,
2878,鱿,5,4,
2879,炊,5,4,
2880,苇,5,4,
2881,枢,5,4,
2882,簧,5,4,
2883,豁,5,4,
2884,蛮,5,4,
2885,吱,5,4,
2886,肋,5,4,
2887,悍,5,4,
2888,朽,5,4,
2889,驳,5,4,
2890,咯,5,4,
2891,椎,5,4,
2892,碘,5,4,
2893,杨,5,4,
2894,斋,5,4,
2895,兒,5,4,
2896,赫,5,4,
2897,坠,5,4,