1,的,660188,1,
2,一,329542,1,
3,我,326867,1,
4,是,314831,1,
5,了,306260,1,
6,不,268990,1,
7,有,215231,1,
8,人,190018,1,
9,你,183072,1,
10,在,182826,1,
11,这,158708,1,
12,个,137224,1,
13,们,136542,1,
14,他,135231,1,
15,大,126739,1,
16,来,126549,1,
17,上,123106,1,
18,中,116892,1,
19,好,113328,1,
20,么,107669,1,
21,国,103927,1,
22,子,101847,1,
23,说,101747,1,
24,天,101241,1,
25,到,100319,1,
26,去,100029,1,
27,就,99708,1,
28,要,96835,1,
29,学,90955,1,
30,生,89921,1,
31,儿,87233,1,
32,也,85196,1,
33,以,84860,1,
34,小,84524,1,
35,多,84414,1,
36,看,82884,1,
37,时,81798,1,
38,家,81572,1,
39,得,80210,1,
40,和,77403,1,
41,可,74909,1,
42,很,73957,1,
43,那,72522,1,
44,地,72168,1,
45,年,70007,1,
46,都,69607,1,
47,为,68686,1,
48,会,68172,1,
49,下,66786,1,
50,里,64667,1,
51,没,63885,1,
52,还,63672,1,
53,什,59774,1,
54,过,59754,1,
55,老,57733,1,
56,着,57071,1,
57,能,56874,1,
58,对,56666,1,
59,吗,55675,1,
60,出,55134,1,
61,点,50758,1,
62,想,49985,1,
63,后,49601,1,
64,自,48173,1,
65,用,47854,1,
66,起,47623,1,
67,方,45845,1,
68,文,45419,1,
69,样,45040,1,
70,她,43719,1,
71,吃,42301,1,
72,作,41946,1,
73,成,41805,1,
74,现,41696,1,
75,事,40629,1,
76,语,40128,1,
77,明,39591,1,
78,十,38433,1,
79,行,37882,1,
80,把,37756,1,
81,发,37559,1,
82,意,37109,1,
83,面,36986,1,
84,吧,36843,1,
85,然,36506,1,
86,经,36276,1,
87,王,36015,1,
88,高,35927,1,
89,开,35792,1,
90,道,35339,1,
91,心,35215,1,
92,动,34787,1,
93,给,34784,1,
94,太,34780,1,
95,如,34688,1,
96,常,34515,1,
97,问,34341,1,
98,呢,34324,1,
99,而,34245,1,
100,同,34169,1,
101,三,34081,1,
102,日,33782,1,
103,车,33488,1,
104,话,33087,1,
105,两,32496,1,
106,几,32389,1,
107,前,32302,1,
108,最,32166,1,
109,只,32145,1,
110,长,31791,1,
111,本,31668,1,
112,些,31185,1,
113,种,31048,1,
114,间,31018,1,
115,比,30956,1,
116,又,30871,1,
117,怎,30823,1,
118,做,30809,1,
119,从,30790,1,
120,之,30339,1,
121,师,30106,1,
122,工,30069,1,
123,于,29962,1,
124,打,29888,1,
125,真,29652,1,
126,回,29527,1,
127,公,29395,1,
128,分,29287,1,
129,李,29107,1,
130,妈,29027,1,
131,所,29015,1,
132,请,28973,1,
133,美,28845,1,
134,外,28782,1,
135,电,28505,1,
136,二,28434,1,
137,见,28413,1,
138,今,28186,1,
139,张,28066,1,
140,别,28000,1,
141,知,27879,1,
142,西,27852,1,
143,听,27790,1,
144,定,27653,1,
145,您,27611,1,
146,名,27477,1,
147,走,27433,1,
148,等,27264,1,
149,山,27208,1,
150,当,26757,1,
151,候,26306,1,
152,书,26189,1,
153,法,26105,1,
154,北,25566,1,
155,水,25556,1,
156,先,25470,1,
157,边,25342,1,
158,女,25326,1,
159,少,25180,1,
160,哪,25127,1,
161,月,24946,1,
162,己,24907,1,
163,欢,24876,1,
164,但,24775,1,
165,再,24670,1,
166,字,24653,1,
167,喜,24392,1,
168,气,24371,1,
169,因,24306,1,
170,进,24198,1,
171,情,24187,1,
172,活,24175,1,
173,理,23656,1,
174,买,23528,1,
175,头,23144,1,
176,东,23040,1,
177,京,22915,1,
178,次,22756,1,
179,快,22717,1,
180,新,22086,1,
181,表,22072,1,
182,它,22001,1,
183,叫,21917,1,
184,友,21827,1,
185,主,21658,1,
186,口,21622,1,
187,期,21595,1,
188,教,21465,1,
189,民,21439,1,
190,丽,21332,1,
191,四,21317,1,
192,业,21293,1,
193,正,21238,1,
194,五,21226,1,
195,谢,21163,1,
196,机,21156,1,
197,果,21016,1,
198,物,20944,1,
199,词,20925,1,
200,手,20899,1,
201,已,20863,1,
202,力,20850,1,
203,啊,20808,1,
204,重,20697,1,
205,课,20672,1,
206,钱,20658,1,
207,爸,20597,1,
208,第,20523,1,
209,代,20308,1,
210,位,20259,1,
211,海,20112,1,
212,者,20012,1,
213,员,19955,1,
214,习,19801,1,
215,实,19703,1,
216,相,19629,1,
217,马,19513,1,
218,服,19448,1,
219,关,19308,1,
220,汉,19236,1,
221,每,19235,1,
222,才,19216,1,
223,爱,18891,1,
224,孩,18805,1,
225,加,18724,1,
226,化,18644,1,
227,写,18619,1,
228,其,18597,1,
229,路,18492,1,
230,体,18447,1,
231,全,18443,1,
232,朋,18387,1,
233,像,18294,1,
234,花,18273,1,
235,门,18121,1,
236,饭,17933,1,
237,觉,17814,1,
238,平,17737,1,
239,身,17692,1,
240,让,17550,1,
241,跟,17525,1,
242,白,17417,1,
243,思,17354,1,
244,感,17138,1,
245,星,17071,1,
246,住,17001,1,
247,放,16973,1,
248,题,16880,1,
249,信,16843,1,
250,节,16778,1,
251,安,16725,1,
252,市,16456,1,
253,音,15905,1,
254,城,15832,1,
255,晚,15827,1,
256,应,15805,1,
257,特,15801,1,
258,世,15785,1,
259,早,15578,1,
260,色,15543,1,
261,金,15452,1,
262,无,15426,1,
263,合,15385,1,
264,亲,15311,1,
265,件,15262,1,
266,使,15233,1,
267,带,15164,1,
268,坐,15049,1,
269,便,15034,1,
270,或,14999,1,
271,房,14976,1,
272,声,14947,1,
273,找,14882,1,
274,部,14855,1,
275,林,14822,1,
276,难,14656,1,
277,游,14654,1,
278,菜,14652,1,
279,场,14652,1,
280,向,14646,1,
281,非,14628,1,
282,客,14613,1,
283,更,14559,1,
284,与,14507,1,
285,认,14419,1,
286,母,14393,1,
287,通,14341,1,
288,英,14160,1,
289,句,14151,1,
290,被,14058,1,
291,结,13958,1,
292,越,13932,1,
293,各,13932,1,
294,完,13804,1,
295,此,13474,1,
296,风,13290,1,
297,乐,13007,1,
298,受,12990,1,
299,球,12990,1,
300,告,12971,1,
301,原,12943,1,
302,提,12882,1,
303,该,12847,1,
304,度,12807,1,
305,百,12792,1,
306,校,12786,1,
307,解,12754,1,
308,姐,12701,1,
309,由,12582,1,
310,系,12572,1,
311,父,12542,1,
312,品,12481,1,
313,干,12435,1,
314,喝,12432,1,
315,条,12391,1,
316,影,12383,1,
317,夫,12369,1,
318,近,12273,1,
319,变,12237,1,
320,兴,12136,1,
321,数,12073,1,
322,号,12054,1,
323,交,12043,1,
324,八,12012,1,
325,保,11988,1,
326,司,11984,1,
327,总,11981,1,
328,性,11903,1,
329,眼,11869,1,
330,目,11853,1,
331,远,11842,1,
332,照,11790,1,
333,红,11776,1,
334,包,11768,1,
335,建,11768,1,
336,形,11760,1,
337,元,11748,1,
338,往,11737,1,
339,办,11692,1,
340,量,11684,1,
341,古,11671,1,
342,六,11622,1,
343,衣,11610,1,
344,接,11604,1,
345,界,11603,1,
346,利,11570,1,
347,画,11566,1,
348,望,11562,1,
349,谁,11524,1,
350,直,11498,1,
351,华,11488,1,
352,光,11463,1,
353,报,11454,1,
354,记,11445,1,
355,南,11410,1,
356,万,11357,1,
357,社,11338,1,
358,务,11306,1,
359,容,11273,1,
360,店,11220,1,
361,展,11178,1,
362,清,11150,1,
363,处,11150,1,
364,笑,11105,1,
365,产,11098,1,
366,田,11072,1,
367,内,11069,1,
368,并,11051,1,
369,考,11020,1,
370,半,11002,1,
371,块,10993,1,
372,酒,10823,1,
373,热,10728,1,
374,男,10706,1,
375,商,10700,1,
376,流,10682,1,
377,始,10606,1,
378,病,10468,1,
379,象,10374,1,
380,将,10300,1,
381,读,10298,1,
382,空,10248,1,
383,式,10236,1,
384,午,10229,1,
385,许,10219,1,
386,院,10184,1,
387,台,10177,1,
388,传,10135,1,
389,观,10101,1,
390,呀,10089,1,
391,拿,10082,1,
392,入,10018,1,
393,亮,9986,1,
394,错,9948,1,
395,示,9938,1,
396,刚,9938,1,
397,忙,9904,1,
398,飞,9889,1,
399,甲,9883,1,
400,周,9883,1,
401,算,9862,1,
402,运,9846,1,
403,单,9801,1,
404,神,9752,1,
405,玩,9738,1,
406,言,9732,1,
407,园,9703,1,
408,识,9702,1,
409,立,9685,1,
410,岁,9641,1,
411,视,9606,1,
412,克,9575,1,
413,收,9428,1,
414,留,9424,1,
415,例,9388,1,
416,茶,9374,1,
417,送,9356,1,
418,弟,9332,1,
419,火,9332,1,
420,试,9316,1,
421,达,9312,1,
422,婚,9273,1,
423,离,9236,1,
424,强,9229,1,
425,哥,9185,1,
426,指,9183,1,
427,轻,9174,1,
428,班,9165,1,
429,片,9137,1,
430,共,9122,1,
431,雨,9094,1,
432,旅,9045,1,
433,七,9028,1,
434,历,9005,1,
435,千,9001,1,
436,九,9000,1,
437,死,8984,1,
438,且,8968,1,
439,较,8968,1,
440,玛,8918,1,
441,改,8865,1,
442,站,8825,1,
443,制,8818,1,
444,广,8786,1,
445,馆,8776,1,
446,政,8768,1,
447,牛,8736,1,
448,连,8731,1,
449,满,8679,1,
450,却,8583,1,
451,医,8571,1,
452,准,8552,1,
453,义,8496,1,
454,故,8481,1,
455,帮,8481,1,
456,乙,8468,1,
457,管,8456,1,
458,步,8449,1,
459,韩,8439,1,
460,票,8427,1,
461,青,8414,1,
462,求,8385,1,
463,春,8316,1,
464,参,8280,1,
465,卫,8270,1,
466,论,8253,1,
467,香,8251,1,
468,讲,8241,1,
469,至,8240,1,
470,易,8185,1,
471,格,8169,1,
472,食,8166,1,
473,息,8156,1,
474,区,8133,1,
475,网,8048,1,
476,木,7988,1,
477,爷,7974,1,
478,及,7959,1,
479,反,7950,1,
480,类,7944,1,
481,极,7922,1,
482,黄,7885,1,
483,费,7792,1,
484,何,7775,1,
485,妹,7765,1,
486,史,7759,1,
487,必,7757,1,
488,楼,7757,1,
489,科,7745,1,
490,族,7739,1,
491,谈,7699,1,
492,命,7670,1,
493,树,7652,1,
494,术,7621,1,
495,贵,7596,1,
496,差,7585,1,
497,选,7564,1,
498,调,7558,1,
499,济,7435,1,
500,假,7405,1,
501,河,7392,1,
502,深,7339,1,
503,计,7302,1,
504,约,7288,1,
505,决,7268,1,
506,石,7267,1,
507,兰,7260,1,
508,穿,7250,1,
509,统,7203,1,
510,念,7188,1,
511,歌,7182,1,
512,刘,7181,1,
513,阿,7174,1,
514,根,7156,1,
515,育,7145,1,
516,怕,7133,1,
517,跑,7061,1,
518,礼,7052,1,
519,景,7016,1,
520,造,7015,1,
521,米,7012,1,
522,任,6965,1,
523,精,6952,1,
524,毛,6938,1,
525,诉,6930,1,
526,程,6911,1,
527,需,6910,1,
528,钟,6857,1,
529,价,6852,1,
530,拉,6841,1,
531,村,6822,1,
532,图,6786,1,
533,姓,6785,1,
534,资,6774,1,
535,般,6767,1,
536,据,6765,1,
537,奶,6765,1,
538,室,6760,1,
539,取,6758,1,
540,称,6754,1,
541,农,6749,1,
542,答,6735,1,
543,具,6717,1,
544,阳,6673,1,
545,慢,6653,1,
546,除,6651,1,
547,睡,6644,1,
548,笔,6628,1,
549,整,6627,1,
550,失,6624,1,
551,咱,6524,1,
552,注,6504,1,
553,江,6497,1,
554,苦,6484,1,
555,足,6469,1,
556,消,6462,1,
557,功,6456,1,
558,况,6417,1,
559,究,6408,1,
560,持,6404,1,
561,雪,6389,1,
562,演,6367,1,
563,希,6353,1,
564,久,6351,1,
565,座,6349,1,
566,复,6322,1,
567,备,6318,1,
568,际,6291,1,
569,随,6239,1,
570,治,6216,1,
571,货,6213,1,
572,士,6183,1,
573,味,6180,1,
574,修,6156,1,
575,德,6155,1,
576,斯,6148,1,
577,助,6136,1,
578,虽,6127,1,
579,休,6123,1,
580,志,6114,1,
581,唱,6105,1,
582,首,6065,1,
583,居,6063,1,
584,龙,6053,1,
585,汽,6053,1,
586,介,6042,1,
587,鱼,6036,1,
588,昨,5995,1,
589,布,5975,1,
590,换,5969,1,
591,夜,5949,1,
592,双,5943,1,
593,云,5940,1,
594,倒,5924,1,
595,专,5920,1,
596,基,5912,1,
597,响,5898,1,
598,料,5885,1,
599,装,5884,1,
600,卖,5859,1,
601,养,5844,1,
602,愿,5835,1,
603,转,5811,1,
604,黑,5793,1,
605,队,5757,1,
606,福,5752,1,
607,练,5750,1,
608,脑,5743,1,
609,急,5736,1,
610,增,5729,1,
611,丁,5711,1,
612,够,5684,1,
613,境,5681,1,
614,刻,5680,1,
615,伟,5677,1,
616,设,5639,1,
617,药,5631,1,
618,确,5617,1,
619,冷,5602,1,
620,则,5597,1,
621,懂,5579,1,
622,娘,5572,1,
623,朝,5552,1,
624,切,5531,1,
625,导,5500,1,
626,紧,5485,1,
627,联,5470,1,
628,护,5419,1,
629,组,5413,1,
630,庭,5412,1,
631,另,5408,1,
632,州,5408,1,
633,军,5366,1,
634,领,5358,1,
635,排,5355,1,
636,环,5339,1,
637,简,5303,1,
638,纪,5246,1,
639,举,5242,1,
640,陈,5235,1,
641,左,5229,1,
642,级,5207,1,
643,漂,5202,1,
644,忘,5172,1,
645,赛,5162,1,
646,富,5160,1,
647,技,5149,1,
648,肉,5147,1,
649,查,5133,1,
650,洗,5123,1,
651,研,5122,1,
652,规,5119,1,
653,卡,5109,1,
654,乎,5095,1,
655,右,5070,1,
656,餐,5065,1,
657,船,5056,1,
658,草,5054,1,
659,街,5028,1,
660,尔,5021,1,
661,脸,5014,1,
662,绍,5009,1,
663,尽,5003,1,
664,土,5001,1,
665,战,5001,1,
666,存,4992,1,
667,售,4980,1,
668,害,4977,1,
669,纸,4966,1,
670,祝,4957,1,
671,质,4956,1,
672,段,4932,1,
673,引,4932,1,
674,迎,4914,1,
675,屋,4908,1,
676,奇,4891,1,
677,冬,4847,1,
678,楚,4810,1,
679,静,4788,1,
680,落,4775,1,
681,断,4767,1,
682,终,4753,1,
683,跳,4741,1,
684,即,4678,1,
685,职,4674,1,
686,厂,4663,1,
687,短,4661,1,
688,健,4657,1,
689,趣,4643,1,
690,续,4630,1,
691,争,4620,1,
692,典,4616,1,
693,标,4611,1,
694,妻,4607,1,
695,佳,4591,1,
696,低,4591,1,
697,似,4573,1,
698,甚,4572,1,
699,府,4558,1,
700,初,4542,1,
701,仅,4534,1,
702,证,4533,1,
703,怪,4494,1,
704,众,4489,1,
705,顾,4479,1,
706,适,4474,1,
707,麻,4473,1,
708,烟,4470,1,
709,细,4453,1,
710,剧,4452,1,
711,秋,4404,1,
712,底,4388,1,
713,艺,4378,1,
714,啦,4373,1,
715,按,4370,1,
716,乡,4361,1,
717,支,4342,1,
718,待,4333,1,
719,夏,4310,1,
720,罗,4305,1,
721,温,4296,1,
722,帝,4281,1,
723,旁,4273,1,
724,推,4272,1,
725,议,4259,1,
726,哈,4256,1,
727,桌,4255,1,
728,坏,4245,1,
729,姑,4238,1,
730,皮,4238,1,
731,堂,4220,1,
732,围,4216,1,
733,停,4214,1,
734,惯,4210,1,
735,板,4207,1,
736,松,4204,1,
737,舍,4195,1,
738,独,4179,1,
739,顺,4158,1,
740,未,4155,1,
741,赵,4147,1,
742,圆,4146,1,
743,亚,4134,1,
744,普,4128,1,
745,借,4124,1,
746,幸,4117,1,
747,显,4116,1,
748,诗,4112,1,
749,鸡,4103,1,
750,杯,4100,1,
751,巴,4096,1,
752,集,4081,1,
753,态,4060,1,
754,严,4054,1,
755,银,4052,1,
756,劳,4045,1,
757,叶,4041,1,
758,绿,4037,1,
759,赶,4025,1,
760,局,4009,1,
761,朴,4003,1,
762,省,4003,1,
763,舞,3991,1,
764,脚,3979,1,
765,毕,3940,1,
766,器,3939,1,
767,床,3923,1,
768,呼,3908,1,
769,著,3907,1,
770,户,3901,1,
771,铁,3893,1,
772,既,3891,1,
773,彩,3890,1,
774,破,3886,1,
775,型,3880,1,
776,线,3880,1,
777,某,3867,1,
778,康,3860,1,
779,孙,3857,1,
780,皇,3855,1,
781,累,3833,1,
782,营,3828,1,
783,吸,3827,1,
784,印,3820,1,
785,曾,3811,1,
786,担,3786,1,
787,戏,3786,1,
788,官,3786,1,
789,苏,3785,1,
790,狗,3772,1,
791,妇,3765,1,
792,哎,3737,1,
793,油,3722,1,
794,洋,3710,1,
795,须,3696,1,
796,值,3695,1,
797,互,3687,1,
798,灯,3681,1,
799,宜,3678,1,
800,掉,3655,1,
801,背,3650,1,
802,验,3632,1,
803,层,3629,1,
804,令,3620,1,
805,翻,3619,2,
806,团,3614,2,
807,莉,3609,2,
808,列,3609,2,
809,挺,3603,2,
810,突,3603,2,
811,玉,3600,2,
812,杂,3600,2,
813,速,3598,2,
814,末,3594,2,
815,章,3578,2,
816,遇,3578,2,
817,杰,3569,2,
818,烦,3566,2,
819,胡,3536,2,
820,角,3527,2,
821,敢,3517,2,
822,构,3515,2,
823,革,3508,2,
824,预,3505,2,
825,邮,3500,2,
826,源,3490,2,
827,湖,3488,2,
828,划,3484,2,
829,骑,3478,2,
830,宝,3467,2,
831,渐,3460,2,
832,绝,3449,2,
833,译,3448,2,
834,沙,3442,2,
835,虎,3441,2,
836,鸟,3439,2,
837,善,3432,2,
838,遍,3430,2,
839,群,3426,2,
840,素,3426,2,
841,项,3420,2,
842,聊,3406,2,
843,律,3403,2,
844,桥,3388,2,
845,闻,3386,2,
846,佛,3386,2,
847,超,3373,2,
848,鲜,3367,2,
849,充,3351,2,
850,靠,3343,2,
851,武,3343,2,
852,封,3333,2,
853,藏,3331,2,
854,概,3323,2,
855,积,3311,2,
856,权,3310,2,
857,睛,3300,2,
858,份,3299,2,
859,肯,3296,2,
860,否,3294,2,
861,唐,3283,2,
862,努,3275,2,
863,闹,3265,2,
864,投,3263,2,
865,困,3260,2,
866,伤,3259,2,
867,致,3252,2,
868,厅,3250,2,
869,密,3246,2,
870,舒,3234,2,
871,宫,3234,2,
872,状,3215,2,
873,宿,3211,2,
874,尝,3208,2,
875,鞋,3196,2,
876,优,3192,2,
877,牌,3192,2,
878,套,3182,2,
879,胜,3176,2,
880,创,3174,2,
881,孔,3166,2,
882,冰,3162,2,
883,租,3150,2,
884,蛋,3142,2,
885,芳,3135,2,
886,兵,3133,2,
887,熟,3128,2,
888,猫,3126,2,
889,竟,3108,2,
890,烧,3091,2,
891,惊,3085,2,
892,寄,3080,2,
893,羊,3079,2,
894,港,3075,2,
895,旧,3075,2,
896,俗,3075,2,
897,杨,3068,2,
898,丈,3066,2,
899,招,3051,2,
900,散,3050,2,
901,险,3047,2,
902,录,3044,2,
903,峰,3037,2,
904,占,3036,2,
905,责,3036,2,
906,秀,3021,2,
907,永,3014,2,
908,择,3012,2,
909,珍,3008,2,
910,企,2998,2,
911,野,2997,2,
912,铃,2994,2,
913,窗,2989,2,
914,副,2975,2,
915,察,2974,2,
916,依,2974,2,
917,洲,2965,2,
918,智,2963,2,
919,祖,2963,2,
920,效,2958,2,
921,供,2951,2,
922,采,2945,2,
923,疼,2942,2,
924,伯,2929,2,
925,补,2925,2,
926,叔,2921,2,
927,嘴,2911,2,
928,季,2891,2,
929,曲,2884,2,
930,良,2858,2,
931,筑,2856,2,
932,斤,2852,2,
933,仍,2852,2,
934,坚,2846,2,
935,痛,2843,2,
936,微,2835,2,
937,波,2832,2,
938,汤,2829,2,
939,鲁,2816,2,
940,继,2811,2,
941,势,2799,2,
942,婆,2793,2,
943,负,2789,2,
944,模,2786,2,
945,批,2779,2,
946,谓,2778,2,
947,织,2772,2,
948,减,2766,2,
949,丰,2764,2,
950,止,2761,2,
951,挂,2753,2,
952,属,2752,2,
953,陆,2745,2,
954,齐,2730,2,
955,款,2728,2,
956,爬,2727,2,
957,付,2727,2,
958,颜,2726,2,
959,登,2717,2,
960,梦,2716,2,
961,敬,2716,2,
962,退,2709,2,
963,免,2700,2,
964,附,2695,2,
965,率,2695,2,
966,尼,2690,2,
967,临,2690,2,
968,拜,2686,2,
969,净,2677,2,
970,派,2676,2,
971,材,2674,2,
972,忽,2673,2,
973,宾,2665,2,
974,嘛,2663,2,
975,零,2659,2,
976,後,2648,2,
977,益,2646,2,
978,丝,2639,2,
979,墙,2635,2,
980,讨,2627,2,
981,追,2625,2,
982,岛,2622,2,
983,升,2607,2,
984,范,2604,2,
985,哭,2595,2,
986,码,2587,2,
987,获,2585,2,
988,激,2580,2,
989,案,2572,2,
990,博,2563,2,
991,瓶,2554,2,
992,曰,2548,2,
993,宋,2543,2,
994,迷,2539,2,
995,亿,2538,2,
996,疑,2536,2,
997,救,2526,2,
998,承,2522,2,
999,泳,2510,2,
1000,耳,2510,2,
1001,竹,2508,2,
1002,伙,2505,2,
1003,饮,2500,2,
1004,鸭,2498,2,
1005,压,2493,2,
1006,架,2487,2,
1007,警,2479,2,
1008,折,2478,2,
1009,授,2473,2,
1010,乱,2472,2,
1011,露,2472,2,
1012,余,2461,2,
1013,缺,2461,2,
1014,抽,2460,2,
1015,盘,2454,2,
1016,豆,2437,2,
1017,释,2435,2,
1018,尚,2432,2,
1019,抱,2429,2,
1020,偷,2427,2,
1021,访,2420,2,
1022,麦,2409,2,
1023,冲,2406,2,
1024,冒,2404,2,
1025,顶,2402,2,
1026,辆,2401,2,
1027,施,2394,2,
1028,维,2390,2,
1029,川,2382,2,
1030,评,2364,2,
1031,财,2363,2,
1032,篇,2355,2,
1033,烈,2354,2,
1034,订,2349,2,
1035,蓝,2346,2,
1036,血,2342,2,
1037,误,2333,2,
1038,托,2325,2,
1039,限,2324,2,
1040,尊,2317,2,
1041,拍,2315,2,
1042,奖,2315,2,
1043,饺,2312,2,
1044,顿,2311,2,
1045,弄,2298,2,
1046,替,2296,2,
1047,喂,2293,2,
1048,搬,2289,2,
1049,怀,2279,2,
1050,欧,2275,2,
1051,咖,2273,2,
1052,君,2268,2,
1053,均,2267,2,
1054,含,2267,2,
1055,遗,2265,2,
1056,牙,2262,2,
1057,灵,2262,2,
1058,於,2244,2,
1059,掌,2244,2,
1060,庆,2243,2,
1061,配,2241,2,
1062,俩,2235,2,
1063,赏,2232,2,
1064,箱,2232,2,
1065,览,2231,2,
1066,甜,2217,2,
1067,吴,2216,2,
1068,操,2216,2,
1069,束,2198,2,
1070,危,2191,2,
1071,置,2188,2,
1072,鼓,2183,2,
1073,征,2174,2,
1074,塔,2171,2,
1075,啡,2168,2,
1076,摇,2168,2,
1077,括,2156,2,
1078,若,2148,2,
1079,播,2145,2,
1080,泰,2144,2,
1081,秦,2143,2,
1082,乘,2142,2,
1083,童,2137,2,
1084,哦,2136,2,
1085,端,2136,2,
1086,梅,2129,2,
1087,井,2126,2,
1088,巧,2122,2,
1089,聪,2116,2,
1090,碗,2114,2,
1091,醒,2111,2,
1092,针,2110,2,
1093,异,2099,2,
1094,降,2097,2,
1095,购,2096,2,
1096,染,2092,2,
1097,握,2091,2,
1098,伦,2087,2,
1099,寒,2083,2,
1100,沉,2083,2,
1101,盛,2071,2,
1102,哲,2070,2,
1103,湾,2064,2,
1104,杀,2063,2,
1105,委,2060,2,
1106,暖,2059,2,
1107,凉,2055,2,
1108,欣,2053,2,
1109,聚,2050,2,
1110,寺,2044,2,
1111,珠,2042,2,
1112,浪,2041,2,
1113,销,2037,2,
1114,虑,2035,2,
1115,防,2032,2,
1116,袋,2030,2,
1117,龄,2025,2,
1118,吹,2023,2,
1119,阅,2020,2,
1120,宁,2020,2,
1121,恐,2018,2,
1122,绩,2011,2,
1123,宗,2003,2,
1124,邻,1998,2,
1125,骨,1994,2,
1126,挑,1992,2,
1127,惠,1985,2,
1128,陪,1980,2,
1129,圣,1978,2,
1130,抓,1973,2,
1131,毒,1971,2,
1132,币,1966,2,
1133,守,1962,2,
1134,戴,1957,2,
1135,植,1954,2,
1136,斗,1954,2,
1137,胖,1952,2,
1138,略,1948,2,
1139,镜,1945,2,
1140,秘,1935,2,
1141,腿,1934,2,
1142,烤,1934,2,
1143,摆,1932,2,
1144,辛,1927,2,
1145,威,1925,2,
1146,勇,1918,2,
1147,策,1912,2,
1148,喊,1912,2,
1149,述,1907,2,
1150,洞,1905,2,
1151,阶,1896,2,
1152,浩,1895,2,
1153,检,1894,2,
1154,填,1891,2,
1155,迹,1890,2,
1156,丢,1880,2,
1157,逐,1879,2,
1158,朵,1878,2,
1159,版,1878,2,
1160,猜,1877,2,
1161,辣,1875,2,
1162,傅,1874,2,
1163,赞,1870,2,
1164,镇,1864,2,
1165,航,1857,2,
1166,贴,1855,2,
1167,享,1850,2,
1168,糖,1849,2,
1169,盖,1848,2,
1170,宣,1842,2,
1171,偏,1839,2,
1172,络,1836,2,
1173,犯,1836,2,
1174,固,1833,2,
1175,刀,1830,2,
1176,宽,1829,2,
1177,尾,1825,2,
1178,雄,1823,2,
1179,贸,1819,2,
1180,藤,1808,2,
1181,朗,1806,2,
1182,默,1801,2,
1183,巨,1794,2,
1184,闲,1791,2,
1185,党,1788,2,
1186,穷,1784,2,
1187,晨,1777,2,
1188,归,1777,2,
1189,私,1769,2,
1190,炼,1767,2,
1191,碰,1766,2,
1192,训,1760,2,
1193,郎,1759,2,
1194,繁,1759,2,
1195,瓜,1758,2,
1196,编,1753,2,
1197,庄,1746,2,
1198,吉,1745,2,
1199,姨,1741,2,
1200,饿,1741,2,
1201,击,1741,2,
1202,肥,1733,2,
1203,泪,1733,2,
1204,燕,1731,2,
1205,辈,1730,2,
1206,索,1724,2,
1207,拳,1723,2,
1208,判,1723,2,
1209,寻,1722,2,
1210,禁,1722,2,
1211,肚,1721,2,
1212,琴,1719,2,
1213,逛,1718,2,
1214,鬼,1717,2,
1215,淡,1714,2,
1216,恶,1714,2,
1217,幅,1713,2,
1218,搞,1710,2,
1219,席,1709,2,
1220,卷,1702,2,
1221,凡,1699,2,
1222,乌,1699,2,
1223,惜,1698,2,
1224,途,1697,2,
1225,鼻,1692,2,
1226,彼,1684,2,
1227,玲,1681,2,
1228,败,1675,2,
1229,协,1672,2,
1230,朱,1664,2,
1231,糕,1662,2,
1232,恋,1650,2,
1233,枝,1647,2,
1234,伴,1647,2,
1235,蒙,1642,2,
1236,兄,1641,2,
1237,迅,1638,2,
1238,阴,1638,2,
1239,纳,1635,2,
1240,纷,1633,2,
1241,阵,1631,2,
1242,罪,1625,2,
1243,兔,1624,2,
1244,熊,1623,2,
1245,忍,1623,2,
1246,雅,1612,2,
1247,硬,1608,2,
1248,苹,1600,2,
1249,仙,1600,2,
1250,尤,1596,2,
1251,厚,1596,2,
1252,篮,1593,2,
1253,貌,1592,2,
1254,蛇,1589,2,
1255,拥,1588,2,
1256,射,1585,2,
1257,滑,1584,2,
1258,丹,1583,2,
1259,输,1577,2,
1260,荣,1575,2,
1261,鼠,1573,2,
1262,移,1571,2,
1263,贤,1568,2,
1264,拼,1558,2,
1265,仿,1556,2,
1266,椅,1554,2,
1267,献,1554,2,
1268,县,1553,2,
1269,序,1553,2,
1270,暗,1547,2,
1271,啤,1546,2,
1272,透,1544,2,
1273,映,1543,2,
1274,岸,1538,2,
1275,培,1535,2,
1276,森,1534,2,
1277,壮,1533,2,
1278,股,1532,2,
1279,汇,1530,2,
1280,恩,1514,2,
1281,诚,1514,2,
1282,签,1512,2,
1283,弹,1510,2,
1284,申,1509,2,
1285,域,1504,2,
1286,避,1503,2,
1287,伸,1503,2,
1288,慧,1501,2,
1289,扫,1500,2,
1290,仔,1498,2,
1291,贫,1494,2,
1292,炒,1493,2,
1293,轮,1490,2,
1294,奋,1488,2,
1295,虚,1486,2,
1296,旗,1484,2,
1297,祥,1483,2,
1298,灰,1483,2,
1299,雷,1479,2,
1300,脱,1476,2,
1301,庙,1472,2,
1302,载,1472,2,
1303,酸,1471,2,
1304,诸,1468,2,
1305,扬,1466,2,
1306,饼,1465,2,
1307,锻,1461,2,
1308,愉,1459,2,
1309,亡,1456,2,
1310,贝,1455,2,
1311,钢,1450,2,
1312,敏,1444,2,
1313,嗯,1439,2,
1314,踢,1436,2,
1315,迟,1435,2,
1316,悲,1435,2,
1317,梁,1433,2,
1318,池,1433,2,
1319,挤,1425,2,
1320,污,1425,2,
1321,厉,1424,2,
1322,棒,1421,2,
1323,呆,1419,2,
1324,伊,1418,2,
1325,泥,1415,2,
1326,姻,1411,2,
1327,剪,1411,2,
1328,软,1411,2,
1329,摸,1410,2,
1330,仁,1406,2,
1331,杭,1401,2,
1332,桂,1392,2,
1333,奥,1392,2,
1334,坡,1388,2,
1335,盒,1385,2,
1336,稳,1384,2,
1337,谷,1382,2,
1338,描,1380,2,
1339,厨,1379,2,
1340,漫,1376,2,
1341,础,1374,2,
1342,辞,1373,2,
1343,暑,1371,2,
1344,猴,1371,2,
1345,灾,1369,2,
1346,测,1369,2,
1347,锅,1363,2,
1348,腐,1360,2,
1349,寿,1356,2,
1350,帽,1352,2,
1351,吵,1350,2,
1352,竞,1347,2,
1353,稍,1347,2,
1354,挥,1345,2,
1355,隆,1345,2,
1356,洁,1345,2,
1357,贺,1343,2,
1358,弱,1343,2,
1359,探,1334,2,
1360,劝,1331,2,
1361,铺,1330,2,
1362,刺,1329,2,
1363,虫,1328,2,
1364,疗,1323,2,
1365,偶,1321,2,
1366,棵,1318,2,
1367,猪,1315,2,
1368,逃,1313,2,
1369,倍,1310,2,
1370,闪,1306,2,
1371,瘦,1298,2,
1372,刮,1298,2,
1373,拾,1296,2,
1374,擦,1295,2,
1375,诞,1291,2,
1376,狼,1288,2,
1377,融,1287,2,
1378,骂,1285,2,
1379,裤,1285,2,
1380,欲,1284,2,
1381,塞,1284,2,
1382,疾,1281,2,
1383,劲,1280,2,
1384,泉,1270,2,
1385,潮,1268,2,
1386,柜,1264,2,
1387,饰,1261,2,
1388,饱,1260,2,
1389,圈,1252,2,
1390,磨,1251,2,
1391,灭,1250,2,
1392,莫,1249,2,
1393,臣,1249,2,
1394,抬,1245,2,
1395,纯,1242,2,
1396,粉,1241,2,
1397,洛,1237,2,
1398,拔,1233,2,
1399,弯,1229,2,
1400,悄,1228,2,
1401,殿,1227,2,
1402,孝,1227,2,
1403,壁,1227,2,
1404,毫,1226,2,
1405,扩,1224,2,
1406,址,1219,2,
1407,津,1219,2,
1408,瞧,1214,2,
1409,盾,1214,2,
1410,晴,1211,2,
1411,筷,1210,2,
1412,符,1209,2,
1413,叹,1206,2,
1414,吓,1205,2,
1415,促,1204,2,
1416,卧,1204,2,
1417,隔,1203,2,
1418,央,1200,2,
1419,妙,1196,2,
1420,损,1195,2,
1421,晓,1190,2,
1422,额,1188,2,
1423,桃,1184,2,
1424,拐,1181,2,
1425,脏,1178,2,
1426,奔,1178,2,
1427,佐,1177,2,
1428,控,1176,2,
1429,躺,1175,2,
1430,唉,1171,2,
1431,旦,1170,2,
1432,横,1166,2,
1433,隐,1166,2,
1434,析,1165,2,
1435,勤,1165,2,
1436,距,1160,2,
1437,悉,1159,2,
1438,伞,1158,2,
1439,敌,1157,2,
1440,郑,1151,2,
1441,戒,1147,2,
1442,抗,1146,2,
1443,暴,1146,2,
1444,剩,1140,2,
1445,糊,1139,2,
1446,弃,1137,2,
1447,裙,1135,2,
1448,哇,1132,2,
1449,沿,1130,2,
1450,徐,1126,2,
1451,孟,1124,2,
1452,堆,1124,2,
1453,舌,1122,2,
1454,矛,1116,2,
1455,雕,1116,2,
1456,延,1110,2,
1457,残,1109,2,
1458,亭,1108,2,
1459,徒,1108,2,
1460,递,1092,2,
1461,缘,1088,2,
1462,沟,1087,2,
1463,娃,1086,2,
1464,曹,1084,2,
1465,刷,1083,2,
1466,喻,1081,2,
1467,裹,1072,2,
1468,尖,1071,2,
1469,执,1069,2,
1470,棋,1068,2,
1471,废,1068,2,
1472,墓,1067,2,
1473,墨,1065,2,
1474,幼,1062,2,
1475,抢,1060,2,
1476,氏,1059,2,
1477,挣,1059,2,
1478,仪,1058,2,
1479,泡,1057,2,
1480,汗,1056,2,
1481,薄,1052,2,
1482,添,1051,2,
1483,耐,1049,2,
1484,粮,1048,2,
1485,盆,1047,2,
1486,屈,1044,2,
1487,颗,1042,2,
1488,醉,1042,2,
1489,攻,1040,2,
1490,摩,1039,2,
1491,启,1038,2,
1492,敲,1035,2,
1493,衫,1034,2,
1494,菲,1030,2,
1495,励,1030,2,
1496,腰,1029,2,
1497,姥,1027,2,
1498,殊,1027,2,
1499,吾,1026,2,
1500,罢,1025,2,
1501,亦,1021,2,
1502,滋,1021,2,
1503,搭,1019,2,
1504,奏,1014,2,
1505,涛,1013,2,
1506,谊,1012,2,
1507,撞,1011,2,
1508,孤,1011,2,
1509,陵,1009,2,
1510,粗,1009,2,
1511,泛,1008,2,
1512,缩,1008,2,
1513,患,1006,2,
1514,辅,1005,2,
1515,迈,1004,2,
1516,夹,998,2,
1517,枪,997,2,
1518,驾,997,2,
1519,仰,997,2,
1520,凭,996,2,
1521,予,996,2,
1522,夕,996,2,
1523,幕,995,2,
1524,浓,993,2,
1525,恨,990,2,
1526,混,990,2,
1527,恭,989,2,
1528,堵,984,2,
1529,眉,980,2,
1530,噢,979,2,
1531,帕,975,2,
1532,厌,975,2,
1533,震,975,2,
1534,冠,975,2,
1535,慕,972,2,
1536,炸,971,2,
1537,飘,970,2,
1538,坛,970,2,
1539,忆,969,2,
1540,丙,967,2,
1541,愁,967,2,
1542,咳,966,2,
1543,嫁,964,2,
1544,匹,961,2,
1545,悟,961,2,
1546,苗,960,2,
1547,陶,958,2,
1548,核,954,2,
1549,赢,952,2,
1550,册,952,2,
1551,趟,950,2,
1552,摊,950,2,
1553,触,949,2,
1554,韵,949,2,
1555,柳,947,2,
1556,俄,945,2,
1557,扔,943,2,
1558,忧,938,2,
1559,杜,937,2,
1560,骗,937,2,
1561,夸,936,2,
1562,狮,935,2,
1563,糟,934,2,
1564,箭,928,2,
1565,遭,928,2,
1566,扇,925,2,
1567,吐,924,2,
1568,番,922,2,
1569,监,922,2,
1570,摔,921,2,
1571,羽,920,2,
1572,埋,920,2,
1573,扮,919,2,
1574,怨,918,2,
1575,姬,917,2,
1576,渴,916,2,
1577,舅,916,2,
1578,籍,915,2,
1579,豪,915,2,
1580,闭,914,2,
1581,尺,910,2,
1582,怒,909,2,
1583,歉,906,2,
1584,郊,903,2,
1585,绕,901,2,
1586,衬,900,2,
1587,乏,899,2,
1588,滚,898,2,
1589,亏,897,2,
1590,悠,897,2,
1591,碎,896,2,
1592,躲,889,2,
1593,迫,889,2,
1594,幽,888,2,
1595,税,887,2,
1596,炎,887,2,
1597,姜,886,2,
1598,艰,886,2,
1599,插,886,2,
1600,障,885,2,
1601,趋,884,2,
1602,坦,882,2,
1603,霞,878,2,
1604,剑,871,2,
1605,扎,871,2,
1606,宴,871,2,
1607,漠,868,2,
1608,忌,868,2,
1609,荷,863,2,
1610,爆,862,2,
1611,煮,861,2,
1612,聘,861,2,
1613,阔,861,2,
1614,圾,860,2,
1615,澡,857,2,
1616,蔬,856,2,
1617,戚,856,2,
1618,咬,853,2,
1619,涉,853,2,
1620,铜,853,2,
1621,恰,852,2,
1622,萄,851,2,
1623,嫂,850,2,
1624,莲,848,2,
1625,炮,848,2,
1626,猛,848,2,
1627,葡,846,2,
1628,湿,846,2,
1629,缓,846,2,
1630,袍,845,3,
1631,甘,844,3,
1632,罚,844,3,
1633,摄,844,3,
1634,贡,842,3,
1635,笼,842,3,
1636,匆,841,3,
1637,垃,838,3,
1638,忠,838,3,
1639,串,837,3,
1640,烂,836,3,
1641,哟,835,3,
1642,届,833,3,
1643,捉,832,3,
1644,媒,832,3,
1645,蜜,832,3,
1646,慌,831,3,
1647,柔,829,3,
1648,踏,828,3,
1649,浅,826,3,
1650,浮,826,3,
1651,紫,825,3,
1652,犹,824,3,
1653,闷,824,3,
1654,邀,823,3,
1655,匙,822,3,
1656,泽,820,3,
1657,侵,820,3,
1658,昏,819,3,
1659,刊,817,3,
1660,岩,816,3,
1661,裁,816,3,
1662,乃,815,3,
1663,壶,815,3,
1664,拖,814,3,
1665,尘,814,3,
1666,崇,813,3,
1667,傲,807,3,
1668,胆,806,3,
1669,郭,803,3,
1670,祭,802,3,
1671,碑,801,3,
1672,梯,801,3,
1673,矣,800,3,
1674,疆,800,3,
1675,汁,799,3,
1676,扑,798,3,
1677,缝,798,3,
1678,塑,798,3,
1679,宇,792,3,
1680,皆,791,3,
1681,赚,789,3,
1682,涂,783,3,
1683,鞭,782,3,
1684,慰,780,3,
1685,璃,780,3,
1686,唯,776,3,
1687,氛,775,3,
1688,柴,774,3,
1689,肃,770,3,
1690,憾,769,3,
1691,寸,768,3,
1692,寓,768,3,
1693,猎,768,3,
1694,昆,767,3,
1695,咸,766,3,
1696,铅,766,3,
1697,丧,765,3,
1698,扰,764,3,
1699,悔,761,3,
1700,肩,758,3,
1701,牧,757,3,
1702,衡,755,3,
1703,醋,755,3,
1704,狂,755,3,
1705,翁,754,3,
1706,巾,752,3,
1707,恼,751,3,
1708,萍,750,3,
1709,钻,749,3,
1710,兼,748,3,
1711,愈,746,3,
1712,夺,746,3,
1713,绳,744,3,
1714,舟,741,3,
1715,胸,741,3,
1716,荒,741,3,
1717,迁,740,3,
1718,账,740,3,
1719,键,739,3,
1720,页,738,3,
1721,狐,738,3,
1722,估,736,3,
1723,频,736,3,
1724,怜,734,3,
1725,洪,734,3,
1726,谋,733,3,
1727,瓷,733,3,
1728,症,733,3,
1729,扶,732,3,
1730,黎,730,3,
1731,倾,724,3,
1732,叙,716,3,
1733,凤,715,3,
1734,荡,715,3,
1735,宵,713,3,
1736,返,713,3,
1737,芹,712,3,
1738,绸,711,3,
1739,盼,709,3,
1740,眠,708,3,
1741,岳,708,3,
1742,脆,707,3,
1743,钥,706,3,
1744,丑,706,3,
1745,滴,706,3,
1746,盐,705,3,
1747,拒,705,3,
1748,辉,705,3,
1749,抵,705,3,
1750,综,704,3,
1751,库,704,3,
1752,奉,703,3,
1753,羡,702,3,
1754,谐,702,3,
1755,阻,700,3,
1756,颐,699,3,
1757,儒,698,3,
1758,酱,698,3,
1759,腾,696,3,
1760,询,695,3,
1761,审,695,3,
1762,佩,689,3,
1763,懒,687,3,
1764,绪,685,3,
1765,详,684,3,
1766,桑,683,3,
1767,蒂,680,3,
1768,寂,677,3,
1769,叠,677,3,
1770,渡,677,3,
1771,厕,674,3,
1772,肖,674,3,
1773,锁,674,3,
1774,媳,674,3,
1775,滨,672,3,
1776,扣,672,3,
1777,挖,671,3,
1778,措,670,3,
1779,恢,669,3,
1780,扭,669,3,
1781,摘,668,3,
1782,振,668,3,
1783,讯,668,3,
1784,诺,665,3,
1785,滩,665,3,
1786,赔,664,3,
1787,矿,663,3,
1788,伍,661,3,
1789,宅,661,3,
1790,棉,661,3,
1791,跃,660,3,
1792,娱,659,3,
1793,鸣,659,3,
1794,魏,657,3,
1795,瓦,657,3,
1796,稀,657,3,
1797,纽,656,3,
1798,蝶,656,3,
1799,蕉,655,3,
1800,豫,654,3,
1801,胃,654,3,
1802,趁,653,3,
1803,慈,653,3,
1804,仲,652,3,
1805,辨,650,3,
1806,赖,650,3,
1807,俊,649,3,
1808,燃,649,3,
1809,矮,646,3,
1810,乒,641,3,
1811,岗,641,3,
1812,侯,639,3,
1813,遥,639,3,
1814,盲,637,3,
1815,谅,636,3,
1816,勒,634,3,
1817,梨,630,3,
1818,乓,630,3,
1819,砍,630,3,
1820,苍,629,3,
1821,侧,627,3,
1822,葛,626,3,
1823,泼,626,3,
1824,窝,626,3,
1825,敦,624,3,
1826,仗,623,3,
1827,峡,621,3,
1828,葬,621,3,
1829,刑,619,3,
1830,晒,618,3,
1831,乔,616,3,
1832,淋,616,3,
1833,驼,615,3,
1834,俱,614,3,
1835,魔,614,3,
1836,狸,613,3,
1837,嗓,613,3,
1838,疲,612,3,
1839,溜,612,3,
1840,誉,612,3,
1841,瑞,611,3,
1842,谦,611,3,
1843,骄,610,3,
1844,傻,610,3,
1845,妆,610,3,
1846,挨,609,3,
1847,愚,609,3,
1848,炉,609,3,
1849,雾,608,3,
1850,拨,606,3,
1851,膀,606,3,
1852,姿,606,3,
1853,嗽,605,3,
1854,焦,604,3,
1855,稿,604,3,
1856,捐,600,3,
1857,润,595,3,
1858,允,594,3,
1859,逢,594,3,
1860,齿,591,3,
1861,跨,591,3,
1862,臭,589,3,
1863,卜,589,3,
1864,哀,589,3,
1865,陷,589,3,
1866,伏,588,3,
1867,绘,588,3,
1868,厦,588,3,
1869,愤,588,3,
1870,暂,587,3,
1871,违,587,3,
1872,菊,586,3,
1873,牢,585,3,
1874,幻,584,3,
1875,钓,583,3,
1876,澳,583,3,
1877,崔,582,3,
1878,督,581,3,
1879,辩,579,3,
1880,玻,578,3,
1881,旺,578,3,
1882,毁,577,3,
1883,曼,575,3,
1884,奈,575,3,
1885,牵,575,3,
1886,鸦,574,3,
1887,肤,573,3,
1888,贩,572,3,
1889,捕,571,3,
1890,诊,571,3,
1891,径,569,3,
1892,兽,569,3,
1893,龟,568,3,
1894,蛙,567,3,
1895,艳,567,3,
1896,倡,566,3,
1897,碧,566,3,
1898,筋,565,3,
1899,晋,564,3,
1900,遵,564,3,
1901,笨,563,3,
1902,芬,563,3,
1903,虾,563,3,
1904,帅,562,3,
1905,鹅,562,3,
1906,淘,561,3,
1907,胞,560,3,
1908,帐,558,3,
1909,嘉,556,3,
1910,裂,556,3,
1911,脾,555,3,
1912,锦,555,3,
1913,召,554,3,
1914,颇,551,3,
1915,岭,551,3,
1916,凑,551,3,
1917,袖,551,3,
1918,捡,550,3,
1919,腊,550,3,
1920,驶,550,3,
1921,呵,549,3,
1922,薪,546,3,
1923,盗,545,3,
1924,潜,544,3,
1925,涨,543,3,
1926,贯,542,3,
1927,蓄,541,3,
1928,践,540,3,
1929,拆,540,3,
1930,堡,539,3,
1931,冻,538,3,
1932,碍,537,3,
1933,晃,537,3,
1934,耗,536,3,
1935,惑,536,3,
1936,掏,533,3,
1937,涌,531,3,
1938,蒸,530,3,
1939,柱,530,3,
1940,液,530,3,
1941,骆,529,3,
1942,蜂,529,3,
1943,祸,528,3,
1944,循,528,3,
1945,瑰,527,3,
1946,衰,526,3,
1947,撒,525,3,
1948,烛,524,3,
1949,辑,522,3,
1950,鹿,521,3,
1951,歇,521,3,
1952,惟,521,3,
1953,宠,520,3,
1954,逼,519,3,
1955,磁,519,3,
1956,瞎,518,3,
1957,溪,516,3,
1958,椒,515,3,
1959,筝,514,3,
1960,董,514,3,
1961,雀,513,3,
1962,脉,512,3,
1963,凯,511,3,
1964,廊,510,3,
1965,彻,509,3,
1966,爹,508,3,
1967,贷,508,3,
1968,橘,508,3,
1969,郁,508,3,
1970,偿,507,3,
1971,氧,507,3,
1972,喷,504,3,
1973,截,502,3,
1974,嫌,500,3,
1975,驴,500,3,
1976,耕,500,3,
1977,渔,500,3,
1978,羞,499,3,
1979,鉴,499,3,
1980,谱,498,3,
1981,矗,497,3,
1982,煤,497,3,
1983,粽,496,3,
1984,割,496,3,
1985,斜,495,3,
1986,镐,494,3,
1987,哼,494,3,
1988,筒,494,3,
1989,僧,493,3,
1990,稻,493,3,
1991,魂,492,3,
1992,欺,491,3,
1993,欠,490,3,
1994,襄,489,3,
1995,罐,489,3,
1996,腻,486,3,
1997,宙,484,3,
1998,爽,484,3,
1999,粒,483,3,
2000,鹰,481,3,
2001,窄,479,3,
2002,俑,479,3,
2003,叉,479,3,
2004,茫,479,3,
2005,畅,478,3,
2006,焉,477,3,
2007,垂,477,3,
2008,匠,477,3,
2009,玫,476,3,
2010,债,476,3,
2011,秒,475,3,
2012,袁,474,3,
2013,萝,472,3,
2014,嘿,471,3,
2015,茂,471,3,
2016,壳,470,3,
2017,狠,470,3,
2018,浴,469,3,
2019,翅,468,3,
2020,邦,468,3,
2021,蜡,468,3,
2022,兑,468,3,
2023,艾,466,3,
2024,乳,466,3,
2025,霉,465,3,
2026,抹,465,3,
2027,唤,464,3,
2028,牲,463,3,
2029,嫩,463,3,
2030,葱,463,3,
2031,捷,463,3,
2032,傍,461,3,
2033,廉,461,3,
2034,凶,461,3,
2035,棍,460,3,
2036,娶,459,3,
2037,雁,458,3,
2038,呈,458,3,
2039,旋,458,3,
2040,浑,455,3,
2041,悦,455,3,
2042,汪,454,3,
2043,栏,453,3,
2044,弥,452,3,
2045,狱,452,3,
2046,沈,451,3,
2047,悬,451,3,
2048,乖,450,3,
2049,抖,450,3,
2050,圳,448,3,
2051,荐,448,3,
2052,纲,448,3,
2053,浙,447,3,
2054,泊,447,3,
2055,缸,447,3,
2056,胶,447,3,
2057,谜,445,3,
2058,茅,444,3,
2059,柿,443,3,
2060,侍,442,3,
2061,枯,442,3,
2062,哗,441,3,
2063,洒,440,3,
2064,竖,439,3,
2065,轿,439,3,
2066,乾,439,3,
2067,丛,439,3,
2068,旱,439,3,
2069,陌,437,3,
2070,吞,437,3,
2071,裕,434,3,
2072,吨,433,3,
2073,砖,433,3,
2074,愧,432,3,
2075,勃,432,3,
2076,霸,431,3,
2077,徽,430,3,
2078,贪,430,3,
2079,脖,429,3,
2080,烫,428,3,
2081,蹈,427,3,
2082,役,427,3,
2083,坑,427,3,
2084,唇,427,3,
2085,丘,426,3,
2086,婴,426,3,
2087,凌,426,3,
2088,酷,426,3,
2089,杆,426,3,
2090,栽,425,3,
2091,捧,424,3,
2092,挡,424,3,
2093,吊,423,3,
2094,纹,423,3,
2095,肠,423,3,
2096,浦,422,3,
2097,恒,422,3,
2098,祈,422,3,
2099,巷,420,3,
2100,轰,420,3,
2101,奴,419,3,
2102,逗,418,3,
2103,跌,417,3,
2104,埃,416,3,
2105,轨,416,3,
2106,邓,415,3,
2107,寞,415,3,
2108,疯,415,3,
2109,怡,414,3,
2110,碟,414,3,
2111,赫,413,3,
2112,袜,413,3,
2113,灌,413,3,
2114,赤,412,3,
2115,伐,412,3,
2116,疏,412,3,
2117,凝,411,3,
2118,抛,409,3,
2119,皱,409,3,
2120,催,408,3,
2121,盟,408,3,
2122,冈,407,3,
2123,援,406,3,
2124,慎,406,3,
2125,廷,406,3,
2126,妨,405,3,
2127,煌,405,3,
2128,晕,405,3,
2129,翼,405,3,
2130,披,404,3,
2131,睁,402,3,
2132,蔡,401,3,
2133,厢,401,3,
2134,毅,401,3,
2135,覆,401,3,
2136,孕,401,3,
2137,桶,399,3,
2138,虹,399,3,
2139,撑,399,3,
2140,储,399,3,
2141,潭,398,3,
2142,矩,398,3,
2143,塘,398,3,
2144,搜,398,3,
2145,钉,397,3,
2146,档,397,3,
2147,寨,397,3,
2148,翠,396,3,
2149,馅,396,3,
2150,卢,395,3,
2151,芝,395,3,
2152,屏,394,3,
2153,劣,393,3,
2154,茉,392,3,
2155,绣,392,3,
2156,锋,392,3,
2157,纵,392,3,
2158,坟,390,3,
2159,臂,389,3,
2160,胎,388,3,
2161,蝴,386,3,
2162,酬,386,3,
2163,攀,386,3,
2164,押,386,3,
2165,惨,385,3,
2166,勉,384,3,
2167,揭,384,3,
2168,嚷,383,3,
2169,链,382,3,
2170,肺,382,3,
2171,赠,382,3,
2172,瘾,382,3,
2173,嘻,380,3,
2174,婷,377,3,
2175,瀑,376,3,
2176,弓,375,3,
2177,髦,375,3,
2178,鹤,375,3,
2179,耽,374,3,
2180,粥,374,3,
2181,宰,374,3,
2182,癌,374,3,
2183,抚,372,3,
2184,穆,371,3,
2185,樱,370,3,
2186,灶,369,3,
2187,晏,367,3,
2188,芦,366,3,
2189,淮,366,3,
2190,凳,366,3,
2191,辱,366,3,
2192,碌,365,3,
2193,纱,365,3,
2194,菇,364,3,
2195,阁,363,3,
2196,巫,363,3,
2197,逝,363,3,
2198,晶,363,3,
2199,胁,362,3,
2200,豹,362,3,
2201,殖,362,3,
2202,歧,361,3,
2203,署,361,3,
2204,斧,361,3,
2205,谎,360,3,
2206,腔,360,3,
2207,辽,358,3,
2208,寡,358,3,
2209,掩,358,3,
2210,庸,358,3,
2211,堪,357,3,
2212,岂,357,3,
2213,遂,356,3,
2214,贾,355,3,
2215,玄,355,3,
2216,捞,355,3,
2217,痕,355,3,
2218,漏,354,3,
2219,剂,354,3,
2220,蚁,352,3,
2221,浇,352,3,
2222,诱,352,3,
2223,咕,352,3,
2224,唔,351,3,
2225,吻,351,3,
2226,尸,351,3,
2227,燥,350,4,
2228,遮,350,4,
2229,袭,350,4,
2230,吕,349,4,
2231,窟,349,4,
2232,馒,348,4,
2233,仓,348,4,
2234,衷,348,4,
2235,惧,347,4,
2236,漆,346,4,
2237,履,346,4,
2238,御,346,4,
2239,芽,346,4,
2240,昂,346,4,
2241,拟,346,4,
2242,牡,345,4,
2243,柏,344,4,
2244,涵,343,4,
2245,踩,342,4,
2246,歪,342,4,
2247,逆,342,4,
2248,仇,342,4,
2249,坊,341,4,
2250,惹,340,4,
2251,帆,340,4,
2252,雇,339,4,
2253,牺,338,4,
2254,娇,337,4,
2255,壤,335,4,
2256,弦,334,4,
2257,喘,334,4,
2258,榜,334,4,
2259,绵,333,4,
2260,株,332,4,
2261,瞪,332,4,
2262,顽,332,4,
2263,勿,330,4,
2264,抄,330,4,
2265,耍,330,4,
2266,烹,330,4,
2267,抑,329,4,
2268,嗨,328,4,
2269,删,328,4,
2270,畏,327,4,
2271,扯,324,4,
2272,讳,324,4,
2273,赋,324,4,
2274,杏,324,4,
2275,舱,323,4,
2276,婶,321,4,
2277,庞,320,4,
2278,鸿,319,4,
2279,倦,319,4,
2280,慨,318,4,
2281,驻,316,4,
2282,嘱,316,4,
2283,梳,316,4,
2284,灿,315,4,
2285,蚂,314,4,
2286,跪,314,4,
2287,谨,314,4,
2288,遣,314,4,
2289,锡,313,4,
2290,妥,312,4,
2291,闯,311,4,
2292,削,311,4,
2293,钩,310,4,
2294,纠,310,4,
2295,卑,310,4,
2296,咐,309,4,
2297,兜,309,4,
2298,熬,308,4,
2299,乞,307,4,
2300,膏,307,4,
2301,呜,307,4,
2302,饥,307,4,
2303,姆,306,4,
2304,脂,306,4,
2305,捏,305,4,
2306,厘,305,4,
2307,邪,304,4,
2308,宏,304,4,
2309,爪,303,4,
2310,恳,303,4,
2311,煎,302,4,
2312,勺,302,4,
2313,讶,301,4,
2314,屁,301,4,
2315,毯,301,4,
2316,哑,301,4,
2317,甫,300,4,
2318,赌,300,4,
2319,芒,299,4,
2320,蒋,298,4,
2321,侨,298,4,
2322,愣,298,4,
2323,斑,297,4,
2324,萨,296,4,
2325,贼,295,4,
2326,枕,295,4,
2327,仆,295,4,
2328,浆,295,4,
2329,蚊,294,4,
2330,弊,294,4,
2331,蓬,294,4,
2332,蒜,294,4,
2333,沾,293,4,
2334,崎,292,4,
2335,啥,292,4,
2336,罩,292,4,
2337,盯,291,4,
2338,秩,289,4,
2339,膊,289,4,
2340,诵,289,4,
2341,踪,289,4,
2342,砸,288,4,
2343,斥,288,4,
2344,伪,288,4,
2345,祀,287,4,
2346,霜,286,4,
2347,怖,286,4,
2348,筹,286,4,
2349,竿,285,4,
2350,泄,285,4,
2351,框,284,4,
2352,驱,284,4,
2353,隶,283,4,
2354,耀,283,4,
2355,扁,282,4,
2356,魅,281,4,
2357,哉,281,4,
2358,肌,281,4,
2359,辟,281,4,
2360,狭,281,4,
2361,屠,280,4,
2362,挽,280,4,
2363,巢,279,4,
2364,辰,279,4,
2365,肝,279,4,
2366,颤,279,4,
2367,鸽,278,4,
2368,赴,278,4,
2369,吁,278,4,
2370,棚,278,4,
2371,胳,275,4,
2372,驰,275,4,
2373,械,274,4,
2374,茄,274,4,
2375,绒,274,4,
2376,帖,274,4,
2377,塌,273,4,
2378,枚,272,4,
2379,捆,272,4,
2380,蹦,272,4,
2381,皂,272,4,
2382,洽,272,4,
2383,弗,271,4,
2384,耶,271,4,
2385,瞒,271,4,
2386,婉,271,4,
2387,勾,271,4,
2388,堤,271,4,
2389,炭,270,4,
2390,眨,270,4,
2391,携,270,4,
2392,耻,270,4,
2393,螺,270,4,
2394,惩,269,4,
2395,腹,269,4,
2396,拌,269,4,
2397,盈,268,4,
2398,吟,267,4,
2399,誓,267,4,
2400,薯,265,4,
2401,亩,263,4,
2402,葫,263,4,
2403,咽,263,4,
2404,剥,263,4,
2405,峻,262,4,
2406,灸,261,4,
2407,挫,261,4,
2408,笛,261,4,
2409,尿,261,4,
2410,鹊,260,4,
2411,喉,260,4,
2412,颈,260,4,
2413,敞,259,4,
2414,撇,258,4,
2415,啼,258,4,
2416,蹲,258,4,
2417,帘,258,4,
2418,枣,258,4,
2419,蘑,257,4,
2420,扒,257,4,
2421,拱,256,4,
2422,俭,256,4,
2423,侠,256,4,
2424,妖,254,4,
2425,翔,253,4,
2426,叮,253,4,
2427,轩,251,4,
2428,喇,251,4,
2429,劫,251,4,
2430,券,251,4,
2431,戈,250,4,
2432,呐,249,4,
2433,哄,249,4,
2434,渊,249,4,
2435,硕,249,4,
2436,拓,249,4,
2437,禽,249,4,
2438,橡,248,4,
2439,暇,247,4,
2440,搏,247,4,
2441,楷,246,4,
2442,倘,246,4,
2443,躁,246,4,
2444,猩,246,4,
2445,骤,245,4,
2446,蟹,245,4,
2447,旬,245,4,
2448,浸,245,4,
2449,鼎,244,4,
2450,枫,244,4,
2451,嘲,244,4,
2452,滥,244,4,
2453,哨,244,4,
2454,暮,243,4,
2455,菌,243,4,
2456,椰,243,4,
2457,犬,242,4,
2458,夷,242,4,
2459,侄,242,4,
2460,郝,241,4,
2461,穴,241,4,
2462,巡,241,4,
2463,黛,240,4,
2464,赐,240,4,
2465,缠,240,4,
2466,迪,240,4,
2467,饶,239,4,
2468,橙,239,4,
2469,搁,238,4,
2470,淹,238,4,
2471,杖,238,4,
2472,辫,237,4,
2473,嫦,236,4,
2474,娥,236,4,
2475,甩,236,4,
2476,刹,234,4,
2477,昭,233,4,
2478,咨,233,4,
2479,稼,233,4,
2480,檐,233,4,
2481,贬,233,4,
2482,哩,231,4,
2483,讽,231,4,
2484,泣,231,4,
2485,罕,231,4,
2486,畜,231,4,
2487,娟,229,4,
2488,舆,229,4,
2489,苟,228,4,
2490,绑,228,4,
2491,禾,228,4,
2492,颠,228,4,
2493,聋,228,4,
2494,攒,227,4,
2495,祠,227,4,
2496,肿,227,4,
2497,肴,226,4,
2498,砚,226,4,
2499,酿,226,4,
2500,涮,225,4,
2501,渠,225,4,
2502,痒,225,4,
2503,拦,225,4,
2504,冤,225,4,
2505,栋,224,4,
2506,丸,224,4,
2507,鹏,223,4,
2508,屉,223,4,
2509,蠢,222,4,
2510,轴,222,4,
2511,旨,222,4,
2512,喔,221,4,
2513,卿,221,4,
2514,甭,221,4,
2515,纺,221,4,
2516,咦,220,4,
2517,掘,220,4,
2518,顷,219,4,
2519,搅,219,4,
2520,锐,219,4,
2521,崖,218,4,
2522,妃,218,4,
2523,竭,218,4,
2524,惭,216,4,
2525,匀,215,4,
2526,逊,214,4,
2527,蚕,214,4,
2528,蕴,214,4,
2529,逻,213,4,
2530,畔,213,4,
2531,膝,213,4,
2532,掀,213,4,
2533,叭,213,4,
2534,窃,213,4,
2535,颂,212,4,
2536,纤,211,4,
2537,粘,210,4,
2538,沫,210,4,
2539,逸,209,4,
2540,脊,209,4,
2541,庐,208,4,
2542,琉,208,4,
2543,幢,207,4,
2544,呗,205,4,
2545,蝇,205,4,
2546,涯,205,4,
2547,囊,205,4,
2548,垫,204,4,
2549,昧,204,4,
2550,琢,203,4,
2551,漓,202,4,
2552,钞,202,4,
2553,槽,202,4,
2554,朽,202,4,
2555,芭,202,4,
2556,凄,202,4,
2557,躬,201,4,
2558,旷,201,4,
2559,舀,200,4,
2560,譬,200,4,
2561,窑,200,4,
2562,妒,200,4,
2563,姚,199,4,
2564,榴,199,4,
2565,撤,199,4,
2566,耸,199,4,
2567,缴,199,4,
2568,疫,199,4,
2569,姊,199,4,
2570,擅,198,4,
2571,拙,198,4,
2572,喽,197,4,
2573,蚌,197,4,
2574,焰,197,4,
2575,噪,197,4,
2576,贱,197,4,
2577,陋,197,4,
2578,艘,196,4,
2579,撕,196,4,
2580,桔,196,4,
2581,酥,196,4,
2582,穗,195,4,
2583,斋,195,4,
2584,凿,195,4,
2585,凰,194,4,
2586,趴,194,4,
2587,睦,194,4,
2588,裳,194,4,
2589,棺,194,4,
2590,昔,193,4,
2591,咚,193,4,
2592,晰,192,4,
2593,眯,192,4,
2594,宪,191,4,
2595,吏,191,4,
2596,卒,190,4,
2597,粤,190,4,
2598,嚼,189,4,
2599,瓣,189,4,
2600,奢,189,4,
2601,奸,189,4,
2602,艇,189,4,
2603,胀,188,4,
2604,咪,188,4,
2605,桩,187,4,
2606,萧,187,4,
2607,叨,187,4,
2608,盏,186,4,
2609,痴,186,4,
2610,佣,186,4,
2611,羚,185,4,
2612,隋,185,4,
2613,颁,185,4,
2614,拘,185,4,
2615,邑,184,4,
2616,阪,184,4,
2617,吼,184,4,
2618,妄,184,4,
2619,秧,184,4,
2620,吱,184,4,
2621,尴,183,4,
2622,尬,183,4,
2623,扛,183,4,
2624,诀,183,4,
2625,缀,182,4,
2626,淀,182,4,
2627,淇,181,4,
2628,揉,181,4,
2629,枉,181,4,
2630,鄙,181,4,
2631,蕾,180,4,
2632,巳,179,4,
2633,霍,179,4,
2634,谣,179,4,
2635,挪,178,4,
2636,莱,177,4,
2637,崩,177,4,
2638,沃,176,4,
2639,逮,176,4,
2640,桓,175,4,
2641,柯,175,4,
2642,渗,175,4,
2643,奠,175,4,
2644,瞬,175,4,
2645,拢,175,4,
2646,匪,174,4,
2647,魄,174,4,
2648,莓,173,4,
2649,蜀,173,4,
2650,衔,173,4,
2651,叛,173,4,
2652,汰,172,4,
2653,菩,172,4,
2654,啄,172,4,
2655,恤,172,4,
2656,衍,172,4,
2657,喳,172,4,
2658,荆,171,4,
2659,睹,171,4,
2660,坪,170,4,
2661,兆,170,4,
2662,粹,170,4,
2663,闺,169,4,
2664,侣,169,4,
2665,稚,169,4,
2666,僻,169,4,
2667,拣,168,4,
2668,砌,168,4,
2669,藉,168,4,
2670,俯,168,4,
2671,妞,167,4,
2672,滔,167,4,
2673,朔,166,4,
2674,卵,166,4,
2675,屑,166,4,
2676,溢,165,4,
2677,祷,164,4,
2678,劈,164,4,
2679,涩,164,4,
2680,婿,163,4,
2681,喀,163,4,
2682,辖,163,4,
2683,肢,163,4,
2684,蛮,162,4,
2685,磕,162,4,
2686,函,162,4,
2687,怯,162,4,
2688,丐,161,4,
2689,栖,161,4,
2690,啪,161,4,
2691,骚,161,4,
2692,凸,160,4,
2693,锣,160,4,
2694,坠,159,4,
2695,抒,159,4,
2696,媚,159,4,
2697,坎,159,4,
2698,侮,158,4,
2699,歹,158,4,
2700,橱,158,4,
2701,掠,157,4,
2702,驳,157,4,
2703,屡,156,4,
2704,契,156,4,
2705,膜,156,4,
2706,傣,155,4,
2707,嗡,155,4,
2708,郡,154,4,
2709,撮,154,4,
2710,沸,154,4,
2711,蛛,153,4,
2712,筐,153,4,
2713,馋,153,4,
2714,襟,153,4,
2715,兹,152,4,
2716,蔓,152,4,
2717,砂,152,4,
2718,蹄,152,4,
2719,陡,150,4,
2720,缕,150,4,
2721,蜘,149,4,
2722,搓,149,4,
2723,禅,149,4,
2724,菠,149,4,
2725,剃,149,4,
2726,庚,148,4,
2727,妾,148,4,
2728,斩,148,4,
2729,磅,148,4,
2730,丫,148,4,
2731,秃,148,4,
2732,磊,147,4,
2733,峨,147,4,
2734,饲,147,4,
2735,笋,147,4,
2736,邹,146,4,
2737,匈,146,4,
2738,犁,146,4,
2739,谚,146,4,
2740,瑶,146,4,
2741,呦,146,4,
2742,嘟,146,4,
2743,汝,145,4,
2744,锯,145,4,
2745,唠,145,4,
2746,昼,145,4,
2747,滞,145,4,
2748,琵,144,4,
2749,琶,144,4,
2750,蔽,144,4,
2751,喧,144,4,
2752,溶,144,4,
2753,嗬,143,4,
2754,鲨,143,4,
2755,墟,143,4,
2756,澜,143,4,
2757,熏,143,4,
2758,丞,143,4,
2759,侃,143,4,
2760,肆,143,4,
2761,遛,143,4,
2762,镑,142,4,
2763,巩,142,4,
2764,靴,142,4,
2765,倚,141,4,
2766,炖,141,4,
2767,恍,141,4,
2768,沛,141,4,
2769,惶,141,4,
2770,杉,140,4,
2771,篆,140,4,
2772,铭,140,4,
2773,叽,140,4,
2774,拇,139,4,
2775,呱,139,4,
2776,颖,138,4,
2777,嗜,138,4,
2778,粪,138,4,
2779,簿,138,4,
2780,蝉,137,4,
2781,吩,136,4,
2782,肪,136,4,
2783,禄,136,4,
2784,搀,136,4,
2785,溺,136,4,
2786,蓉,136,4,
2787,殷,136,4,
2788,囚,136,4,
2789,隙,136,4,
2790,胧,135,4,
2791,馨,135,4,
2792,懈,135,4,
2793,浊,135,4,
2794,瑟,135,4,
2795,卸,135,4,
2796,烘,135,4,
2797,焚,134,4,
2798,屿,134,4,
2799,狡,134,4,
2800,翘,133,4,
2801,辙,133,4,
2802,挚,133,4,
2803,碳,133,4,
2804,缚,132,4,
2805,缆,132,4,
2806,贿,132,4,
2807,僵,132,4,
2808,锤,132,4,
2809,羲,131,4,
2810,鲍,131,4,
2811,寝,131,4,
2812,窍,131,4,
2813,彭,130,4,
2814,朦,130,4,
2815,浏,130,4,
2816,捂,130,4,
2817,泻,130,4,
2818,捣,130,4,
2819,镶,129,4,
2820,雌,129,4,
2821,棕,129,4,
2822,噜,129,4,
2823,豚,128,4,
2824,辜,128,4,
2825,褒,128,4,
2826,钮,128,4,
2827,徊,127,4,
2828,潇,127,4,
2829,沪,127,4,
2830,沏,127,4,
2831,跤,127,4,
2832,膳,127,4,
2833,惦,126,4,
2834,嘎,126,4,
2835,啸,126,4,
2836,诈,126,4,
2837,蹬,125,4,
2838,烁,125,4,
2839,荫,125,4,
2840,驮,125,4,
2841,篱,125,4,
2842,咒,125,4,
2843,墅,124,4,
2844,峭,124,4,
2845,喵,124,4,
2846,揪,123,4,
2847,鸥,123,4,
2848,麟,123,4,
2849,恕,123,4,
2850,琐,123,4,
2851,徘,122,4,
2852,炫,122,4,
2853,垒,122,4,
2854,涕,122,4,
2855,冶,122,4,
2856,豁,122,4,
2857,勋,121,4,
2858,葵,121,4,
2859,伶,121,4,
2860,荔,120,4,
2861,搂,120,4,
2862,柬,120,4,
2863,髓,120,4,
2864,桐,120,4,
2865,撰,120,4,
2866,俺,119,4,
2867,柄,119,4,
2868,徙,119,4,
2869,敷,119,4,
2870,蹭,119,4,
2871,躯,119,4,
2872,裸,119,4,
2873,崭,118,4,
2874,晾,118,4,
2875,亥,118,4,
2876,栩,118,4,
2877,杠,118,4,
2878,爵,118,4,
2879,袱,117,4,
2880,咙,117,4,
2881,冕,117,4,
2882,咧,117,4,
2883,嗦,117,4,
2884,唾,117,4,
2885,袄,117,4,
2886,绰,117,4,
2887,馄,116,4,
2888,刃,116,4,
2889,浒,116,4,
2890,摧,116,4,
2891,绢,116,4,
2892,鞠,115,4,
2893,饨,115,4,
2894,鹃,115,4,
2895,拴,115,4,
2896,炕,115,4,
2897,惰,115,4,
2898,哺,115,4,
2899,褂,115,4,
